{
	"credit": "Made with Blockbench",
	"textures": {
		"0": "block/sonic4",
		"1": "block/yellow_stained_glass"
	},
	"elements": [
		{
			"name": "Cube",
			"from": [7.7, -0.5, 7.7],
			"to": [8.3, 5.5, 8.3],
			"faces": {
				"north": {"uv": [15, 1, 16, 9], "texture": "#0"},
				"east": {"uv": [15, 1, 16, 9], "texture": "#0"},
				"south": {"uv": [15, 1, 16, 9], "texture": "#0"},
				"west": {"uv": [15, 1, 16, 9], "texture": "#0"},
				"up": {"uv": [15, 2, 16, 3], "texture": "#0"},
				"down": {"uv": [15, 5, 16, 6], "texture": "#0"}
			}
		},
		{
			"name": "Cube",
			"from": [7.8, 5.5, 7.8],
			"to": [8.2, 5.7, 8.2],
			"faces": {
				"north": {"uv": [0, 0, 3.8, 1.2], "texture": "#1"},
				"east": {"uv": [0, 0, 2.8, 0.2], "texture": "#1"},
				"south": {"uv": [0, 0, 3.8, 1.2], "texture": "#1"},
				"west": {"uv": [0, 0, 0.8, 5.2], "texture": "#1"},
				"up": {"uv": [0, 0, 15.8, 15.8], "texture": "#1"},
				"down": {"uv": [0, 0, 15.8, 15.8], "texture": "#1"}
			}
		}
	],
	"display": {
		"gui": {
			"rotation": [0, 45, 45],
			"translation": [-6.5, 9.5, 6],
			"scale": [2.5, 2.5, 2.5]
		},
		"ground": {
			"rotation": [80, 0, 0],
			"translation": [0, 1, 0]
		},
		"fixed": {
			"rotation": [0, 0, 0],
			"translation": [0, 8, 0],
			"scale": [2, 2, 2]
		},
		"firstperson_righthand": {
			"rotation": [0, 0, 0],
			"translation": [1.13, 8, 1.13],
			"scale": [1.5, 1.5, 1.5]
		},
		"firstperson_lefthand": {
			"rotation": [0, 0, 0],
			"translation": [1.13, 8, 1.13],
			"scale": [1.5, 1.5, 1.5]
		},
		"thirdperson_righthand": {
			"rotation": [0, 0, 0],
			"translation": [-1, 6, 1],
			"scale": [1.5, 1.5, 1.5]
		},
		"thirdperson_lefthand": {
			"rotation": [0, 0, 0],
			"translation": [-1, 6, 1],
			"scale": [1.5, 1.5, 1.5]
		}
	}
}