{
	"credit": "Made with Blockbench",
	"textures": {
		"0": "block/custard",
		"particle": "block/custard"
	},
	"elements": [
		{
			"from": [3, 1, 5],
			"to": [13, 2, 11],
			"faces": {
				"north": {"uv": [1.53125, 2, 3.3125, 4.5], "texture": "#0"},
				"east": {"uv": [1.53125, 2, 3.3125, 4.5], "texture": "#0"},
				"south": {"uv": [1.53125, 2, 3.3125, 4.5], "texture": "#0"},
				"west": {"uv": [1.53125, 2, 3.3125, 4.5], "texture": "#0"},
				"up": {"uv": [1.53125, 2, 3.3125, 4.5], "texture": "#0"},
				"down": {"uv": [1.53125, 2, 3.3125, 4.5], "texture": "#0"}
			}
		},
		{
			"from": [2, 2, 4],
			"to": [14, 3, 12],
			"faces": {
				"north": {"uv": [0.59375, 8.03125, 9.87503, 8.59375], "rotation": 180, "texture": "#0"},
				"east": {"uv": [0.96875, 8.5, 0.25, 14.9375], "rotation": 90, "texture": "#0"},
				"south": {"uv": [0.65625, 14.65625, 10.15625, 15.71875], "texture": "#0"},
				"west": {"uv": [0.96875, 8.5, 0.25, 14.9375], "rotation": 90, "texture": "#0"},
				"up": {"uv": [1.25, 8.5625, 9.75, 14.8125], "texture": "#0"},
				"down": {"uv": [5.65625, 0.71875, 10.03125, 7.21875], "rotation": 90, "texture": "#0"}
			}
		},
		{
			"from": [2, 0, 4],
			"to": [14, 1, 12],
			"faces": {
				"north": {"uv": [0.59375, 8.03125, 9.87503, 8.59375], "texture": "#0"},
				"east": {"uv": [0.96875, 8.5, 0.25, 14.9375], "rotation": 270, "texture": "#0"},
				"south": {"uv": [0.65625, 14.65625, 10.15625, 15.71875], "rotation": 180, "texture": "#0"},
				"west": {"uv": [0.96875, 8.5, 0.25, 14.9375], "rotation": 90, "texture": "#0"},
				"up": {"uv": [5.65625, 0.71875, 10.03125, 7.21875], "rotation": 90, "texture": "#0"},
				"down": {"uv": [1.25, 8.5625, 9.75, 14.8125], "rotation": 180, "texture": "#0"}
			}
		}
	],
	"display": {
		"thirdperson_righthand": {
			"scale": [0.2, 0.2, 0.2],
			"translation": [-0.5, 1.5, 0]
		},
		"thirdperson_lefthand": {
			"scale": [0.2, 0.2, 0.2],
			"translation": [-0.5, 1.5, 0]
		},
		"firstperson_righthand": {
			"scale": [0.2, 0.2, 0.2],
			"translation": [3, -0.5, 0],
			"rotation": [90, 0, 0]
		},
		"firstperson_lefthand": {
			"scale": [0.2, 0.2, 0.2],
			"rotation": [90, 0, 0],
			"translation": [3, -0.5, 0]
		},
		"ground": {
			"scale": [0.2, 0.3, 0.2],
			"translation": [0, -2.5, 0]
		},
		"fixed": {
			"scale": [0.5, 0.5, 0.5],
			"rotation": [90, 0, 0],
			"translation": [0, 0, 3]
		},
		"gui": {
			"rotation": [45, 45, 0],
			"translation": [0, 5, 0]
		}
	}
}