{
	"credit": "Made with Blockbench",
	"textures": {
		"0": "block/iron_ore"
	},
	"elements": [
		{
			"name": "Cube",
			"from": [7.5, 2, 7.5],
			"to": [8.5, 8, 8],
			"faces": {
				"north": {"uv": [0, 0, 4, 16], "texture": "#0"},
				"east": {"uv": [0, 0, 3.5, 16], "texture": "#0"},
				"south": {"uv": [0, 0, 4, 16], "texture": "#0"},
				"west": {"uv": [0, 0, 4.5, 16], "texture": "#0"},
				"up": {"uv": [0, 0, 2, 2.5], "texture": "#0"},
				"down": {"uv": [0, 0, 2, 2.5], "texture": "#0"}
			}
		},
		{
			"name": "Cube",
			"from": [7, 8.5, 7],
			"to": [9, 10.5, 7.5],
			"faces": {
				"north": {"uv": [0, 0, 16, 16], "texture": "#0"},
				"east": {"uv": [0, 0, 7.5, 16], "texture": "#0"},
				"south": {"uv": [0, 0, 16, 16], "texture": "#0"},
				"west": {"uv": [0, 0, 7.5, 16], "texture": "#0"},
				"up": {"uv": [0, 0, 16, 6.5], "texture": "#0"},
				"down": {"uv": [0, 0, 16, 6.5], "texture": "#0"}
			}
		},
		{
			"name": "Cube",
			"from": [7, 8, 7.5],
			"to": [9, 8.5, 8],
			"faces": {
				"north": {"uv": [0, 0, 11, 3.5], "texture": "#0"},
				"east": {"uv": [0, 0, 11.5, 3.5], "texture": "#0"},
				"south": {"uv": [0, 0, 11, 3.5], "texture": "#0"},
				"west": {"uv": [0, 0, 10.5, 4.5], "texture": "#0"},
				"up": {"uv": [0, 0, 9, 4.5], "texture": "#0"},
				"down": {"uv": [0, 0, 10, 3.5], "texture": "#0"}
			}
		},
		{
			"name": "Cube",
			"from": [7, 10.5, 7.5],
			"to": [7.5, 11, 8],
			"faces": {
				"north": {"uv": [0, 0, 6.5, 6.5], "texture": "#0"},
				"east": {"uv": [0, 0, 5.5, 5.5], "texture": "#0"},
				"south": {"uv": [0, 0, 7.5, 7.5], "texture": "#0"},
				"west": {"uv": [0, 0, 7.5, 6.5], "texture": "#0"},
				"up": {"uv": [0, 0, 6.5, 6.5], "texture": "#0"},
				"down": {"uv": [0, 0, 6.5, 6.5], "texture": "#0"}
			}
		},
		{
			"name": "Cube",
			"from": [6.5, 8.5, 7.5],
			"to": [7, 10.5, 8],
			"faces": {
				"north": {"uv": [0, 0, 5.5, 6], "texture": "#0"},
				"east": {"uv": [0, 0, 6.5, 7], "texture": "#0"},
				"south": {"uv": [0, 0, 6.5, 7], "texture": "#0"},
				"west": {"uv": [0, 0, 7.5, 7], "texture": "#0"},
				"up": {"uv": [0, 0, 5.5, 5.5], "texture": "#0"},
				"down": {"uv": [0, 0, 6.5, 6.5], "texture": "#0"}
			}
		},
		{
			"name": "Cube",
			"from": [9, 8.5, 7.5],
			"to": [9.5, 10.5, 8],
			"faces": {
				"north": {"uv": [0, 0, 5.5, 6], "texture": "#0"},
				"east": {"uv": [0, 0, 6.5, 7], "texture": "#0"},
				"south": {"uv": [0, 0, 7.5, 8], "texture": "#0"},
				"west": {"uv": [0, 0, 7.5, 8], "texture": "#0"},
				"up": {"uv": [0, 0, 6.5, 6.5], "texture": "#0"},
				"down": {"uv": [0, 0, 6.5, 6.5], "texture": "#0"}
			}
		},
		{
			"name": "Cube",
			"from": [7, 0, 7.5],
			"to": [9, 2, 8],
			"faces": {
				"north": {"uv": [0, 0, 7, 7], "texture": "#0"},
				"east": {"uv": [0, 0, 6.5, 7], "texture": "#0"},
				"south": {"uv": [0, 0, 8, 8], "texture": "#0"},
				"west": {"uv": [0, 0, 7.5, 8], "texture": "#0"},
				"up": {"uv": [0, 0, 8, 7.5], "texture": "#0"},
				"down": {"uv": [0, 0, 7, 6.5], "texture": "#0"}
			}
		},
		{
			"name": "Cube",
			"from": [7.5, -0.5, 7.5],
			"to": [8.5, 0, 8],
			"faces": {
				"north": {"uv": [0, 0, 8, 6.5], "texture": "#0"},
				"east": {"uv": [0, 0, 7.5, 7.5], "texture": "#0"},
				"south": {"uv": [0, 0, 8, 6.5], "texture": "#0"},
				"west": {"uv": [0, 0, 7.5, 7.5], "texture": "#0"},
				"up": {"uv": [0, 0, 7, 6.5], "texture": "#0"},
				"down": {"uv": [0, 0, 8, 6.5], "texture": "#0"}
			}
		},
		{
			"name": "Cube",
			"from": [8.5, 10.5, 7.5],
			"to": [9, 11, 8],
			"faces": {
				"north": {"uv": [0, 0, 7.5, 7.5], "texture": "#0"},
				"east": {"uv": [0, 0, 7.5, 7.5], "texture": "#0"},
				"south": {"uv": [0, 0, 7.5, 7.5], "texture": "#0"},
				"west": {"uv": [0, 0, 7.5, 7.5], "texture": "#0"},
				"up": {"uv": [0, 0, 7.5, 7.5], "texture": "#0"},
				"down": {"uv": [0, 0, 7.5, 7.5], "texture": "#0"}
			}
		},
		{
			"name": "Cube",
			"from": [7.5, 10.5, 7],
			"to": [8.5, 11, 7.5],
			"faces": {
				"north": {"uv": [0, 0, 7, 5.5], "texture": "#0"},
				"east": {"uv": [0, 0, 7.5, 6.5], "texture": "#0"},
				"south": {"uv": [0, 0, 8, 6.5], "texture": "#0"},
				"west": {"uv": [0, 0, 7.5, 6.5], "texture": "#0"},
				"up": {"uv": [0, 0, 7, 6.5], "texture": "#0"},
				"down": {"uv": [0, 0, 7, 5.5], "texture": "#0"}
			}
		},
		{
			"name": "Cube",
			"from": [7.5, 11, 7.5],
			"to": [8.5, 11.5, 8],
			"faces": {
				"north": {"uv": [0, 0, 8, 7.5], "texture": "#0"},
				"east": {"uv": [0, 0, 7.5, 7.5], "texture": "#0"},
				"south": {"uv": [0, 0, 8, 7.5], "texture": "#0"},
				"west": {"uv": [0, 0, 8.5, 7.5], "texture": "#0"},
				"up": {"uv": [0, 0, 8, 7.5], "texture": "#0"},
				"down": {"uv": [0, 0, 8, 7.5], "texture": "#0"}
			}
		}
	],
	"display": {
		"gui": {
			"rotation": [0, 0, 45],
			"translation": [-3, 3, 0],
			"scale": [1.75, 1.75, 1.75]
		},
		"ground": {
			"rotation": [80, 0, 0],
			"translation": [0, 1, 0]
		},
		"fixed": {
			"rotation": [0, 180, 0],
			"translation": [0, 4, 0],
			"scale": [1.5, 1.5, 1.5]
		},
		"firstperson_righthand": {
			"rotation": [0, 0, 0],
			"translation": [1.13, 3, 1.13],
			"scale": [0.75, 0.75, 0.75]
		},
		"firstperson_lefthand": {
			"rotation": [0, 0, 0],
			"translation": [1.13, 3, 1.13],
			"scale": [0.75, 0.75, 0.75]
		},
		"thirdperson_righthand": {
			"rotation": [0, 0, 0],
			"translation": [0, 1, 1.5],
			"scale": [0.75, 0.75, 0.75]
		},
		"thirdperson_lefthand": {
			"rotation": [0, 0, 0],
			"translation": [0, 1, 1.5],
			"scale": [0.75, 0.75, 0.75]
		}
	}
}