{
	"credit": "Made with Blockbench",
	"textures": {
		"0": "block/red_wool",
		"1": "block/black_wool"
	},
	"elements": [
		{
			"name": "Cube",
			"from": [4, 16, 4],
			"to": [12, 24, 12],
			"faces": {
				"north": {"uv": [0, 0, 16, 16], "texture": "#0"},
				"east": {"uv": [0, 0, 16, 16], "texture": "#0"},
				"south": {"uv": [0, 0, 16, 16], "texture": "#0"},
				"west": {"uv": [0, 0, 16, 16], "texture": "#0"},
				"up": {"uv": [0, 0, 16, 16], "texture": "#0"},
				"down": {"uv": [0, 0, 16, 16], "texture": "#0"}
			}
		},
		{
			"name": "Cube",
			"from": [4, 24, 8],
			"to": [8, 24.2, 9],
			"faces": {
				"north": {"uv": [0, 0, 4, 0.2], "texture": "#1"},
				"east": {"uv": [0, 0, 1, 0.2], "texture": "#1"},
				"south": {"uv": [0, 0, 4, 0.2], "texture": "#1"},
				"west": {"uv": [0, 0, 1, 0.2], "texture": "#1"},
				"up": {"uv": [0, 0, 4, 1], "texture": "#1"},
				"down": {"uv": [0, 0, 4, 1], "texture": "#1"}
			}
		},
		{
			"name": "Cube",
			"from": [3.8, 20, 8],
			"to": [4, 24, 9],
			"faces": {
				"north": {"uv": [0, 0, 0.2, 4], "texture": "#1"},
				"east": {"uv": [0, 0, 1, 4], "texture": "#1"},
				"south": {"uv": [0, 0, 0.2, 4], "texture": "#1"},
				"west": {"uv": [0, 0, 1, 4], "texture": "#1"},
				"up": {"uv": [0, 0, 0.2, 1], "texture": "#1"},
				"down": {"uv": [0, 0, 0.2, 1], "texture": "#1"}
			}
		},
		{
			"name": "Cube",
			"from": [3.8, 19.5, 8.5],
			"to": [4, 21.5, 9.5],
			"faces": {
				"north": {"uv": [0, 0, 0.2, 2], "texture": "#1"},
				"east": {"uv": [0, 0, 1, 2], "texture": "#1"},
				"south": {"uv": [0, 0, 0.2, 2], "texture": "#1"},
				"west": {"uv": [0, 0, 1, 2], "texture": "#1"},
				"up": {"uv": [0, 0, 0.2, 1], "texture": "#1"},
				"down": {"uv": [0, 0, 0.2, 1], "texture": "#1"}
			}
		},
		{
			"name": "Cube",
			"from": [3.8, 20, 7.5],
			"to": [4, 21, 8.5],
			"faces": {
				"north": {"uv": [0, 0, 0.2, 1], "texture": "#1"},
				"east": {"uv": [0, 0, 1, 1], "texture": "#1"},
				"south": {"uv": [0, 0, 0.2, 1], "texture": "#1"},
				"west": {"uv": [0, 0, 1, 1], "texture": "#1"},
				"up": {"uv": [0, 0, 0.2, 1], "texture": "#1"},
				"down": {"uv": [0, 0, 0.2, 1], "texture": "#1"}
			}
		},
		{
			"name": "Cube",
			"from": [4.5, 15.9, 4.5],
			"to": [11.5, 16, 11.5],
			"faces": {
				"north": {"uv": [0, 0, 7, 0.1], "texture": "#1"},
				"east": {"uv": [0, 0, 7, 0.1], "texture": "#1"},
				"south": {"uv": [0, 0, 7, 0.1], "texture": "#1"},
				"west": {"uv": [0, 0, 7, 0.1], "texture": "#1"},
				"up": {"uv": [0, 0, 7, 7], "texture": "#1"},
				"down": {"uv": [0, 0, 7, 7], "texture": "#1"}
			}
		}
	],
	"display": {
		"gui": {
			"rotation": [45, 45, 0],
			"translation": [0, -9.5, 0]
		},
		"ground": {
			"rotation": [0, 0, 0],
			"translation": [0, 1, 0]
		},
		"fixed": {
			"rotation": [0, 0, 0],
			"scale": [1.5, 1.5, 1.5],
			"translation": [0, -18.5, 0]
		},
		"firstperson_righthand": {
			"rotation": [0, 90, 0],
			"translation": [0, -7.5, 0],
			"scale": [0.5, 0.5, 0.5]
		},
		"firstperson_lefthand": {
			"rotation": [0, 90, 0],
			"translation": [0, -5, 0],
			"scale": [0.5, 0.5, 0.5]
		},
		"thirdperson_righthand": {
			"translation": [0, -4, 0],
			"scale": [0.5, 0.5, 0.5]
		},
		"thirdperson_lefthand": {
			"rotation": [0, 270, 0],
			"translation": [0, -4, 0],
			"scale": [0.5, 0.5, 0.5]
		},
		"head": {
			"translation": [0, -5, 0]
		}
	}
}