{
	"credit": "Made with Blockbench",
	"textures": {
		"0": "block/black_wool",
		"1": "block/gray_wool",
		"2": "block/light_gray_wool",
		"particle": "block/gray_wool"
	},
	"elements": [
		{
			"name": "Cube",
			"from": [5, 0, 4],
			"to": [11, 0.5, 12],
			"faces": {
				"north": {"uv": [0, 0, 6, 0.5], "texture": "#0"},
				"east": {"uv": [0, 0, 8, 0.5], "texture": "#0"},
				"south": {"uv": [0, 0, 6, 0.5], "texture": "#0"},
				"west": {"uv": [0, 0, 8, 0.5], "texture": "#0"},
				"up": {"uv": [0, 0, 6, 8], "texture": "#0"},
				"down": {"uv": [0, 0, 6, 8], "texture": "#0"}
			}
		},
		{
			"name": "Cube",
			"from": [5, 0.5, 4.5],
			"to": [11, 1, 11.5],
			"faces": {
				"north": {"uv": [0, 0, 6, 0.5], "texture": "#0"},
				"east": {"uv": [0, 0, 7, 0.5], "texture": "#0"},
				"south": {"uv": [0, 0, 6, 0.5], "texture": "#0"},
				"west": {"uv": [0, 0, 7, 0.5], "texture": "#0"},
				"up": {"uv": [0, 0, 6, 7], "texture": "#0"},
				"down": {"uv": [0, 0, 6, 7], "texture": "#0"}
			}
		},
		{
			"name": "Cube",
			"from": [5, 1, 5],
			"to": [11, 1.5, 11],
			"faces": {
				"north": {"uv": [0, 0, 6, 0.5], "texture": "#0"},
				"east": {"uv": [0, 0, 6, 0.5], "texture": "#0"},
				"south": {"uv": [0, 0, 6, 0.5], "texture": "#0"},
				"west": {"uv": [0, 0, 6, 0.5], "texture": "#0"},
				"up": {"uv": [0, 0, 6, 6], "texture": "#0"},
				"down": {"uv": [0, 0, 6, 6], "texture": "#0"}
			}
		},
		{
			"name": "Cube",
			"from": [5, 1.5, 6],
			"to": [11, 2, 10],
			"faces": {
				"north": {"uv": [0, 0, 6, 0.5], "texture": "#0"},
				"east": {"uv": [0, 0, 4, 0.5], "texture": "#0"},
				"south": {"uv": [0, 0, 6, 0.5], "texture": "#0"},
				"west": {"uv": [0, 0, 4, 0.5], "texture": "#0"},
				"up": {"uv": [0, 0, 6, 4], "texture": "#0"},
				"down": {"uv": [0, 0, 6, 4], "texture": "#0"}
			}
		},
		{
			"name": "Cube",
			"from": [4.5, 0, 4],
			"to": [5, 0.5, 4.5],
			"faces": {
				"north": {"uv": [0, 0, 0.5, 0.5], "texture": "#1"},
				"east": {"uv": [0, 0, 0.5, 0.5], "texture": "#1"},
				"south": {"uv": [0, 0, 0.5, 0.5], "texture": "#1"},
				"west": {"uv": [0, 0, 0.5, 0.5], "texture": "#1"},
				"up": {"uv": [0, 0, 0.5, 0.5], "texture": "#1"},
				"down": {"uv": [0, 0, 0.5, 0.5], "texture": "#1"}
			}
		},
		{
			"name": "Cube",
			"from": [11, 0, 4],
			"to": [11.5, 0.5, 4.5],
			"faces": {
				"north": {"uv": [0, 0, 0.5, 0.5], "texture": "#1"},
				"east": {"uv": [0, 0, 0.5, 0.5], "texture": "#1"},
				"south": {"uv": [0, 0, 0.5, 0.5], "texture": "#1"},
				"west": {"uv": [0, 0, 0.5, 0.5], "texture": "#1"},
				"up": {"uv": [0, 0, 0.5, 0.5], "texture": "#1"},
				"down": {"uv": [0, 0, 0.5, 0.5], "texture": "#1"}
			}
		},
		{
			"name": "Cube",
			"from": [11, 0, 11.5],
			"to": [11.5, 0.5, 12],
			"faces": {
				"north": {"uv": [0, 0, 0.5, 0.5], "texture": "#1"},
				"east": {"uv": [0, 0, 0.5, 0.5], "texture": "#1"},
				"south": {"uv": [0, 0, 0.5, 0.5], "texture": "#1"},
				"west": {"uv": [0, 0, 0.5, 0.5], "texture": "#1"},
				"up": {"uv": [0, 0, 0.5, 0.5], "texture": "#1"},
				"down": {"uv": [0, 0, 0.5, 0.5], "texture": "#1"}
			}
		},
		{
			"name": "Cube",
			"from": [4.5, 0, 11.5],
			"to": [5, 0.5, 12],
			"faces": {
				"north": {"uv": [0, 0, 0.5, 0.5], "texture": "#1"},
				"east": {"uv": [0, 0, 0.5, 0.5], "texture": "#1"},
				"south": {"uv": [0, 0, 0.5, 0.5], "texture": "#1"},
				"west": {"uv": [0, 0, 0.5, 0.5], "texture": "#1"},
				"up": {"uv": [0, 0, 0.5, 0.5], "texture": "#1"},
				"down": {"uv": [0, 0, 0.5, 0.5], "texture": "#1"}
			}
		},
		{
			"name": "Cube",
			"from": [4.5, 0.5, 11],
			"to": [5, 1, 11.5],
			"faces": {
				"north": {"uv": [0, 0, 0.5, 0.5], "texture": "#1"},
				"east": {"uv": [0, 0, 0.5, 0.5], "texture": "#1"},
				"south": {"uv": [0, 0, 0.5, 0.5], "texture": "#1"},
				"west": {"uv": [0, 0, 0.5, 0.5], "texture": "#1"},
				"up": {"uv": [0, 0, 0.5, 0.5], "texture": "#1"},
				"down": {"uv": [0, 0, 0.5, 0.5], "texture": "#1"}
			}
		},
		{
			"name": "Cube",
			"from": [4.5, 1, 10],
			"to": [5, 1.5, 11],
			"faces": {
				"north": {"uv": [0, 0, 0.5, 0.5], "texture": "#1"},
				"east": {"uv": [0, 0, 1, 0.5], "texture": "#1"},
				"south": {"uv": [0, 0, 0.5, 0.5], "texture": "#1"},
				"west": {"uv": [0, 0, 1, 0.5], "texture": "#1"},
				"up": {"uv": [0, 0, 0.5, 1], "texture": "#1"},
				"down": {"uv": [0, 0, 0.5, 1], "texture": "#1"}
			}
		},
		{
			"name": "Cube",
			"from": [11, 1, 10],
			"to": [11.5, 1.5, 11],
			"faces": {
				"north": {"uv": [0, 0, 0.5, 0.5], "texture": "#1"},
				"east": {"uv": [0, 0, 1, 0.5], "texture": "#1"},
				"south": {"uv": [0, 0, 0.5, 0.5], "texture": "#1"},
				"west": {"uv": [0, 0, 1, 0.5], "texture": "#1"},
				"up": {"uv": [0, 0, 0.5, 1], "texture": "#1"},
				"down": {"uv": [0, 0, 0.5, 1], "texture": "#1"}
			}
		},
		{
			"name": "Cube",
			"from": [11, 0.5, 11],
			"to": [11.5, 1, 11.5],
			"faces": {
				"north": {"uv": [0, 0, 0.5, 0.5], "texture": "#1"},
				"east": {"uv": [0, 0, 0.5, 0.5], "texture": "#1"},
				"south": {"uv": [0, 0, 0.5, 0.5], "texture": "#1"},
				"west": {"uv": [0, 0, 0.5, 0.5], "texture": "#1"},
				"up": {"uv": [0, 0, 0.5, 0.5], "texture": "#1"},
				"down": {"uv": [0, 0, 0.5, 0.5], "texture": "#1"}
			}
		},
		{
			"name": "Cube",
			"from": [11, 1.5, 6],
			"to": [11.5, 2, 10],
			"faces": {
				"north": {"uv": [0, 0, 0.5, 0.5], "texture": "#1"},
				"east": {"uv": [0, 0, 4, 0.5], "texture": "#1"},
				"south": {"uv": [0, 0, 0.5, 0.5], "texture": "#1"},
				"west": {"uv": [0, 0, 4, 0.5], "texture": "#1"},
				"up": {"uv": [0, 0, 0.5, 4], "texture": "#1"},
				"down": {"uv": [0, 0, 0.5, 4], "texture": "#1"}
			}
		},
		{
			"name": "Cube",
			"from": [4.5, 1.5, 6],
			"to": [5, 2, 10],
			"faces": {
				"north": {"uv": [0, 0, 0.5, 0.5], "texture": "#1"},
				"east": {"uv": [0, 0, 4, 0.5], "texture": "#1"},
				"south": {"uv": [0, 0, 0.5, 0.5], "texture": "#1"},
				"west": {"uv": [0, 0, 4, 0.5], "texture": "#1"},
				"up": {"uv": [0, 0, 0.5, 4], "texture": "#1"},
				"down": {"uv": [0, 0, 0.5, 4], "texture": "#1"}
			}
		},
		{
			"name": "Cube",
			"from": [4.5, 0.5, 4.5],
			"to": [5, 1, 5],
			"faces": {
				"north": {"uv": [0, 0, 0.5, 0.5], "texture": "#1"},
				"east": {"uv": [0, 0, 0.5, 0.5], "texture": "#1"},
				"south": {"uv": [0, 0, 0.5, 0.5], "texture": "#1"},
				"west": {"uv": [0, 0, 0.5, 0.5], "texture": "#1"},
				"up": {"uv": [0, 0, 0.5, 0.5], "texture": "#1"},
				"down": {"uv": [0, 0, 0.5, 0.5], "texture": "#1"}
			}
		},
		{
			"name": "Cube",
			"from": [4.5, 1, 5],
			"to": [5, 1.5, 6],
			"faces": {
				"north": {"uv": [0, 0, 0.5, 0.5], "texture": "#1"},
				"east": {"uv": [0, 0, 1, 0.5], "texture": "#1"},
				"south": {"uv": [0, 0, 0.5, 0.5], "texture": "#1"},
				"west": {"uv": [0, 0, 1, 0.5], "texture": "#1"},
				"up": {"uv": [0, 0, 0.5, 1], "texture": "#1"},
				"down": {"uv": [0, 0, 0.5, 1], "texture": "#1"}
			}
		},
		{
			"name": "Cube",
			"from": [11, 1, 5],
			"to": [11.5, 1.5, 6],
			"faces": {
				"north": {"uv": [0, 0, 0.5, 0.5], "texture": "#1"},
				"east": {"uv": [0, 0, 1, 0.5], "texture": "#1"},
				"south": {"uv": [0, 0, 0.5, 0.5], "texture": "#1"},
				"west": {"uv": [0, 0, 1, 0.5], "texture": "#1"},
				"up": {"uv": [0, 0, 0.5, 1], "texture": "#1"},
				"down": {"uv": [0, 0, 0.5, 1], "texture": "#1"}
			}
		},
		{
			"name": "Cube",
			"from": [11, 0.5, 4.5],
			"to": [11.5, 1, 5],
			"faces": {
				"north": {"uv": [0, 0, 0.5, 0.5], "texture": "#1"},
				"east": {"uv": [0, 0, 0.5, 0.5], "texture": "#1"},
				"south": {"uv": [0, 0, 0.5, 0.5], "texture": "#1"},
				"west": {"uv": [0, 0, 0.5, 0.5], "texture": "#1"},
				"up": {"uv": [0, 0, 0.5, 0.5], "texture": "#1"},
				"down": {"uv": [0, 0, 0.5, 0.5], "texture": "#1"}
			}
		},
		{
			"name": "Cube",
			"from": [9.5, 2.5, 6],
			"to": [10, 4, 6.5],
			"rotation": {"angle": -45, "axis": "x", "origin": [8, 1, 8]},
			"faces": {
				"north": {"uv": [0, 0, 0.5, 1.5], "texture": "#1"},
				"east": {"uv": [0, 0, 0.5, 1.5], "texture": "#1"},
				"south": {"uv": [0, 0, 0.5, 1.5], "texture": "#1"},
				"west": {"uv": [0, 0, 0.5, 1.5], "texture": "#1"},
				"up": {"uv": [0, 0, 0.5, 0.5], "texture": "#1"},
				"down": {"uv": [0, 0, 0.5, 0.5], "texture": "#1"}
			}
		},
		{
			"name": "Cube",
			"from": [6, 2.5, 6],
			"to": [6.5, 4, 6.5],
			"rotation": {"angle": -45, "axis": "x", "origin": [8, 1, 8]},
			"faces": {
				"north": {"uv": [0, 0, 0.5, 1.5], "texture": "#1"},
				"east": {"uv": [0, 0, 0.5, 1.5], "texture": "#1"},
				"south": {"uv": [0, 0, 0.5, 1.5], "texture": "#1"},
				"west": {"uv": [0, 0, 0.5, 1.5], "texture": "#1"},
				"up": {"uv": [0, 0, 0.5, 0.5], "texture": "#1"},
				"down": {"uv": [0, 0, 0.5, 0.5], "texture": "#1"}
			}
		},
		{
			"name": "Cube",
			"from": [5.5, 4, 6],
			"to": [6, 4.5, 6.5],
			"rotation": {"angle": -45, "axis": "x", "origin": [8, 1, 8]},
			"faces": {
				"north": {"uv": [0, 0, 0.5, 0.5], "texture": "#1"},
				"east": {"uv": [0, 0, 0.5, 0.5], "texture": "#1"},
				"south": {"uv": [0, 0, 0.5, 0.5], "texture": "#1"},
				"west": {"uv": [0, 0, 0.5, 0.5], "texture": "#1"},
				"up": {"uv": [0, 0, 0.5, 0.5], "texture": "#1"},
				"down": {"uv": [0, 0, 0.5, 0.5], "texture": "#1"}
			}
		},
		{
			"name": "Cube",
			"from": [10, 4, 6],
			"to": [10.5, 4.5, 6.5],
			"rotation": {"angle": -45, "axis": "x", "origin": [8, 1, 8]},
			"faces": {
				"north": {"uv": [0, 0, 0.5, 0.5], "texture": "#1"},
				"east": {"uv": [0, 0, 0.5, 0.5], "texture": "#1"},
				"south": {"uv": [0, 0, 0.5, 0.5], "texture": "#1"},
				"west": {"uv": [0, 0, 0.5, 0.5], "texture": "#1"},
				"up": {"uv": [0, 0, 0.5, 0.5], "texture": "#1"},
				"down": {"uv": [0, 0, 0.5, 0.5], "texture": "#1"}
			}
		},
		{
			"name": "Cube",
			"from": [10.5, 4.5, 6],
			"to": [11, 7.5, 6.5],
			"rotation": {"angle": -45, "axis": "x", "origin": [8, 1, 8]},
			"faces": {
				"north": {"uv": [0, 0, 0.5, 3], "texture": "#1"},
				"east": {"uv": [0, 0, 0.5, 3], "texture": "#1"},
				"south": {"uv": [0, 0, 0.5, 3], "texture": "#1"},
				"west": {"uv": [0, 0, 0.5, 3], "texture": "#1"},
				"up": {"uv": [0, 0, 0.5, 0.5], "texture": "#1"},
				"down": {"uv": [0, 0, 0.5, 0.5], "texture": "#1"}
			}
		},
		{
			"name": "Cube",
			"from": [5, 4.5, 6],
			"to": [5.5, 7.5, 6.5],
			"rotation": {"angle": -45, "axis": "x", "origin": [8, 1, 8]},
			"faces": {
				"north": {"uv": [0, 0, 0.5, 3], "texture": "#1"},
				"east": {"uv": [0, 0, 0.5, 3], "texture": "#1"},
				"south": {"uv": [0, 0, 0.5, 3], "texture": "#1"},
				"west": {"uv": [0, 0, 0.5, 3], "texture": "#1"},
				"up": {"uv": [0, 0, 0.5, 0.5], "texture": "#1"},
				"down": {"uv": [0, 0, 0.5, 0.5], "texture": "#1"}
			}
		},
		{
			"name": "Cube",
			"from": [5.5, 9, 0.5],
			"to": [7.5, 9.5, 2],
			"rotation": {"angle": -45, "axis": "x", "origin": [8, 8, 8]},
			"faces": {
				"north": {"uv": [0, 0, 2, 0.5], "texture": "#2"},
				"east": {"uv": [0, 0, 1.5, 0.5], "texture": "#2"},
				"south": {"uv": [0, 0, 2, 0.5], "texture": "#2"},
				"west": {"uv": [0, 0, 1.5, 0.5], "texture": "#2"},
				"up": {"uv": [0, 0, 2, 1.5], "texture": "#2"},
				"down": {"uv": [0, 0, 2, 1.5], "texture": "#2"}
			}
		},
		{
			"name": "Cube",
			"from": [5.5, 8.5, 1],
			"to": [7.5, 10, 1.5],
			"rotation": {"angle": -45, "axis": "x", "origin": [8, 8, 8]},
			"faces": {
				"north": {"uv": [0, 0, 2, 1.5], "texture": "#2"},
				"east": {"uv": [0, 0, 0.5, 1.5], "texture": "#2"},
				"south": {"uv": [0, 0, 2, 1.5], "texture": "#2"},
				"west": {"uv": [0, 0, 0.5, 1.5], "texture": "#2"},
				"up": {"uv": [0, 0, 2, 0.5], "texture": "#2"},
				"down": {"uv": [0, 0, 2, 0.5], "texture": "#2"}
			}
		},
		{
			"name": "Cube",
			"from": [8.5, 9, 0.5],
			"to": [10.5, 9.5, 2],
			"rotation": {"angle": -45, "axis": "x", "origin": [8, 8, 8]},
			"faces": {
				"north": {"uv": [0, 0, 2, 0.5], "texture": "#2"},
				"east": {"uv": [0, 0, 1.5, 0.5], "texture": "#2"},
				"south": {"uv": [0, 0, 2, 0.5], "texture": "#2"},
				"west": {"uv": [0, 0, 1.5, 0.5], "texture": "#2"},
				"up": {"uv": [0, 0, 2, 1.5], "texture": "#2"},
				"down": {"uv": [0, 0, 2, 1.5], "texture": "#2"}
			}
		},
		{
			"name": "Cube",
			"from": [8.5, 8.5, 1],
			"to": [10.5, 10, 1.5],
			"rotation": {"angle": -45, "axis": "x", "origin": [8, 8, 8]},
			"faces": {
				"north": {"uv": [0, 0, 2, 1.5], "texture": "#2"},
				"east": {"uv": [0, 0, 0.5, 1.5], "texture": "#2"},
				"south": {"uv": [0, 0, 2, 1.5], "texture": "#2"},
				"west": {"uv": [0, 0, 0.5, 1.5], "texture": "#2"},
				"up": {"uv": [0, 0, 2, 0.5], "texture": "#2"},
				"down": {"uv": [0, 0, 2, 0.5], "texture": "#2"}
			}
		}
	],
	"display": {
		"gui": {
			"rotation": [45, 45, 0],
			"translation": [0, 4.5, 0],
			"scale": [1.2, 1.2, 1.2]
		},
		"ground": {
			"rotation": [0, 0, 0],
			"translation": [0, 1, 0],
			"scale": [0.3, 0.3, 0.3]
		},
		"fixed": {
			"rotation": [-90, 0, 0],
			"translation": [0, 0, -8]
		},
		"firstperson_righthand": {
			"rotation": [0, 90, 0],
			"translation": [0, 3, 0],
			"scale": [0.5, 0.5, 0.5]
		},
		"firstperson_lefthand": {
			"rotation": [0, 90, 0],
			"translation": [0, 3, 0],
			"scale": [0.5, 0.5, 0.5]
		},
		"thirdperson_righthand": {
			"rotation": [0, 270, 0],
			"translation": [0, 4, 0],
			"scale": [0.5, 0.5, 0.5]
		},
		"thirdperson_lefthand": {
			"rotation": [0, 270, 0],
			"translation": [0, 4, 0],
			"scale": [0.5, 0.5, 0.5]
		}
	}
}