{
	"credit": "Made with Blockbench",
	"textures": {
		"0": "block/gray_stained_glass",
		"1": "block/white_stained_glass",
		"2": "block/light_blue_stained_glass",
		"3": "block/blue_stained_glass",
		"particle": "block/gray_stained_glass"
	},
	"elements": [
		{
			"from": [3.5, 3, 0],
			"to": [12.5, 4, 1],
			"faces": {
				"north": {"uv": [0, 0, 16, 1], "texture": "#1"},
				"east": {"uv": [0, 0, 16, 1], "texture": "#1"},
				"south": {"uv": [0, 0, 16, 1], "texture": "#1"},
				"west": {"uv": [0, 0, 16, 1], "texture": "#1"},
				"up": {"uv": [0, 0, 16, 1], "texture": "#1"},
				"down": {"uv": [0, 0, 16, 1], "texture": "#1"}
			}
		},
		{
			"from": [14.2, 3, 2.3],
			"to": [15.2, 4, 11],
			"rotation": {"angle": 22.5, "axis": "y", "origin": [8, 11, 8]},
			"faces": {
				"north": {"uv": [0, 0, 16, 1], "rotation": 90, "texture": "#1"},
				"east": {"uv": [0, 0, 16, 1], "rotation": 90, "texture": "#1"},
				"south": {"uv": [0, 0, 16, 1], "rotation": 90, "texture": "#1"},
				"west": {"uv": [0, 0, 16, 1], "rotation": 90, "texture": "#1"},
				"up": {"uv": [0, 0, 16, 1], "rotation": 90, "texture": "#1"},
				"down": {"uv": [0, 0, 16, 1], "rotation": 90, "texture": "#1"}
			}
		},
		{
			"from": [14.2, 3, 5],
			"to": [15.2, 4, 13.7],
			"rotation": {"angle": -22.5, "axis": "y", "origin": [8, 11, 8]},
			"faces": {
				"north": {"uv": [0, 0, 16, 1], "rotation": 90, "texture": "#1"},
				"east": {"uv": [0, 0, 16, 1], "rotation": 90, "texture": "#1"},
				"south": {"uv": [0, 0, 16, 1], "rotation": 90, "texture": "#1"},
				"west": {"uv": [0, 0, 16, 1], "rotation": 90, "texture": "#1"},
				"up": {"uv": [0, 0, 16, 1], "rotation": 90, "texture": "#1"},
				"down": {"uv": [0, 0, 16, 1], "rotation": 90, "texture": "#1"}
			}
		},
		{
			"from": [3.5, 3, 15],
			"to": [12.5, 4, 16],
			"faces": {
				"north": {"uv": [0, 0, 16, 1], "texture": "#1"},
				"east": {"uv": [0, 0, 16, 1], "texture": "#1"},
				"south": {"uv": [0, 0, 16, 1], "texture": "#1"},
				"west": {"uv": [0, 0, 16, 1], "texture": "#1"},
				"up": {"uv": [0, 0, 16, 1], "texture": "#1"},
				"down": {"uv": [0, 0, 16, 1], "texture": "#1"}
			}
		},
		{
			"from": [0.8, 3, 2.3],
			"to": [1.8, 4, 10.9],
			"rotation": {"angle": -22.5, "axis": "y", "origin": [8, 14, 8]},
			"faces": {
				"north": {"uv": [0, 0, 16, 1], "rotation": 270, "texture": "#1"},
				"east": {"uv": [0, 0, 16, 1], "rotation": 270, "texture": "#1"},
				"south": {"uv": [0, 0, 16, 1], "rotation": 270, "texture": "#1"},
				"west": {"uv": [0, 0, 16, 1], "rotation": 270, "texture": "#1"},
				"up": {"uv": [0, 0, 16, 1], "rotation": 270, "texture": "#1"},
				"down": {"uv": [0, 0, 16, 1], "rotation": 270, "texture": "#1"}
			}
		},
		{
			"from": [0.8, 3, 4.9],
			"to": [1.8, 4, 13.8],
			"rotation": {"angle": 22.5, "axis": "y", "origin": [8, 14, 8]},
			"faces": {
				"north": {"uv": [0, 0, 16, 1], "rotation": 270, "texture": "#1"},
				"east": {"uv": [0, 0, 16, 1], "rotation": 270, "texture": "#1"},
				"south": {"uv": [0, 0, 16, 1], "rotation": 270, "texture": "#1"},
				"west": {"uv": [0, 0, 16, 1], "rotation": 270, "texture": "#1"},
				"up": {"uv": [0, 0, 16, 1], "rotation": 270, "texture": "#1"},
				"down": {"uv": [0, 0, 16, 1], "rotation": 270, "texture": "#1"}
			}
		},
		{
			"from": [-0.2, 4, 4.6],
			"to": [0.8, 5, 14.4],
			"rotation": {"angle": 22.5, "axis": "y", "origin": [8, 12, 8]},
			"faces": {
				"north": {"uv": [0, 0, 16, 1], "rotation": 270, "texture": "#1"},
				"east": {"uv": [0, 0, 16, 1], "rotation": 270, "texture": "#1"},
				"south": {"uv": [0, 0, 16, 1], "rotation": 270, "texture": "#1"},
				"west": {"uv": [0, 0, 16, 1], "rotation": 270, "texture": "#1"},
				"up": {"uv": [0, 0, 16, 1], "rotation": 270, "texture": "#1"},
				"down": {"uv": [0, 0, 16, 1], "rotation": 270, "texture": "#1"}
			}
		},
		{
			"from": [-0.2, 4, 1.6],
			"to": [0.8, 5, 11.4],
			"rotation": {"angle": -22.5, "axis": "y", "origin": [8, 12, 8]},
			"faces": {
				"north": {"uv": [0, 0, 16, 1], "rotation": 270, "texture": "#1"},
				"east": {"uv": [0, 0, 16, 1], "rotation": 270, "texture": "#1"},
				"south": {"uv": [0, 0, 16, 1], "rotation": 270, "texture": "#1"},
				"west": {"uv": [0, 0, 16, 1], "rotation": 270, "texture": "#1"},
				"up": {"uv": [0, 0, 16, 1], "rotation": 270, "texture": "#1"},
				"down": {"uv": [0, 0, 16, 1], "rotation": 270, "texture": "#1"}
			}
		},
		{
			"from": [2.9, 4, 16],
			"to": [13.1, 5, 17],
			"faces": {
				"north": {"uv": [0, 0, 16, 1], "texture": "#1"},
				"east": {"uv": [0, 0, 16, 1], "texture": "#1"},
				"south": {"uv": [0, 0, 16, 1], "texture": "#1"},
				"west": {"uv": [0, 0, 16, 1], "texture": "#1"},
				"up": {"uv": [0, 0, 16, 1], "texture": "#1"},
				"down": {"uv": [0, 0, 16, 1], "texture": "#1"}
			}
		},
		{
			"from": [15.2, 4, 4.6],
			"to": [16.2, 5, 14.4],
			"rotation": {"angle": -22.5, "axis": "y", "origin": [8, 12, 8]},
			"faces": {
				"north": {"uv": [0, 0, 16, 1], "rotation": 90, "texture": "#1"},
				"east": {"uv": [0, 0, 16, 1], "rotation": 90, "texture": "#1"},
				"south": {"uv": [0, 0, 16, 1], "rotation": 90, "texture": "#1"},
				"west": {"uv": [0, 0, 16, 1], "rotation": 90, "texture": "#1"},
				"up": {"uv": [0, 0, 16, 1], "rotation": 90, "texture": "#1"},
				"down": {"uv": [0, 0, 16, 1], "rotation": 90, "texture": "#1"}
			}
		},
		{
			"from": [15.2, 4, 1.6],
			"to": [16.2, 5, 11.4],
			"rotation": {"angle": 22.5, "axis": "y", "origin": [8, 12, 8]},
			"faces": {
				"north": {"uv": [0, 0, 16, 1], "rotation": 90, "texture": "#1"},
				"east": {"uv": [0, 0, 16, 1], "rotation": 90, "texture": "#1"},
				"south": {"uv": [0, 0, 16, 1], "rotation": 90, "texture": "#1"},
				"west": {"uv": [0, 0, 16, 1], "rotation": 90, "texture": "#1"},
				"up": {"uv": [0, 0, 16, 1], "rotation": 90, "texture": "#1"},
				"down": {"uv": [0, 0, 16, 1], "rotation": 90, "texture": "#1"}
			}
		},
		{
			"from": [2.9, 4, -1],
			"to": [13.1, 5, 0],
			"faces": {
				"north": {"uv": [0, 0, 16, 1], "texture": "#1"},
				"east": {"uv": [0, 0, 16, 1], "texture": "#1"},
				"south": {"uv": [0, 0, 16, 1], "texture": "#1"},
				"west": {"uv": [0, 0, 16, 1], "texture": "#1"},
				"up": {"uv": [0, 0, 16, 1], "texture": "#1"},
				"down": {"uv": [0, 0, 16, 1], "texture": "#1"}
			}
		},
		{
			"from": [2.2, 5, -2],
			"to": [13.8, 6, -1],
			"faces": {
				"north": {"uv": [0, 0, 16, 1], "texture": "#1"},
				"east": {"uv": [0, 0, 16, 1], "texture": "#1"},
				"south": {"uv": [0, 0, 16, 1], "texture": "#1"},
				"west": {"uv": [0, 0, 16, 1], "texture": "#1"},
				"up": {"uv": [0, 0, 16, 1], "texture": "#1"},
				"down": {"uv": [0, 0, 16, 1], "texture": "#1"}
			}
		},
		{
			"from": [16.2, 5, 1],
			"to": [17.2, 6, 11.8],
			"rotation": {"angle": 22.5, "axis": "y", "origin": [8, 12, 8]},
			"faces": {
				"north": {"uv": [0, 0, 16, 1], "rotation": 90, "texture": "#1"},
				"east": {"uv": [0, 0, 16, 1], "rotation": 90, "texture": "#1"},
				"south": {"uv": [0, 0, 16, 1], "rotation": 90, "texture": "#1"},
				"west": {"uv": [0, 0, 16, 1], "rotation": 90, "texture": "#1"},
				"up": {"uv": [0, 0, 16, 1], "rotation": 90, "texture": "#1"},
				"down": {"uv": [0, 0, 16, 1], "rotation": 90, "texture": "#1"}
			}
		},
		{
			"from": [-1.2, 5, 1],
			"to": [-0.2, 6, 11.8],
			"rotation": {"angle": -22.5, "axis": "y", "origin": [8, 12, 8]},
			"faces": {
				"north": {"uv": [0, 0, 16, 1], "rotation": 270, "texture": "#1"},
				"east": {"uv": [0, 0, 16, 1], "rotation": 270, "texture": "#1"},
				"south": {"uv": [0, 0, 16, 1], "rotation": 270, "texture": "#1"},
				"west": {"uv": [0, 0, 16, 1], "rotation": 270, "texture": "#1"},
				"up": {"uv": [0, 0, 16, 1], "rotation": 270, "texture": "#1"},
				"down": {"uv": [0, 0, 16, 1], "rotation": 270, "texture": "#1"}
			}
		},
		{
			"from": [16.2, 5, 4.2],
			"to": [17.2, 6, 15],
			"rotation": {"angle": -22.5, "axis": "y", "origin": [8, 18, 8]},
			"faces": {
				"north": {"uv": [0, 0, 16, 1], "rotation": 270, "texture": "#1"},
				"east": {"uv": [0, 0, 16, 1], "rotation": 270, "texture": "#1"},
				"south": {"uv": [0, 0, 16, 1], "rotation": 270, "texture": "#1"},
				"west": {"uv": [0, 0, 16, 1], "rotation": 270, "texture": "#1"},
				"up": {"uv": [0, 0, 16, 1], "rotation": 90, "texture": "#1"},
				"down": {"uv": [0, 0, 16, 1], "rotation": 90, "texture": "#1"}
			}
		},
		{
			"from": [2.2, 5, 17],
			"to": [13.8, 6, 18],
			"faces": {
				"north": {"uv": [0, 0, 16, 1], "texture": "#1"},
				"east": {"uv": [0, 0, 16, 1], "texture": "#1"},
				"south": {"uv": [0, 0, 16, 1], "texture": "#1"},
				"west": {"uv": [0, 0, 16, 1], "texture": "#1"},
				"up": {"uv": [0, 0, 16, 1], "rotation": 180, "texture": "#1"},
				"down": {"uv": [0, 0, 16, 1], "rotation": 180, "texture": "#1"}
			}
		},
		{
			"from": [-1.2, 5, 4.2],
			"to": [-0.2, 6, 15],
			"rotation": {"angle": 22.5, "axis": "y", "origin": [8, 18, 8]},
			"faces": {
				"north": {"uv": [0, 0, 16, 1], "rotation": 90, "texture": "#1"},
				"east": {"uv": [0, 0, 16, 1], "rotation": 90, "texture": "#1"},
				"south": {"uv": [0, 0, 16, 1], "rotation": 90, "texture": "#1"},
				"west": {"uv": [0, 0, 16, 1], "rotation": 90, "texture": "#1"},
				"up": {"uv": [0, 0, 16, 1], "rotation": 270, "texture": "#1"},
				"down": {"uv": [0, 0, 16, 1], "rotation": 270, "texture": "#1"}
			}
		},
		{
			"from": [4.2, 2, 14],
			"to": [11.8, 3, 15],
			"faces": {
				"north": {"uv": [0, 0, 16, 1], "texture": "#1"},
				"east": {"uv": [0, 0, 16, 1], "texture": "#1"},
				"south": {"uv": [0, 0, 16, 1], "texture": "#1"},
				"west": {"uv": [0, 0, 16, 1], "texture": "#1"},
				"up": {"uv": [0, 0, 16, 1], "texture": "#1"},
				"down": {"uv": [0, 0, 16, 1], "texture": "#1"}
			}
		},
		{
			"from": [4.2, 2, 1],
			"to": [11.8, 3, 2],
			"faces": {
				"north": {"uv": [0, 0, 16, 1], "texture": "#1"},
				"east": {"uv": [0, 0, 16, 1], "texture": "#1"},
				"south": {"uv": [0, 0, 16, 1], "texture": "#1"},
				"west": {"uv": [0, 0, 16, 1], "texture": "#1"},
				"up": {"uv": [0, 0, 16, 1], "texture": "#1"},
				"down": {"uv": [0, 0, 16, 1], "texture": "#1"}
			}
		},
		{
			"from": [1.8, 2, 5],
			"to": [2.8, 3, 12.7],
			"rotation": {"angle": 22.5, "axis": "y", "origin": [9, 13, 8]},
			"faces": {
				"north": {"uv": [0, 0, 16, 1], "rotation": 270, "texture": "#1"},
				"east": {"uv": [0, 0, 16, 1], "rotation": 270, "texture": "#1"},
				"south": {"uv": [0, 0, 16, 1], "rotation": 270, "texture": "#1"},
				"west": {"uv": [0, 0, 16, 1], "rotation": 270, "texture": "#1"},
				"up": {"uv": [0, 0, 16, 1], "rotation": 270, "texture": "#1"},
				"down": {"uv": [0, 0, 16, 1], "rotation": 270, "texture": "#1"}
			}
		},
		{
			"from": [1.8, 2, 3.3],
			"to": [2.8, 3, 10.9],
			"rotation": {"angle": -22.5, "axis": "y", "origin": [9, 13, 8]},
			"faces": {
				"north": {"uv": [0, 0, 16, 1], "rotation": 270, "texture": "#1"},
				"east": {"uv": [0, 0, 16, 1], "rotation": 270, "texture": "#1"},
				"south": {"uv": [0, 0, 16, 1], "rotation": 270, "texture": "#1"},
				"west": {"uv": [0, 0, 16, 1], "rotation": 270, "texture": "#1"},
				"up": {"uv": [0, 0, 16, 1], "rotation": 270, "texture": "#1"},
				"down": {"uv": [0, 0, 16, 1], "rotation": 270, "texture": "#1"}
			}
		},
		{
			"from": [13.2, 2, 5.1],
			"to": [14.2, 3, 12.7],
			"rotation": {"angle": -22.5, "axis": "y", "origin": [7, 10, 8]},
			"faces": {
				"north": {"uv": [0, 0, 16, 1], "rotation": 90, "texture": "#1"},
				"east": {"uv": [0, 0, 16, 1], "rotation": 90, "texture": "#1"},
				"south": {"uv": [0, 0, 16, 1], "rotation": 90, "texture": "#1"},
				"west": {"uv": [0, 0, 16, 1], "rotation": 90, "texture": "#1"},
				"up": {"uv": [0, 0, 16, 1], "rotation": 90, "texture": "#1"},
				"down": {"uv": [0, 0, 16, 1], "rotation": 90, "texture": "#1"}
			}
		},
		{
			"from": [13.2, 2, 3.3],
			"to": [14.2, 3, 11],
			"rotation": {"angle": 22.5, "axis": "y", "origin": [7, 10, 8]},
			"faces": {
				"north": {"uv": [0, 0, 16, 1], "rotation": 90, "texture": "#1"},
				"east": {"uv": [0, 0, 16, 1], "rotation": 90, "texture": "#1"},
				"south": {"uv": [0, 0, 16, 1], "rotation": 90, "texture": "#1"},
				"west": {"uv": [0, 0, 16, 1], "rotation": 90, "texture": "#1"},
				"up": {"uv": [0, 0, 16, 1], "rotation": 90, "texture": "#1"},
				"down": {"uv": [0, 0, 16, 1], "rotation": 90, "texture": "#1"}
			}
		},
		{
			"from": [2.8, 1, 5.4],
			"to": [3.8, 2, 11.9],
			"rotation": {"angle": 22.5, "axis": "y", "origin": [9, 12, 8]},
			"faces": {
				"north": {"uv": [0, 0, 16, 1], "rotation": 270, "texture": "#1"},
				"east": {"uv": [0, 0, 16, 1], "rotation": 270, "texture": "#1"},
				"south": {"uv": [0, 0, 16, 1], "rotation": 270, "texture": "#1"},
				"west": {"uv": [0, 0, 16, 1], "rotation": 270, "texture": "#1"},
				"up": {"uv": [0, 0, 16, 1], "rotation": 270, "texture": "#1"},
				"down": {"uv": [0, 0, 16, 1], "rotation": 270, "texture": "#1"}
			}
		},
		{
			"from": [4.8, 1, 13],
			"to": [11.2, 2, 14],
			"faces": {
				"north": {"uv": [0, 0, 16, 1], "texture": "#1"},
				"east": {"uv": [0, 0, 16, 1], "texture": "#1"},
				"south": {"uv": [0, 0, 16, 1], "texture": "#1"},
				"west": {"uv": [0, 0, 16, 1], "texture": "#1"},
				"up": {"uv": [0, 0, 16, 1], "texture": "#1"},
				"down": {"uv": [0, 0, 16, 1], "texture": "#1"}
			}
		},
		{
			"from": [12.2, 1, 5.5],
			"to": [13.2, 2, 11.9],
			"rotation": {"angle": -22.5, "axis": "y", "origin": [7, 9, 8]},
			"faces": {
				"north": {"uv": [0, 0, 16, 1], "rotation": 90, "texture": "#1"},
				"east": {"uv": [0, 0, 16, 1], "rotation": 90, "texture": "#1"},
				"south": {"uv": [0, 0, 16, 1], "rotation": 90, "texture": "#1"},
				"west": {"uv": [0, 0, 16, 1], "rotation": 90, "texture": "#1"},
				"up": {"uv": [0, 0, 16, 1], "rotation": 90, "texture": "#1"},
				"down": {"uv": [0, 0, 16, 1], "rotation": 90, "texture": "#1"}
			}
		},
		{
			"from": [12.2, 1, 4.1],
			"to": [13.2, 2, 10.6],
			"rotation": {"angle": 22.5, "axis": "y", "origin": [7, 9, 8]},
			"faces": {
				"north": {"uv": [0, 0, 16, 1], "rotation": 90, "texture": "#1"},
				"east": {"uv": [0, 0, 16, 1], "rotation": 90, "texture": "#1"},
				"south": {"uv": [0, 0, 16, 1], "rotation": 90, "texture": "#1"},
				"west": {"uv": [0, 0, 16, 1], "rotation": 90, "texture": "#1"},
				"up": {"uv": [0, 0, 16, 1], "rotation": 90, "texture": "#1"},
				"down": {"uv": [0, 0, 16, 1], "rotation": 90, "texture": "#1"}
			}
		},
		{
			"from": [2.8, 1, 4.1],
			"to": [3.8, 2, 10.6],
			"rotation": {"angle": -22.5, "axis": "y", "origin": [9, 12, 8]},
			"faces": {
				"north": {"uv": [0, 0, 16, 1], "rotation": 270, "texture": "#1"},
				"east": {"uv": [0, 0, 16, 1], "rotation": 270, "texture": "#1"},
				"south": {"uv": [0, 0, 16, 1], "rotation": 270, "texture": "#1"},
				"west": {"uv": [0, 0, 16, 1], "rotation": 270, "texture": "#1"},
				"up": {"uv": [0, 0, 16, 1], "rotation": 270, "texture": "#1"},
				"down": {"uv": [0, 0, 16, 1], "rotation": 270, "texture": "#1"}
			}
		},
		{
			"from": [4.8, 1, 2],
			"to": [11.2, 2, 3],
			"faces": {
				"north": {"uv": [0, 0, 16, 1], "texture": "#1"},
				"east": {"uv": [0, 0, 16, 1], "texture": "#1"},
				"south": {"uv": [0, 0, 16, 1], "texture": "#1"},
				"west": {"uv": [0, 0, 16, 1], "texture": "#1"},
				"up": {"uv": [0, 0, 16, 1], "texture": "#1"},
				"down": {"uv": [0, 0, 16, 1], "texture": "#1"}
			}
		},
		{
			"from": [5.4, 0, 12],
			"to": [10.6, 1, 13],
			"faces": {
				"north": {"uv": [0, 0, 16, 1], "texture": "#1"},
				"east": {"uv": [0, 0, 16, 1], "texture": "#1"},
				"south": {"uv": [0, 0, 16, 1], "texture": "#1"},
				"west": {"uv": [0, 0, 16, 1], "texture": "#1"},
				"up": {"uv": [0, 0, 16, 1], "texture": "#1"},
				"down": {"uv": [0, 0, 16, 1], "texture": "#1"}
			}
		},
		{
			"from": [3.8, 0, 5.9],
			"to": [4.8, 1, 11.2],
			"rotation": {"angle": 22.5, "axis": "y", "origin": [9, 11, 8]},
			"faces": {
				"north": {"uv": [0, 0, 16, 1], "rotation": 270, "texture": "#1"},
				"east": {"uv": [0, 0, 16, 1], "rotation": 270, "texture": "#1"},
				"south": {"uv": [0, 0, 16, 1], "rotation": 270, "texture": "#1"},
				"west": {"uv": [0, 0, 16, 1], "rotation": 270, "texture": "#1"},
				"up": {"uv": [0, 0, 16, 1], "rotation": 270, "texture": "#1"},
				"down": {"uv": [0, 0, 16, 1], "rotation": 270, "texture": "#1"}
			}
		},
		{
			"from": [3.8, 0, 4.8],
			"to": [4.8, 1, 10.2],
			"rotation": {"angle": -22.5, "axis": "y", "origin": [9, 11, 8]},
			"faces": {
				"north": {"uv": [0, 0, 16, 1], "rotation": 270, "texture": "#1"},
				"east": {"uv": [0, 0, 16, 1], "rotation": 270, "texture": "#1"},
				"south": {"uv": [0, 0, 16, 1], "rotation": 270, "texture": "#1"},
				"west": {"uv": [0, 0, 16, 1], "rotation": 270, "texture": "#1"},
				"up": {"uv": [0, 0, 16, 1], "rotation": 270, "texture": "#1"},
				"down": {"uv": [0, 0, 16, 1], "rotation": 270, "texture": "#1"}
			}
		},
		{
			"from": [5.4, 0, 3],
			"to": [10.5, 1, 4],
			"faces": {
				"north": {"uv": [0, 0, 16, 1], "texture": "#1"},
				"east": {"uv": [0, 0, 16, 1], "texture": "#1"},
				"south": {"uv": [0, 0, 16, 1], "texture": "#1"},
				"west": {"uv": [0, 0, 16, 1], "texture": "#1"},
				"up": {"uv": [0, 0, 16, 1], "texture": "#1"},
				"down": {"uv": [0, 0, 16, 1], "texture": "#1"}
			}
		},
		{
			"from": [11.2, 0, 4.7],
			"to": [12.2, 1, 10.1],
			"rotation": {"angle": 22.5, "axis": "y", "origin": [7, 8, 8]},
			"faces": {
				"north": {"uv": [0, 0, 16, 1], "rotation": 90, "texture": "#1"},
				"east": {"uv": [0, 0, 16, 1], "rotation": 90, "texture": "#1"},
				"south": {"uv": [0, 0, 16, 1], "rotation": 90, "texture": "#1"},
				"west": {"uv": [0, 0, 16, 1], "rotation": 90, "texture": "#1"},
				"up": {"uv": [0, 0, 16, 1], "rotation": 90, "texture": "#1"},
				"down": {"uv": [0, 0, 16, 1], "rotation": 90, "texture": "#1"}
			}
		},
		{
			"from": [11.2, 0, 5.8],
			"to": [12.2, 1, 11.2],
			"rotation": {"angle": -22.5, "axis": "y", "origin": [7, 8, 8]},
			"faces": {
				"north": {"uv": [0, 0, 16, 1], "rotation": 90, "texture": "#1"},
				"east": {"uv": [0, 0, 16, 1], "rotation": 90, "texture": "#1"},
				"south": {"uv": [0, 0, 16, 1], "rotation": 90, "texture": "#1"},
				"west": {"uv": [0, 0, 16, 1], "rotation": 90, "texture": "#1"},
				"up": {"uv": [0, 0, 16, 1], "rotation": 90, "texture": "#1"},
				"down": {"uv": [0, 0, 16, 1], "rotation": 90, "texture": "#1"}
			}
		},
		{
			"from": [5.1, 0.1, 4],
			"to": [11, 0.5, 12],
			"faces": {
				"north": {"uv": [0, 0, 16, 1], "rotation": 270, "texture": "#1"},
				"east": {"uv": [0, 0, 16, 1], "rotation": 270, "texture": "#1"},
				"south": {"uv": [0, 0, 16, 1], "rotation": 270, "texture": "#1"},
				"west": {"uv": [0, 0, 16, 1], "rotation": 270, "texture": "#1"},
				"up": {"uv": [0, 0, 16, 1], "rotation": 270, "texture": "#3"},
				"down": {"uv": [0, 0, 16, 1], "rotation": 270, "texture": "#1"}
			}
		},
		{
			"from": [4, 0.1, 6.5],
			"to": [5.1, 0.5, 9.4],
			"faces": {
				"north": {"uv": [0, 0, 16, 1], "rotation": 270, "texture": "#1"},
				"east": {"uv": [0, 0, 16, 1], "rotation": 270, "texture": "#1"},
				"south": {"uv": [0, 0, 16, 1], "rotation": 270, "texture": "#1"},
				"west": {"uv": [0, 0, 16, 1], "rotation": 270, "texture": "#1"},
				"up": {"uv": [0, 0, 16, 1], "rotation": 270, "texture": "#3"},
				"down": {"uv": [0, 0, 16, 1], "rotation": 270, "texture": "#1"}
			}
		},
		{
			"from": [11, 0.1, 6.5],
			"to": [12.1, 0.5, 9.4],
			"faces": {
				"north": {"uv": [0, 0, 16, 1], "rotation": 270, "texture": "#1"},
				"east": {"uv": [0, 0, 16, 1], "rotation": 270, "texture": "#1"},
				"south": {"uv": [0, 0, 16, 1], "rotation": 270, "texture": "#1"},
				"west": {"uv": [0, 0, 16, 1], "rotation": 270, "texture": "#1"},
				"up": {"uv": [0, 0, 16, 1], "rotation": 270, "texture": "#3"},
				"down": {"uv": [0, 0, 16, 1], "rotation": 270, "texture": "#1"}
			}
		},
		{
			"from": [7.2, 0.5, 7.2],
			"to": [8.8, 1.6, 8.8],
			"faces": {
				"north": {"uv": [0, 0, 16, 1], "rotation": 270, "texture": "#2"},
				"east": {"uv": [0, 0, 16, 1], "rotation": 270, "texture": "#2"},
				"south": {"uv": [0, 0, 16, 1], "rotation": 270, "texture": "#2"},
				"west": {"uv": [0, 0, 16, 1], "rotation": 270, "texture": "#2"},
				"up": {"uv": [0, 0, 16, 1], "rotation": 270, "texture": "#2"},
				"down": {"uv": [0, 0, 16, 1], "rotation": 270, "texture": "#2"}
			}
		},
		{
			"from": [9.2, 0.5, 6.8],
			"to": [9.3, 1.5, 9.2],
			"faces": {
				"north": {"uv": [0, 0, 16, 1], "rotation": 270, "texture": "#2"},
				"east": {"uv": [0, 0, 16, 1], "rotation": 270, "texture": "#2"},
				"south": {"uv": [0, 0, 16, 1], "rotation": 270, "texture": "#2"},
				"west": {"uv": [0, 0, 16, 1], "rotation": 270, "texture": "#2"},
				"up": {"uv": [0, 0, 16, 1], "rotation": 270, "texture": "#2"},
				"down": {"uv": [0, 0, 16, 1], "rotation": 270, "texture": "#2"}
			}
		},
		{
			"from": [6.3, 0.5, 9.7],
			"to": [9.7, 1.5, 9.8],
			"faces": {
				"north": {"uv": [0, 0, 16, 1], "rotation": 270, "texture": "#2"},
				"east": {"uv": [0, 0, 16, 1], "rotation": 270, "texture": "#2"},
				"south": {"uv": [0, 0, 16, 1], "rotation": 270, "texture": "#2"},
				"west": {"uv": [0, 0, 16, 1], "rotation": 270, "texture": "#2"},
				"up": {"uv": [0, 0, 16, 1], "rotation": 180, "texture": "#2"},
				"down": {"uv": [0, 0, 16, 1], "texture": "#2"}
			}
		},
		{
			"from": [6.7, 0.5, 6.8],
			"to": [6.8, 1.5, 9.2],
			"faces": {
				"north": {"uv": [0, 0, 16, 1], "rotation": 270, "texture": "#2"},
				"east": {"uv": [0, 0, 16, 1], "rotation": 270, "texture": "#2"},
				"south": {"uv": [0, 0, 16, 1], "rotation": 270, "texture": "#2"},
				"west": {"uv": [0, 0, 16, 1], "rotation": 270, "texture": "#2"},
				"up": {"uv": [0, 0, 16, 1], "rotation": 90, "texture": "#2"},
				"down": {"uv": [0, 0, 16, 1], "rotation": 90, "texture": "#2"}
			}
		},
		{
			"from": [6.8, 0.5, 6.7],
			"to": [9.2, 1.5, 6.8],
			"faces": {
				"north": {"uv": [0, 0, 16, 1], "rotation": 270, "texture": "#2"},
				"east": {"uv": [0, 0, 16, 1], "rotation": 270, "texture": "#2"},
				"south": {"uv": [0, 0, 16, 1], "rotation": 270, "texture": "#2"},
				"west": {"uv": [0, 0, 16, 1], "rotation": 270, "texture": "#2"},
				"up": {"uv": [0, 0, 16, 1], "texture": "#2"},
				"down": {"uv": [0, 0, 16, 1], "rotation": 180, "texture": "#2"}
			}
		},
		{
			"from": [6.8, 0.5, 9.2],
			"to": [9.2, 1.5, 9.3],
			"faces": {
				"north": {"uv": [0, 0, 16, 1], "rotation": 270, "texture": "#2"},
				"east": {"uv": [0, 0, 16, 1], "rotation": 270, "texture": "#2"},
				"south": {"uv": [0, 0, 16, 1], "rotation": 270, "texture": "#2"},
				"west": {"uv": [0, 0, 16, 1], "rotation": 270, "texture": "#2"},
				"up": {"uv": [0, 0, 16, 1], "rotation": 180, "texture": "#2"},
				"down": {"uv": [0, 0, 16, 1], "texture": "#2"}
			}
		},
		{
			"from": [5.8, 0.5, 10.2],
			"to": [10.2, 1.5, 10.3],
			"faces": {
				"north": {"uv": [0, 0, 16, 1], "rotation": 270, "texture": "#2"},
				"east": {"uv": [0, 0, 16, 1], "rotation": 270, "texture": "#2"},
				"south": {"uv": [0, 0, 16, 1], "rotation": 270, "texture": "#2"},
				"west": {"uv": [0, 0, 16, 1], "rotation": 270, "texture": "#2"},
				"up": {"uv": [0, 0, 16, 1], "rotation": 180, "texture": "#2"},
				"down": {"uv": [0, 0, 16, 1], "texture": "#2"}
			}
		},
		{
			"from": [10.2, 0.5, 5.8],
			"to": [10.3, 1.4, 10.2],
			"faces": {
				"north": {"uv": [0, 0, 16, 1], "rotation": 270, "texture": "#2"},
				"east": {"uv": [0, 0, 16, 1], "rotation": 270, "texture": "#2"},
				"south": {"uv": [0, 0, 16, 1], "rotation": 270, "texture": "#2"},
				"west": {"uv": [0, 0, 16, 1], "rotation": 270, "texture": "#2"},
				"up": {"uv": [0, 0, 16, 1], "rotation": 270, "texture": "#2"},
				"down": {"uv": [0, 0, 16, 1], "rotation": 270, "texture": "#2"}
			}
		},
		{
			"from": [5.7, 0.5, 5.8],
			"to": [5.8, 1.5, 10.2],
			"faces": {
				"north": {"uv": [0, 0, 16, 1], "rotation": 270, "texture": "#2"},
				"east": {"uv": [0, 0, 16, 1], "rotation": 270, "texture": "#2"},
				"south": {"uv": [0, 0, 16, 1], "rotation": 270, "texture": "#2"},
				"west": {"uv": [0, 0, 16, 1], "rotation": 270, "texture": "#2"},
				"up": {"uv": [0, 0, 16, 1], "rotation": 270, "texture": "#2"},
				"down": {"uv": [0, 0, 16, 1], "rotation": 270, "texture": "#2"}
			}
		},
		{
			"from": [6.3, 0.5, 6.2],
			"to": [9.7, 1.5, 6.3],
			"faces": {
				"north": {"uv": [0, 0, 16, 1], "rotation": 270, "texture": "#2"},
				"east": {"uv": [0, 0, 16, 1], "rotation": 270, "texture": "#2"},
				"south": {"uv": [0, 0, 16, 1], "rotation": 270, "texture": "#2"},
				"west": {"uv": [0, 0, 16, 1], "rotation": 270, "texture": "#2"},
				"up": {"uv": [0, 0, 16, 1], "rotation": 180, "texture": "#2"},
				"down": {"uv": [0, 0, 16, 1], "texture": "#2"}
			}
		},
		{
			"from": [5.8, 0.5, 5.7],
			"to": [10.2, 1.5, 5.8],
			"faces": {
				"north": {"uv": [0, 0, 16, 1], "rotation": 270, "texture": "#2"},
				"east": {"uv": [0, 0, 16, 1], "rotation": 270, "texture": "#2"},
				"south": {"uv": [0, 0, 16, 1], "rotation": 270, "texture": "#2"},
				"west": {"uv": [0, 0, 16, 1], "rotation": 270, "texture": "#2"},
				"up": {"uv": [0, 0, 16, 1], "rotation": 180, "texture": "#2"},
				"down": {"uv": [0, 0, 16, 1], "texture": "#2"}
			}
		},
		{
			"from": [9.7, 0.5, 6.3],
			"to": [9.8, 1.5, 9.7],
			"faces": {
				"north": {"uv": [0, 0, 16, 1], "rotation": 270, "texture": "#2"},
				"east": {"uv": [0, 0, 16, 1], "rotation": 270, "texture": "#2"},
				"south": {"uv": [0, 0, 16, 1], "rotation": 270, "texture": "#2"},
				"west": {"uv": [0, 0, 16, 1], "rotation": 270, "texture": "#2"},
				"up": {"uv": [0, 0, 16, 1], "rotation": 270, "texture": "#2"},
				"down": {"uv": [0, 0, 16, 1], "rotation": 270, "texture": "#2"}
			}
		},
		{
			"from": [6.2, 0.5, 6.3],
			"to": [6.3, 1.5, 9.7],
			"faces": {
				"north": {"uv": [0, 0, 16, 1], "rotation": 270, "texture": "#2"},
				"east": {"uv": [0, 0, 16, 1], "rotation": 270, "texture": "#2"},
				"south": {"uv": [0, 0, 16, 1], "rotation": 270, "texture": "#2"},
				"west": {"uv": [0, 0, 16, 1], "rotation": 270, "texture": "#2"},
				"up": {"uv": [0, 0, 16, 1], "rotation": 270, "texture": "#2"},
				"down": {"uv": [0, 0, 16, 1], "rotation": 270, "texture": "#2"}
			}
		},
		{
			"from": [-2.2, 5, 0.4],
			"to": [-1.2, 6, 12.2],
			"rotation": {"angle": -22.5, "axis": "y", "origin": [8, 12, 8]},
			"faces": {
				"north": {"uv": [1, 0.0625, 2.5625, 0.875], "rotation": 270, "texture": "#0"},
				"east": {"uv": [1, 0.0625, 2.5625, 0.875], "rotation": 270, "texture": "#0"},
				"south": {"uv": [1, 0.0625, 2.5625, 0.875], "rotation": 270, "texture": "#0"},
				"west": {"uv": [1, 0.0625, 2.5625, 0.875], "rotation": 270, "texture": "#0"},
				"up": {"uv": [1, 0.0625, 2.5625, 0.875], "rotation": 270, "texture": "#0"},
				"down": {"uv": [1, 0.0625, 2.5625, 0.875], "rotation": 270, "texture": "#0"}
			}
		},
		{
			"from": [1.5, 5, -3],
			"to": [14.5, 6, -2],
			"faces": {
				"north": {"uv": [1, 0.0625, 2.5625, 0.875], "texture": "#0"},
				"east": {"uv": [1, 0.0625, 2.5625, 0.875], "texture": "#0"},
				"south": {"uv": [1, 0.0625, 2.5625, 0.875], "texture": "#0"},
				"west": {"uv": [1, 0.0625, 2.5625, 0.875], "texture": "#0"},
				"up": {"uv": [1, 0.0625, 2.5625, 0.875], "texture": "#0"},
				"down": {"uv": [1, 0.0625, 2.5625, 0.875], "texture": "#0"}
			}
		},
		{
			"from": [17.2, 5, 0.3],
			"to": [18.2, 6, 12.2],
			"rotation": {"angle": 22.5, "axis": "y", "origin": [8, 12, 8]},
			"faces": {
				"north": {"uv": [1, 0.0625, 2.5625, 0.875], "rotation": 90, "texture": "#0"},
				"east": {"uv": [1, 0.0625, 2.5625, 0.875], "rotation": 90, "texture": "#0"},
				"south": {"uv": [1, 0.0625, 2.5625, 0.875], "rotation": 90, "texture": "#0"},
				"west": {"uv": [1, 0.0625, 2.5625, 0.875], "rotation": 90, "texture": "#0"},
				"up": {"uv": [1, 0.0625, 2.5625, 0.875], "rotation": 90, "texture": "#0"},
				"down": {"uv": [1, 0.0625, 2.5625, 0.875], "rotation": 90, "texture": "#0"}
			}
		},
		{
			"from": [17.2, 5, 3.8],
			"to": [18.2, 6, 15.7],
			"rotation": {"angle": -22.5, "axis": "y", "origin": [8, 18, 8]},
			"faces": {
				"north": {"uv": [1, 0.0625, 2.5625, 0.875], "rotation": 90, "texture": "#0"},
				"east": {"uv": [1, 0.0625, 2.5625, 0.875], "rotation": 90, "texture": "#0"},
				"south": {"uv": [1, 0.0625, 2.5625, 0.875], "rotation": 90, "texture": "#0"},
				"west": {"uv": [1, 0.0625, 2.5625, 0.875], "rotation": 90, "texture": "#0"},
				"up": {"uv": [1, 0.0625, 2.5625, 0.875], "rotation": 90, "texture": "#0"},
				"down": {"uv": [1, 0.0625, 2.5625, 0.875], "rotation": 90, "texture": "#0"}
			}
		},
		{
			"from": [1.5, 5, 18],
			"to": [14.4, 6, 19],
			"faces": {
				"north": {"uv": [1, 0.0625, 2.5625, 0.875], "rotation": 180, "texture": "#0"},
				"east": {"uv": [1, 0.0625, 2.5625, 0.875], "rotation": 180, "texture": "#0"},
				"south": {"uv": [1, 0.0625, 2.5625, 0.875], "rotation": 180, "texture": "#0"},
				"west": {"uv": [1, 0.0625, 2.5625, 0.875], "rotation": 180, "texture": "#0"},
				"up": {"uv": [1, 0.0625, 2.5625, 0.875], "rotation": 180, "texture": "#0"},
				"down": {"uv": [1, 0.0625, 2.5625, 0.875], "rotation": 180, "texture": "#0"}
			}
		},
		{
			"from": [-2.2, 5, 3.8],
			"to": [-1.2, 6, 15.6],
			"rotation": {"angle": 22.5, "axis": "y", "origin": [8, 18, 8]},
			"faces": {
				"north": {"uv": [1, 0.0625, 2.5625, 0.875], "rotation": 270, "texture": "#0"},
				"east": {"uv": [1, 0.0625, 2.5625, 0.875], "rotation": 270, "texture": "#0"},
				"south": {"uv": [1, 0.0625, 2.5625, 0.875], "rotation": 270, "texture": "#0"},
				"west": {"uv": [1, 0.0625, 2.5625, 0.875], "rotation": 270, "texture": "#0"},
				"up": {"uv": [1, 0.0625, 2.5625, 0.875], "rotation": 270, "texture": "#0"},
				"down": {"uv": [1, 0.0625, 2.5625, 0.875], "rotation": 270, "texture": "#0"}
			}
		}
	],
	"display": {
		"thirdperson_righthand": {
			"scale": [0.2, 0.2, 0.2],
			"translation": [0, 1.5, 0]
		},
		"thirdperson_lefthand": {
			"scale": [0.2, 0.2, 0.2],
			"translation": [0, 1.5, 0]
		},
		"firstperson_righthand": {
			"scale": [0.5, 0.5, 0.5],
			"translation": [2, 2, 0]
		},
		"firstperson_lefthand": {
			"scale": [0.5, 0.5, 0.5],
			"translation": [3, 2, 0]
		},
		"ground": {
			"scale": [0.5, 0.5, 0.5]
		},
		"fixed": {
			"rotation": [-90, 0, 0],
			"translation": [0, 0, -8]
		},
		"gui": {
			"scale": [0.7, 0.7, 0.7],
			"rotation": [58, 0, 0]
		}
	}
}