{
	"credit": "Made with Blockbench",
	"textures": {
		"0": "block/black_wool",
		"1": "block/red_terracotta",
		"2": "block/iron_ore",
		"3": "block/light_gray_wool"
	},
	"elements": [
		{
			"name": "Cube",
			"from": [5, 7.5, 5],
			"to": [11, 8.5, 13],
			"faces": {
				"north": {"uv": [0, 0, 6, 1], "texture": "#0"},
				"east": {"uv": [0, 0, 8, 1], "texture": "#0"},
				"south": {"uv": [0, 0, 6, 1], "texture": "#0"},
				"west": {"uv": [0, 0, 8, 1], "texture": "#0"},
				"up": {"uv": [0, 0, 6, 8], "texture": "#0"},
				"down": {"uv": [0, 0, 6, 8], "texture": "#0"}
			}
		},
		{
			"name": "Cube",
			"from": [6.5, 7.5, 3.6],
			"to": [9.5, 8.5, 6.1],
			"faces": {
				"north": {"uv": [0, 0, 4, 1], "texture": "#0"},
				"east": {"uv": [0, 0, 1.5, 1], "texture": "#0"},
				"south": {"uv": [0, 0, 4, 1], "texture": "#0"},
				"west": {"uv": [0, 0, 1.5, 1], "texture": "#0"},
				"up": {"uv": [0, 0, 4, 1.5], "texture": "#0"},
				"down": {"uv": [0, 0, 4, 1.5], "texture": "#0"}
			}
		},
		{
			"name": "Cube",
			"from": [10.3, 7.5, 6],
			"to": [12.3, 8.5, 8],
			"rotation": {"angle": 45, "axis": "y", "origin": [8, 8, 8]},
			"faces": {
				"north": {"uv": [0, 0, 2, 1], "texture": "#0"},
				"east": {"uv": [0, 0, 2, 1], "texture": "#0"},
				"south": {"uv": [0, 0, 2, 1], "texture": "#0"},
				"west": {"uv": [0, 0, 2, 1], "texture": "#0"},
				"up": {"uv": [0, 0, 2, 2], "texture": "#0"},
				"down": {"uv": [0, 0, 2, 2], "texture": "#0"}
			}
		},
		{
			"name": "Cube",
			"from": [3.7, 7.5, 6],
			"to": [5.7, 8.5, 8],
			"rotation": {"angle": -45, "axis": "y", "origin": [8, 8, 8]},
			"faces": {
				"north": {"uv": [0, 0, 2, 1], "texture": "#0"},
				"east": {"uv": [0, 0, 2, 1], "texture": "#0"},
				"south": {"uv": [0, 0, 2, 1], "texture": "#0"},
				"west": {"uv": [0, 0, 2, 1], "texture": "#0"},
				"up": {"uv": [0, 0, 2, 2], "texture": "#0"},
				"down": {"uv": [0, 0, 2, 2], "texture": "#0"}
			}
		},
		{
			"name": "Cube",
			"from": [6, 7.5, 3.5],
			"to": [10, 8.7, 4.5],
			"faces": {
				"north": {"uv": [0, 0, 4, 1.2], "texture": "#1"},
				"east": {"uv": [0, 0, 1, 1.2], "texture": "#1"},
				"south": {"uv": [0, 0, 4, 1.2], "texture": "#1"},
				"west": {"uv": [0, 0, 1, 1.2], "texture": "#1"},
				"up": {"uv": [0, 0, 4, 1], "texture": "#1"},
				"down": {"uv": [0, 0, 4, 1], "texture": "#1"}
			}
		},
		{
			"name": "Cube",
			"from": [6.5, 8.7, 3.5],
			"to": [9.5, 8.9, 4.5],
			"faces": {
				"north": {"uv": [0, 0, 3, 0.2], "texture": "#1"},
				"east": {"uv": [0, 0, 1, 0.2], "texture": "#1"},
				"south": {"uv": [0, 0, 3, 0.2], "texture": "#1"},
				"west": {"uv": [0, 0, 1, 0.2], "texture": "#1"},
				"up": {"uv": [0, 0, 3, 1], "texture": "#1"},
				"down": {"uv": [0, 0, 3, 1], "texture": "#1"}
			}
		},
		{
			"name": "Cube",
			"from": [7, 8.9, 3.5],
			"to": [9, 9.1, 4.5],
			"faces": {
				"north": {"uv": [0, 0, 2, 0.2], "texture": "#1"},
				"east": {"uv": [0, 0, 1, 0.2], "texture": "#1"},
				"south": {"uv": [0, 0, 2, 0.2], "texture": "#1"},
				"west": {"uv": [0, 0, 1, 0.2], "texture": "#1"},
				"up": {"uv": [0, 0, 2, 1], "texture": "#1"},
				"down": {"uv": [0, 0, 2, 1], "texture": "#1"}
			}
		},
		{
			"name": "Cube",
			"from": [7.5, 9.1, 3.5],
			"to": [8.5, 9.3, 4.5],
			"faces": {
				"north": {"uv": [0, 0, 1, 0.2], "texture": "#1"},
				"east": {"uv": [0, 0, 1, 0.2], "texture": "#1"},
				"south": {"uv": [0, 0, 1, 0.2], "texture": "#1"},
				"west": {"uv": [0, 0, 1, 0.2], "texture": "#1"},
				"up": {"uv": [0, 0, 1, 1], "texture": "#1"},
				"down": {"uv": [0, 0, 1, 1], "texture": "#1"}
			}
		},
		{
			"name": "Cube",
			"from": [6, 8.5, 8],
			"to": [10, 8.7, 12],
			"faces": {
				"north": {"uv": [0, 0, 4, 0.2], "texture": "#2"},
				"east": {"uv": [0, 0, 4, 0.2], "texture": "#2"},
				"south": {"uv": [0, 0, 4, 0.2], "texture": "#2"},
				"west": {"uv": [0, 0, 4, 0.2], "texture": "#2"},
				"up": {"uv": [0, 0, 4, 4], "texture": "#2"},
				"down": {"uv": [0, 0, 4, 4], "texture": "#2"}
			}
		},
		{
			"name": "Cube",
			"from": [7, 8.5, 9],
			"to": [9, 9.2, 11],
			"faces": {
				"north": {"uv": [0, 0, 2, 1], "texture": "#3"},
				"east": {"uv": [0, 0, 2, 1], "texture": "#3"},
				"south": {"uv": [0, 0, 2, 1], "texture": "#3"},
				"west": {"uv": [0, 0, 2, 1], "texture": "#3"},
				"up": {"uv": [0, 0, 2, 2], "texture": "#3"},
				"down": {"uv": [0, 0, 2, 2], "texture": "#3"}
			}
		},
		{
			"name": "Cube",
			"from": [7.4, 9.2, 9.5],
			"to": [8.7, 9.4, 10.5],
			"faces": {
				"north": {"uv": [0, 0, 1.3, 0.2], "texture": "#3"},
				"east": {"uv": [0, 0, 1, 0.2], "texture": "#3"},
				"south": {"uv": [0, 0, 1.3, 0.2], "texture": "#3"},
				"west": {"uv": [0, 0, 1, 0.2], "texture": "#3"},
				"up": {"uv": [0, 0, 1.3, 1], "texture": "#3"},
				"down": {"uv": [0, 0, 1.3, 1], "texture": "#3"}
			}
		},
		{
			"name": "Cube",
			"from": [8.7, 8.5, 6.5],
			"to": [10, 8.7, 7.5],
			"faces": {
				"north": {"uv": [0, 0, 1.3, 0.2], "texture": "#3"},
				"east": {"uv": [0, 0, 1, 0.2], "texture": "#3"},
				"south": {"uv": [0, 0, 1.3, 0.2], "texture": "#3"},
				"west": {"uv": [0, 0, 1, 0.2], "texture": "#3"},
				"up": {"uv": [0, 0, 1.3, 1], "texture": "#3"},
				"down": {"uv": [0, 0, 1.3, 1], "texture": "#3"}
			}
		},
		{
			"name": "Cube",
			"from": [6, 8.5, 6.5],
			"to": [7.2, 8.7, 7.5],
			"faces": {
				"north": {"uv": [0, 0, 1.2, 0.2], "texture": "#3"},
				"east": {"uv": [0, 0, 1, 0.2], "texture": "#3"},
				"south": {"uv": [0, 0, 1.2, 0.2], "texture": "#3"},
				"west": {"uv": [0, 0, 1, 0.2], "texture": "#3"},
				"up": {"uv": [0, 0, 1.2, 1], "texture": "#3"},
				"down": {"uv": [0, 0, 1.2, 1], "texture": "#3"}
			}
		},
		{
			"name": "Cube",
			"from": [7.8, 9.3, 3.5],
			"to": [8.2, 9.5, 4.5],
			"faces": {
				"north": {"uv": [0, 0, 0.4, 0.2], "texture": "#1"},
				"east": {"uv": [0, 0, 1, 0.2], "texture": "#1"},
				"south": {"uv": [0, 0, 0.4, 0.2], "texture": "#1"},
				"west": {"uv": [0, 0, 1, 0.2], "texture": "#1"},
				"up": {"uv": [0, 0, 0.4, 1], "texture": "#1"},
				"down": {"uv": [0, 0, 0.4, 1], "texture": "#1"}
			}
		},
		{
			"name": "Cube",
			"from": [7.4, 8.5, 6.5],
			"to": [8.4, 8.7, 7.5],
			"faces": {
				"north": {"uv": [0, 0, 2, 1], "texture": "#3"},
				"east": {"uv": [0, 0, 2, 1], "texture": "#3"},
				"south": {"uv": [0, 0, 2, 1], "texture": "#3"},
				"west": {"uv": [0, 0, 2, 1], "texture": "#3"},
				"up": {"uv": [0, 0, 2, 2], "texture": "#3"},
				"down": {"uv": [0, 0, 2, 2], "texture": "#3"}
			}
		}
	],
	"display": {
		"gui": {
			"rotation": [45, 45, 0],
			"translation": [-1, 0, 0],
			"scale": [1.5, 1.5, 1.5]
		},
		"thirdperson_righthand": {
			"scale": [0.7, 0.7, 0.7],
			"translation": [0, 0, -2.5]
		},
		"thirdperson_lefthand": {
			"scale": [0.7, 0.7, 0.7],
			"translation": [0, 0, -2.5]
		},
		"fixed": {
			"translation": [0, -1, 0],
			"rotation": [-90, 0, 3]
		}
	}
}