{
	"credit": "Made with Blockbench",
	"textures": {
		"0": "block/phaser",
		"particle": "block/phaser"
	},
	"elements": [
		{
			"from": [7.3, -1.8, 10.1],
			"to": [8.7, 2.7, 11.5],
			"rotation": {"angle": 45, "axis": "x", "origin": [8, 8, 11]},
			"faces": {
				"north": {"uv": [0.90625, 1.4375, 5.84375, 3.4375], "texture": "#0"},
				"east": {"uv": [0.90625, 1.4375, 5.84375, 3.4375], "texture": "#0"},
				"south": {"uv": [0.90625, 1.4375, 5.84375, 3.4375], "texture": "#0"},
				"west": {"uv": [0.90625, 1.4375, 5.84375, 3.4375], "texture": "#0"},
				"up": {"uv": [0.90625, 1.4375, 5.84375, 3.4375], "texture": "#0"},
				"down": {"uv": [0.90625, 1.4375, 5.84375, 3.4375], "texture": "#0"}
			}
		},
		{
			"from": [7.2, -1.6, 10.3],
			"to": [8.8, 1.7, 11.6],
			"rotation": {"angle": 45, "axis": "x", "origin": [8, 8, 11]},
			"faces": {
				"north": {"uv": [1.71875, 12.78125, 5.1875, 14.3125], "rotation": 90, "texture": "#0"},
				"east": {"uv": [1.71875, 12.78125, 5.1875, 14.3125], "rotation": 90, "texture": "#0"},
				"south": {"uv": [1.71875, 12.78125, 5.1875, 14.3125], "rotation": 90, "texture": "#0"},
				"west": {"uv": [1.71875, 12.78125, 5.1875, 14.3125], "rotation": 90, "texture": "#0"},
				"up": {"uv": [1.71875, 12.78125, 5.1875, 14.3125], "rotation": 90, "texture": "#0"},
				"down": {"uv": [1.71875, 12.78125, 5.1875, 14.3125], "rotation": 90, "texture": "#0"}
			}
		},
		{
			"from": [6.8, -2.6, 10],
			"to": [9.2, -1.8, 11.8],
			"rotation": {"angle": 45, "axis": "x", "origin": [8, 8, 11]},
			"faces": {
				"north": {"uv": [0.90625, 1.4375, 5.84375, 3.4375], "texture": "#0"},
				"east": {"uv": [0.90625, 1.4375, 5.84375, 3.4375], "texture": "#0"},
				"south": {"uv": [0.90625, 1.4375, 5.84375, 3.4375], "texture": "#0"},
				"west": {"uv": [0.90625, 1.4375, 5.84375, 3.4375], "texture": "#0"},
				"up": {"uv": [0.90625, 1.4375, 5.84375, 3.4375], "texture": "#0"},
				"down": {"uv": [0.90625, 1.4375, 5.84375, 3.4375], "texture": "#0"}
			}
		},
		{
			"from": [6.9, 3.6, 10.1],
			"to": [9.2, 4.6, 11],
			"faces": {
				"north": {"uv": [10, 13.03125, 11.15625, 14], "rotation": 180, "texture": "#0"},
				"east": {"uv": [10, 13.03125, 11.15625, 14], "rotation": 270, "texture": "#0"},
				"south": {"uv": [10, 13.03125, 11.15625, 14], "texture": "#0"},
				"west": {"uv": [10, 13.03125, 11.15625, 14], "rotation": 90, "texture": "#0"},
				"up": {"uv": [10.1875, 1.46875, 11.125, 3.4375], "rotation": 90, "texture": "#0"},
				"down": {"uv": [9.65625, 12.46875, 10.9375, 14.5], "rotation": 270, "texture": "#0"}
			}
		},
		{
			"from": [7.3, 5.2, 5.7],
			"to": [8.7, 6.8, 6.8],
			"rotation": {"angle": -22.5, "axis": "x", "origin": [8, 8, 11]},
			"faces": {
				"north": {"uv": [0.90625, 1.4375, 5.84375, 3.4375], "rotation": 180, "texture": "#0"},
				"east": {"uv": [0.90625, 1.4375, 5.84375, 3.4375], "rotation": 270, "texture": "#0"},
				"south": {"uv": [0.90625, 1.4375, 5.84375, 3.4375], "texture": "#0"},
				"west": {"uv": [0.90625, 1.4375, 5.84375, 3.4375], "rotation": 90, "texture": "#0"},
				"up": {"uv": [2.78125, 1.59375, 4.96875, 3.125], "rotation": 90, "texture": "#0"},
				"down": {"uv": [0.90625, 1.4375, 5.84375, 3.4375], "texture": "#0"}
			}
		},
		{
			"from": [6.9, 5.2, 7.6],
			"to": [9.1, 5.3, 8.8],
			"faces": {
				"north": {"uv": [0.90625, 1.4375, 5.84375, 3.4375], "rotation": 180, "texture": "#0"},
				"east": {"uv": [0.90625, 1.4375, 5.84375, 3.4375], "rotation": 270, "texture": "#0"},
				"south": {"uv": [0.90625, 1.4375, 5.84375, 3.4375], "texture": "#0"},
				"west": {"uv": [0.90625, 1.4375, 5.84375, 3.4375], "rotation": 90, "texture": "#0"},
				"up": {"uv": [5.90625, 1.15625, 7.25, 3.59375], "rotation": 90, "texture": "#0"},
				"down": {"uv": [0.90625, 1.4375, 5.84375, 3.4375], "texture": "#0"}
			}
		},
		{
			"from": [6.3, 3.8, 10.1],
			"to": [9.7, 4.65, 11.6],
			"rotation": {"angle": 22.5, "axis": "x", "origin": [8, 8, 11]},
			"faces": {
				"north": {"uv": [0.90625, 1.4375, 5.84375, 3.4375], "rotation": 180, "texture": "#0"},
				"east": {"uv": [0.90625, 1.4375, 5.84375, 3.4375], "rotation": 270, "texture": "#0"},
				"south": {"uv": [0.90625, 1.4375, 5.84375, 3.4375], "texture": "#0"},
				"west": {"uv": [0.90625, 1.4375, 5.84375, 3.4375], "rotation": 90, "texture": "#0"},
				"up": {"uv": [7.53125, 0.96875, 10.0625, 3.8125], "rotation": 90, "texture": "#0"},
				"down": {"uv": [4.78125, 12.53125, 7.3125, 14.71875], "rotation": 270, "texture": "#0"}
			}
		},
		{
			"from": [6.4, 3.6, 8.7],
			"to": [9.6, 4.75, 10.1],
			"faces": {
				"north": {"uv": [0.90625, 1.4375, 5.84375, 3.4375], "rotation": 180, "texture": "#0"},
				"east": {"uv": [0.90625, 1.4375, 5.84375, 3.4375], "rotation": 270, "texture": "#0"},
				"south": {"uv": [0.90625, 1.4375, 5.84375, 3.4375], "texture": "#0"},
				"west": {"uv": [0.90625, 1.4375, 5.84375, 3.4375], "rotation": 90, "texture": "#0"},
				"up": {"uv": [7.53125, 0.96875, 10.0625, 3.8125], "rotation": 90, "texture": "#0"},
				"down": {"uv": [7.34375, 11.9375, 9.5, 15.125], "rotation": 270, "texture": "#0"}
			}
		},
		{
			"from": [6.6, 3.5, 7.4],
			"to": [9.4, 5.2, 8.9],
			"faces": {
				"north": {"uv": [0.90625, 1.4375, 5.84375, 3.4375], "rotation": 180, "texture": "#0"},
				"east": {"uv": [0.90625, 1.4375, 5.84375, 3.4375], "rotation": 270, "texture": "#0"},
				"south": {"uv": [0.90625, 1.4375, 5.84375, 3.4375], "texture": "#0"},
				"west": {"uv": [0.90625, 1.4375, 5.84375, 3.4375], "rotation": 90, "texture": "#0"},
				"up": {"uv": [2.78125, 1.59375, 4.96875, 3.125], "rotation": 90, "texture": "#0"},
				"down": {"uv": [4.78125, 12.53125, 7.3125, 14.71875], "rotation": 270, "texture": "#0"}
			}
		},
		{
			"from": [7.2, 3.7, 11],
			"to": [8.9, 4.5, 11.3],
			"faces": {
				"north": {"uv": [10, 13.03125, 11.15625, 14], "rotation": 180, "texture": "#0"},
				"east": {"uv": [10, 13.03125, 11.15625, 14], "rotation": 270, "texture": "#0"},
				"south": {"uv": [13.40625, 6.03125, 14.4375, 7.03125], "texture": "#0"},
				"west": {"uv": [10, 13.03125, 11.15625, 14], "rotation": 90, "texture": "#0"},
				"up": {"uv": [10.0625, 12.96875, 10.90625, 13.96875], "rotation": 90, "texture": "#0"},
				"down": {"uv": [10, 13.03125, 11.15625, 14], "rotation": 270, "texture": "#0"}
			}
		},
		{
			"from": [7, 3.7, 9.6],
			"to": [7.9, 4.5, 10.5],
			"rotation": {"angle": 22.5, "axis": "y", "origin": [8, 8, 11]},
			"faces": {
				"north": {"uv": [10, 13.03125, 11.15625, 14], "rotation": 180, "texture": "#0"},
				"east": {"uv": [10, 13.03125, 11.15625, 14], "rotation": 270, "texture": "#0"},
				"south": {"uv": [10, 13.03125, 11.15625, 14], "texture": "#0"},
				"west": {"uv": [10, 13.03125, 11.15625, 14], "rotation": 90, "texture": "#0"},
				"up": {"uv": [10.1875, 1.46875, 11.125, 3.4375], "rotation": 90, "texture": "#0"},
				"down": {"uv": [9.65625, 12.46875, 10.9375, 14.5], "rotation": 270, "texture": "#0"}
			}
		},
		{
			"from": [8.2, 3.7, 9.6],
			"to": [9.1, 4.5, 10.5],
			"rotation": {"angle": -22.5, "axis": "y", "origin": [8, 8, 11]},
			"faces": {
				"north": {"uv": [10, 13.03125, 11.15625, 14], "rotation": 180, "texture": "#0"},
				"east": {"uv": [10, 13.03125, 11.15625, 14], "rotation": 270, "texture": "#0"},
				"south": {"uv": [10, 13.03125, 11.15625, 14], "texture": "#0"},
				"west": {"uv": [10, 13.03125, 11.15625, 14], "rotation": 90, "texture": "#0"},
				"up": {"uv": [10.1875, 1.46875, 11.125, 3.4375], "rotation": 90, "texture": "#0"},
				"down": {"uv": [9.65625, 12.46875, 10.9375, 14.5], "rotation": 270, "texture": "#0"}
			}
		}
	],
	"display": {
		"thirdperson_righthand": {
			"rotation": [50, 180, 0],
			"translation": [-0.5, 3.5, 3.5]
		},
		"thirdperson_lefthand": {
			"rotation": [50, 180, 0],
			"translation": [-0.5, 3.5, 3.5]
		},
		"firstperson_righthand": {
			"translation": [0, 6, 2],
			"rotation": [0, 180, 0]
		},
		"firstperson_lefthand": {
			"rotation": [0, 180, 0],
			"translation": [0, 6, 2]
		},
		"head": {
			"rotation": [-108, 180, 0],
			"translation": [4, -28.5, -9]
		},
		"fixed": {
			"rotation": [0, 90, 0],
			"translation": [0, 4.5, 0]
		},
		"gui": {
			"scale": [2, 2, 2],
			"rotation": [30, -45, 0],
			"translation": [-1.52, 6, 0]
		}
	}
}