{
    "tardis_takeoff": {
        "sounds": [
            "tardis_takeoff"
        ]
    },
    "tardis_land": {
        "sounds": [
            "tardis_land"
        ]
    },
    "tardis_lock": {
        "sounds": [
            "tardis_remote"
        ]
    },
    "tardis_hide": {
        "sounds": [
            "tardis_hide"
        ]
    },
    "tardis_rebuild": {
        "sounds": [
            "tardis_rebuild"
        ]
    },
    "tardis_hum_1": {
        "sounds": [
            "tardis_hum_1"
        ]
    },
	"tardis_hum_1_short": {
        "sounds": [
            "tardis_hum_1_short"
        ]
    },
    "tardis_hum": {
        "sounds": [
            "tardis_hum_2",
            "tardis_hum_3",
            "tardis_hum_4",
            "tardis_hum_5",
            "tardis_hum_6",
            "tardis_hum_7",
            "tardis_hum_8",
            "tardis_hum_9",
            "tardis_hum_10"
        ]
    },
    "sonic_screwdriver": {
        "sounds": [
            "sonic_screwdriver"
        ]
    },
    "sonic_medium": {
        "sounds": [
            "sonic_screwdriver_medium"
        ]
    },
    "sonic_short": {
        "sounds": [
            "sonic_screwdriver_short"
        ]
    },
    "police_box_open": {
        "sounds": [
            "police_box_open"
        ]
    },
    "police_box_close": {
        "sounds": [
            "police_box_close"
        ]
    },
    "tardis_door_open": {
        "sounds": [
            "tardis_door_open"
        ]
    },
    "tardis_door_close": {
        "sounds": [
            "tardis_door_close"
        ]
    },
    "tardis_handbrake_engage": {
        "sounds": [
            "tardis_handbrake_engage"
        ]
    },
    "tardis_handbrake_release": {
        "sounds": [
            "tardis_handbrake_release"
        ]
    },
    "tardis_cloister_bell": {
        "sounds": [
            "tardis_cloister_bell"
        ]
    },
    "tardis_scanner": {
        "sounds": [
            "tardis_scanner"
        ]
    },
    "tardis_malfunction": {
        "sounds": [
            "tardis_malfunction"
        ]
    },
    "tardis_enter": {
        "sounds": [
            "tardis_enter"
        ]
    },
    "lazarus_machine": {
        "sounds": [
            "lazarus_machine"
        ]
    },
    "interior_flight": {
        "sounds": [
            "interior_flight",
            "interior_flight_1"
        ]
    },
    "power_up": {
        "sounds": [
            "power_up"
        ]
    },
    "power_down": {
        "sounds": [
            "power_down"
        ]
    },
    "artron_furnace": {
        "sounds": [
            "artron_furnace"
        ]
    },
    "junk_takeoff": {
        "sounds": [
            "junk_takeoff"
        ]
    },
    "junk_land": {
        "sounds": [
            "junk_land"
        ]
    },
    "junk_arc": {
        "sounds": [
            "junk_arc"
        ]
    },
    "empty_child": {
        "sounds": [
            "empty_child_mummy",
            "empty_child_scared"
        ]
    },
    "cyberman": {
        "sounds": [
            "cyberman_become",
            "cyberman_citizen",
            "cyberman_deleted"
        ]
    },
    "dalek": {
        "sounds": [
            "dalek_beginning",
            "dalek_destroy",
            "dalek_doctor",
            "dalek_exterminate",
            "dalek_no_more",
            "dalek_stay",
            "dalek_doctor_must_die"
        ]
    },
    "dalek_hit": {
        "sounds": [
            "dalek_hit"
        ]
    },
    "hath": {
        "sounds": [
            "hath"
        ]
    },
    "silence": {
        "sounds": [
            "silence",
            "silent_rattle"
        ]
    },
    "sontaran": {
        "sounds": [
            "sontaran_too_easy",
            "sontaran_sontar_ha",
            "sontaran_stahl"
        ]
    },
    "strax": {
        "sounds": [
            "strax_apathy_1",
            "strax_apathy_2",
            "strax_discuss"
        ]
    },
    "milk": {
        "sounds": [
            "strax_lactic"
        ]
    },
    "vashta": {
        "sounds": [
            "vashta_nerada_lights"
        ]
    },
    "cloister_bell": {
        "sounds": [
            "cloister_bell"
        ]
    },
    "tardis_fly": {
        "sounds": [
            "tardis_fly"
        ]
    }
}