{
	"credit": "Made with Blockbench",
	"textures": {
		"1": "block/stone_slab_side",
		"4": "block/gold_block",
		"5": "block/cobblestone",
		"6": "block/lime_stained_glass",
		"7": "block/consolecomp",
		"1_0": "block/sonic4"
	},
	"elements": [
		{
			"name": "Cube",
			"from": [8.3, 10.5, 7.9],
			"to": [8.9, 11.6, 8.1],
			"faces": {
				"north": {"uv": [0.11, 9.375, 3.28, 15.547], "texture": "#7"},
				"east": {"uv": [0.11, 9.375, 3.28, 15.547], "texture": "#7"},
				"south": {"uv": [0.11, 9.375, 3.28, 15.547], "texture": "#7"},
				"west": {"uv": [0.11, 9.375, 3.28, 15.547], "texture": "#7"},
				"up": {"uv": [0.11, 9.375, 3.28, 15.547], "texture": "#7"},
				"down": {"uv": [0.11, 9.375, 3.28, 15.547], "texture": "#7"}
			}
		},
		{
			"name": "Cube",
			"from": [8.5, 10.5, 7.7],
			"to": [8.7, 11.6, 8.3],
			"faces": {
				"north": {"uv": [0.11, 9.375, 3.28, 15.547], "texture": "#7"},
				"east": {"uv": [0.11, 9.375, 3.28, 15.547], "texture": "#7"},
				"south": {"uv": [0.11, 9.375, 3.28, 15.547], "texture": "#7"},
				"west": {"uv": [0.11, 9.375, 3.28, 15.547], "texture": "#7"},
				"up": {"uv": [0.11, 9.375, 3.28, 15.547], "texture": "#7"},
				"down": {"uv": [0.11, 9.375, 3.28, 15.547], "texture": "#7"}
			}
		},
		{
			"name": "Cube",
			"from": [8.4, 10.5, 7.8],
			"to": [8.8, 11.6, 8.2],
			"faces": {
				"north": {"uv": [0.11, 9.375, 3.28, 15.547], "texture": "#7"},
				"east": {"uv": [0.11, 9.375, 3.28, 15.547], "texture": "#7"},
				"south": {"uv": [0.11, 9.375, 3.28, 15.547], "texture": "#7"},
				"west": {"uv": [0.11, 9.375, 3.28, 15.547], "texture": "#7"},
				"up": {"uv": [0.11, 9.375, 3.28, 15.547], "texture": "#7"},
				"down": {"uv": [0.11, 9.375, 3.28, 15.547], "texture": "#7"}
			}
		},
		{
			"name": "Cube",
			"from": [7.6, 10.5, 7.9],
			"to": [8.2, 11.8, 8.1],
			"faces": {
				"north": {"uv": [0.11, 9.375, 3.28, 15.547], "texture": "#7"},
				"east": {"uv": [0.11, 9.375, 3.28, 15.547], "texture": "#7"},
				"south": {"uv": [0.11, 9.375, 3.28, 15.547], "texture": "#7"},
				"west": {"uv": [0.11, 9.375, 3.28, 15.547], "texture": "#7"},
				"up": {"uv": [0.11, 9.375, 3.28, 15.547], "texture": "#7"},
				"down": {"uv": [0.11, 9.375, 3.28, 15.547], "texture": "#7"}
			}
		},
		{
			"name": "Cube",
			"from": [7.7, 10.5, 7.8],
			"to": [8.1, 11.8, 8.2],
			"faces": {
				"north": {"uv": [0.11, 9.375, 3.28, 15.547], "texture": "#7"},
				"east": {"uv": [0.11, 9.375, 3.28, 15.547], "texture": "#7"},
				"south": {"uv": [0.11, 9.375, 3.28, 15.547], "texture": "#7"},
				"west": {"uv": [0.11, 9.375, 3.28, 15.547], "texture": "#7"},
				"up": {"uv": [0.11, 9.375, 3.28, 15.547], "texture": "#7"},
				"down": {"uv": [0.11, 9.375, 3.28, 15.547], "texture": "#7"}
			}
		},
		{
			"name": "Cube",
			"from": [8.15, 11.4, 8.4],
			"to": [8.35, 11.5, 8.6],
			"faces": {
				"north": {"uv": [0, 9, 1.17, 15.172], "texture": "#6"},
				"east": {"uv": [0, 9, 1.17, 15.172], "texture": "#6"},
				"south": {"uv": [0, 9, 1.17, 15.172], "texture": "#6"},
				"west": {"uv": [0, 9, 1.17, 15.172], "texture": "#6"},
				"up": {"uv": [0, 9, 1.17, 15.172], "texture": "#6"},
				"down": {"uv": [0, 9, 1.17, 15.172], "texture": "#6"}
			}
		},
		{
			"name": "Cube",
			"from": [8.5, 11.6, 7.9],
			"to": [8.7, 11.7, 8.1],
			"faces": {
				"north": {"uv": [0, 9, 1.17, 15.172], "texture": "#6"},
				"east": {"uv": [0, 9, 1.17, 15.172], "texture": "#6"},
				"south": {"uv": [0, 9, 1.17, 15.172], "texture": "#6"},
				"west": {"uv": [0, 9, 1.17, 15.172], "texture": "#6"},
				"up": {"uv": [0, 9, 1.17, 15.172], "texture": "#6"},
				"down": {"uv": [0, 9, 1.17, 15.172], "texture": "#6"}
			}
		},
		{
			"name": "Cube",
			"from": [7.8, 11.8, 7.9],
			"to": [8, 11.9, 8.1],
			"faces": {
				"north": {"uv": [0.11, 9.375, 1.279, 15.547], "texture": "#6"},
				"east": {"uv": [0.11, 9.375, 1.279, 15.547], "texture": "#6"},
				"south": {"uv": [0.11, 9.375, 1.279, 15.547], "texture": "#6"},
				"west": {"uv": [0.11, 9.375, 1.279, 15.547], "texture": "#6"},
				"up": {"uv": [0.11, 9.375, 1.279, 15.547], "texture": "#6"},
				"down": {"uv": [0.11, 9.375, 1.279, 15.547], "texture": "#6"}
			}
		},
		{
			"name": "Cube",
			"from": [7.8, 10.5, 7.7],
			"to": [8, 11.8, 8.3],
			"faces": {
				"north": {"uv": [0.11, 9.375, 3.28, 15.547], "texture": "#7"},
				"east": {"uv": [0.11, 9.375, 3.28, 15.547], "texture": "#7"},
				"south": {"uv": [0.11, 9.375, 3.28, 15.547], "texture": "#7"},
				"west": {"uv": [0.11, 9.375, 3.28, 15.547], "texture": "#7"},
				"up": {"uv": [0.11, 9.375, 3.28, 15.547], "texture": "#7"},
				"down": {"uv": [0.11, 9.375, 3.28, 15.547], "texture": "#7"}
			}
		},
		{
			"name": "Cube",
			"from": [7.95, 10.5, 8.4],
			"to": [8.55, 11.4, 8.6],
			"faces": {
				"north": {"uv": [0.11, 9.375, 3.28, 15.547], "texture": "#7"},
				"east": {"uv": [0.11, 9.375, 3.28, 15.547], "texture": "#7"},
				"south": {"uv": [0.11, 9.375, 3.28, 15.547], "texture": "#7"},
				"west": {"uv": [0.11, 9.375, 3.28, 15.547], "texture": "#7"},
				"up": {"uv": [0.11, 9.375, 3.28, 15.547], "texture": "#7"},
				"down": {"uv": [0.11, 9.375, 3.28, 15.547], "texture": "#7"}
			}
		},
		{
			"name": "Cube",
			"from": [8.05, 10.5, 8.3],
			"to": [8.45, 11.4, 8.7],
			"faces": {
				"north": {"uv": [0.11, 9.375, 3.28, 15.547], "texture": "#7"},
				"east": {"uv": [0.11, 9.375, 3.28, 15.547], "texture": "#7"},
				"south": {"uv": [0.11, 9.375, 3.28, 15.547], "texture": "#7"},
				"west": {"uv": [0.11, 9.375, 3.28, 15.547], "texture": "#7"},
				"up": {"uv": [0.11, 9.375, 3.28, 15.547], "texture": "#7"},
				"down": {"uv": [0.11, 9.375, 3.28, 15.547], "texture": "#7"}
			}
		},
		{
			"name": "Cube",
			"from": [8.15, 10.5, 8.2],
			"to": [8.35, 11.4, 8.8],
			"faces": {
				"north": {"uv": [0.11, 9.375, 3.28, 15.547], "texture": "#7"},
				"east": {"uv": [0.11, 9.375, 3.28, 15.547], "texture": "#7"},
				"south": {"uv": [0.11, 9.375, 3.28, 15.547], "texture": "#7"},
				"west": {"uv": [0.11, 9.375, 3.28, 15.547], "texture": "#7"},
				"up": {"uv": [0.11, 9.375, 3.28, 15.547], "texture": "#7"},
				"down": {"uv": [0.11, 9.375, 3.28, 15.547], "texture": "#7"}
			}
		},
		{
			"name": "Cube",
			"from": [7.6, 8.4, 7.9],
			"to": [8.9, 10.5, 8.6],
			"faces": {
				"north": {"uv": [0.11, 9.375, 3.28, 15.547], "texture": "#7"},
				"east": {"uv": [0.11, 9.375, 3.28, 15.547], "texture": "#7"},
				"south": {"uv": [0.11, 9.375, 3.28, 15.547], "texture": "#7"},
				"west": {"uv": [0.11, 9.375, 3.28, 15.547], "texture": "#7"},
				"up": {"uv": [0.11, 9.375, 3.28, 15.547], "texture": "#7"},
				"down": {"uv": [0.11, 9.375, 3.28, 15.547], "texture": "#7"}
			}
		},
		{
			"name": "Cube",
			"from": [7.5, 8.5, 7.8],
			"to": [9, 9.9, 8.7],
			"faces": {
				"north": {"uv": [0.11, 9.375, 3.28, 15.547], "texture": "#7"},
				"east": {"uv": [0.11, 9.375, 3.28, 15.547], "texture": "#7"},
				"south": {"uv": [0.11, 9.375, 3.28, 15.547], "texture": "#7"},
				"west": {"uv": [0.11, 9.375, 3.28, 15.547], "texture": "#7"},
				"up": {"uv": [0.11, 9.375, 3.28, 15.547], "texture": "#7"},
				"down": {"uv": [0.11, 9.375, 3.28, 15.547], "texture": "#7"}
			}
		},
		{
			"name": "Cube",
			"from": [7.7, 8.4, 7.8],
			"to": [8.8, 10.5, 8.7],
			"faces": {
				"north": {"uv": [0.11, 9.375, 3.28, 15.547], "texture": "#7"},
				"east": {"uv": [0.11, 9.375, 3.28, 15.547], "texture": "#7"},
				"south": {"uv": [0.11, 9.375, 3.28, 15.547], "texture": "#7"},
				"west": {"uv": [0.11, 9.375, 3.28, 15.547], "texture": "#7"},
				"up": {"uv": [0.11, 9.375, 3.28, 15.547], "texture": "#7"},
				"down": {"uv": [0.11, 9.375, 3.28, 15.547], "texture": "#7"}
			}
		},
		{
			"name": "Cube",
			"from": [7.6, 8.5, 7.7],
			"to": [8.9, 9.9, 8.8],
			"faces": {
				"north": {"uv": [0.11, 9.375, 3.28, 15.547], "texture": "#7"},
				"east": {"uv": [0.11, 9.375, 3.28, 15.547], "texture": "#7"},
				"south": {"uv": [0.11, 9.375, 3.28, 15.547], "texture": "#7"},
				"west": {"uv": [0.11, 9.375, 3.28, 15.547], "texture": "#7"},
				"up": {"uv": [0.11, 9.375, 3.28, 15.547], "texture": "#7"},
				"down": {"uv": [0.11, 9.375, 3.28, 15.547], "texture": "#7"}
			}
		},
		{
			"name": "Cube",
			"from": [7.8, 8.4, 7.7],
			"to": [8.7, 10.5, 8.8],
			"faces": {
				"north": {"uv": [0.11, 9.375, 3.28, 15.547], "texture": "#7"},
				"east": {"uv": [0.11, 9.375, 3.28, 15.547], "texture": "#7"},
				"south": {"uv": [0.11, 9.375, 3.28, 15.547], "texture": "#7"},
				"west": {"uv": [0.11, 9.375, 3.28, 15.547], "texture": "#7"},
				"up": {"uv": [0.11, 9.375, 3.28, 15.547], "texture": "#7"},
				"down": {"uv": [0.11, 9.375, 3.28, 15.547], "texture": "#7"}
			}
		},
		{
			"name": "Cube",
			"from": [7.7, 8.5, 7.6],
			"to": [8.8, 9.9, 8.9],
			"faces": {
				"north": {"uv": [0.11, 9.375, 3.28, 15.547], "texture": "#7"},
				"east": {"uv": [0.11, 9.375, 3.28, 15.547], "texture": "#7"},
				"south": {"uv": [0.11, 9.375, 3.28, 15.547], "texture": "#7"},
				"west": {"uv": [0.11, 9.375, 3.28, 15.547], "texture": "#7"},
				"up": {"uv": [0.11, 9.375, 3.28, 15.547], "texture": "#7"},
				"down": {"uv": [0.11, 9.375, 3.28, 15.547], "texture": "#7"}
			}
		},
		{
			"name": "Cube",
			"from": [7.75, 0, 7.65],
			"to": [8.75, 0.4, 8.85],
			"faces": {
				"north": {"uv": [3, 5, 10, 11], "texture": "#4"},
				"east": {"uv": [3, 5, 10, 11], "texture": "#4"},
				"south": {"uv": [3, 5, 10, 11], "texture": "#4"},
				"west": {"uv": [3, 5, 10, 11], "texture": "#4"},
				"up": {"uv": [3, 5, 10, 11], "rotation": 90, "texture": "#4"},
				"down": {"uv": [3, 5, 10, 11], "rotation": 270, "texture": "#4"}
			}
		},
		{
			"name": "Cube",
			"from": [7.65, 0.5, 7.65],
			"to": [8.85, 0.9, 8.85],
			"faces": {
				"north": {"uv": [3, 5, 10, 11], "texture": "#4"},
				"east": {"uv": [3, 5, 10, 11], "texture": "#4"},
				"south": {"uv": [3, 5, 10, 11], "texture": "#4"},
				"west": {"uv": [3, 5, 10, 11], "texture": "#4"},
				"up": {"uv": [3, 5, 10, 11], "rotation": 90, "texture": "#4"},
				"down": {"uv": [3, 5, 10, 11], "rotation": 270, "texture": "#4"}
			}
		},
		{
			"name": "Cube",
			"from": [7.75, 2.4, 7.65],
			"to": [8.75, 2.8, 8.85],
			"faces": {
				"north": {"uv": [3, 5, 10, 11], "texture": "#4"},
				"east": {"uv": [3, 5, 10, 11], "texture": "#4"},
				"south": {"uv": [3, 5, 10, 11], "texture": "#4"},
				"west": {"uv": [3, 5, 10, 11], "texture": "#4"},
				"up": {"uv": [3, 5, 10, 11], "rotation": 90, "texture": "#4"},
				"down": {"uv": [3, 5, 10, 11], "rotation": 270, "texture": "#4"}
			}
		},
		{
			"name": "Cube",
			"from": [7.95, 6.2, 8.45],
			"to": [8.55, 8.2, 9.25],
			"faces": {
				"north": {"uv": [3, 5, 10, 11], "texture": "#4"},
				"east": {"uv": [3, 5, 10, 11], "texture": "#4"},
				"south": {"uv": [3, 5, 10, 11], "texture": "#4"},
				"west": {"uv": [3, 5, 10, 11], "texture": "#4"},
				"up": {"uv": [3, 5, 10, 11], "rotation": 90, "texture": "#4"},
				"down": {"uv": [3, 5, 10, 11], "rotation": 270, "texture": "#4"}
			}
		},
		{
			"name": "Cube",
			"from": [8.05, 4.1, 8.35],
			"to": [8.45, 6.2, 9.05],
			"faces": {
				"north": {"uv": [3, 5, 10, 11], "texture": "#4"},
				"east": {"uv": [3, 5, 10, 11], "texture": "#4"},
				"south": {"uv": [3, 5, 10, 11], "texture": "#4"},
				"west": {"uv": [3, 5, 10, 11], "texture": "#4"},
				"up": {"uv": [3, 5, 10, 11], "rotation": 90, "texture": "#4"},
				"down": {"uv": [3, 5, 10, 11], "rotation": 270, "texture": "#4"}
			}
		},
		{
			"name": "Cube",
			"from": [8.05, 6.3, 8.55],
			"to": [8.45, 8.1, 9.35],
			"faces": {
				"north": {"uv": [3, 5, 10, 11], "texture": "#4"},
				"east": {"uv": [3, 5, 10, 11], "texture": "#4"},
				"south": {"uv": [3, 5, 10, 11], "texture": "#4"},
				"west": {"uv": [3, 5, 10, 11], "texture": "#4"},
				"up": {"uv": [3, 5, 10, 11], "rotation": 90, "texture": "#4"},
				"down": {"uv": [3, 5, 10, 11], "rotation": 270, "texture": "#4"}
			}
		},
		{
			"name": "Cube",
			"from": [8.15, 6.5, 8.65],
			"to": [8.35, 7.7, 9.45],
			"faces": {
				"north": {"uv": [2, 3, 11, 6], "rotation": 90, "texture": "#1"},
				"east": {"uv": [2, 3, 11, 6], "rotation": 90, "texture": "#1"},
				"south": {"uv": [2, 3, 11, 6], "rotation": 90, "texture": "#1"},
				"west": {"uv": [2, 3, 11, 6], "rotation": 90, "texture": "#1"},
				"up": {"uv": [2, 3, 11, 6], "rotation": 90, "texture": "#1"},
				"down": {"uv": [2, 3, 11, 6], "rotation": 90, "texture": "#1"}
			}
		},
		{
			"name": "Cube",
			"from": [8.15, 4.2, 8.65],
			"to": [8.35, 4.4, 9.15],
			"faces": {
				"north": {"uv": [2, 3, 11, 6], "rotation": 90, "texture": "#1"},
				"east": {"uv": [2, 3, 11, 6], "rotation": 90, "texture": "#1"},
				"south": {"uv": [0, 0, 16, 16], "rotation": 90, "texture": "#1"},
				"west": {"uv": [2, 3, 11, 6], "rotation": 90, "texture": "#1"},
				"up": {"uv": [2, 3, 11, 6], "rotation": 90, "texture": "#1"},
				"down": {"uv": [2, 3, 11, 6], "rotation": 90, "texture": "#1"}
			}
		},
		{
			"name": "Cube",
			"from": [8.15, 3.8, 8.55],
			"to": [8.35, 4, 9.05],
			"faces": {
				"north": {"uv": [2, 3, 11, 6], "rotation": 90, "texture": "#1"},
				"east": {"uv": [2, 3, 11, 6], "rotation": 90, "texture": "#1"},
				"south": {"uv": [0, 0, 16, 16], "rotation": 90, "texture": "#1"},
				"west": {"uv": [2, 3, 11, 6], "rotation": 90, "texture": "#1"},
				"up": {"uv": [2, 3, 11, 6], "rotation": 90, "texture": "#1"},
				"down": {"uv": [2, 3, 11, 6], "rotation": 90, "texture": "#1"}
			}
		},
		{
			"name": "Cube",
			"from": [8.15, 3.8, 7.45],
			"to": [8.35, 4, 7.95],
			"faces": {
				"north": {"uv": [0, 0, 16, 16], "rotation": 90, "texture": "#1"},
				"east": {"uv": [2, 3, 11, 6], "rotation": 90, "texture": "#1"},
				"south": {"uv": [2, 3, 11, 6], "rotation": 90, "texture": "#1"},
				"west": {"uv": [2, 3, 11, 6], "rotation": 90, "texture": "#1"},
				"up": {"uv": [2, 3, 11, 6], "rotation": 270, "texture": "#1"},
				"down": {"uv": [2, 3, 11, 6], "rotation": 270, "texture": "#1"}
			}
		},
		{
			"name": "Cube",
			"from": [7.45, 3.8, 8.15],
			"to": [7.95, 4, 8.35],
			"faces": {
				"north": {"uv": [2, 3, 11, 6], "rotation": 90, "texture": "#1"},
				"east": {"uv": [2, 3, 11, 6], "rotation": 90, "texture": "#1"},
				"south": {"uv": [2, 3, 11, 6], "rotation": 90, "texture": "#1"},
				"west": {"uv": [0, 0, 16, 16], "rotation": 90, "texture": "#1"},
				"up": {"uv": [2, 3, 11, 6], "rotation": 180, "texture": "#1"},
				"down": {"uv": [2, 3, 11, 6], "texture": "#1"}
			}
		},
		{
			"name": "Cube",
			"from": [7.35, 8, 8.15],
			"to": [7.85, 8.2, 8.35],
			"faces": {
				"north": {"uv": [2, 3, 11, 6], "rotation": 90, "texture": "#1"},
				"east": {"uv": [2, 3, 11, 6], "rotation": 90, "texture": "#1"},
				"south": {"uv": [2, 3, 11, 6], "rotation": 90, "texture": "#1"},
				"west": {"uv": [0, 0, 16, 16], "rotation": 90, "texture": "#1"},
				"up": {"uv": [2, 3, 11, 6], "rotation": 180, "texture": "#1"},
				"down": {"uv": [2, 3, 11, 6], "texture": "#1"}
			}
		},
		{
			"name": "Cube",
			"from": [8.15, 8, 7.35],
			"to": [8.35, 8.2, 7.85],
			"faces": {
				"north": {"uv": [0, 0, 16, 16], "rotation": 90, "texture": "#1"},
				"east": {"uv": [2, 3, 11, 6], "rotation": 90, "texture": "#1"},
				"south": {"uv": [2, 3, 11, 6], "rotation": 90, "texture": "#1"},
				"west": {"uv": [2, 3, 11, 6], "rotation": 90, "texture": "#1"},
				"up": {"uv": [2, 3, 11, 6], "rotation": 270, "texture": "#1"},
				"down": {"uv": [2, 3, 11, 6], "rotation": 270, "texture": "#1"}
			}
		},
		{
			"name": "Cube",
			"from": [8.65, 8, 8.15],
			"to": [9.15, 8.2, 8.35],
			"faces": {
				"north": {"uv": [2, 3, 11, 6], "rotation": 90, "texture": "#1"},
				"east": {"uv": [0, 0, 16, 16], "rotation": 90, "texture": "#1"},
				"south": {"uv": [2, 3, 11, 6], "rotation": 90, "texture": "#1"},
				"west": {"uv": [2, 3, 11, 6], "rotation": 90, "texture": "#1"},
				"up": {"uv": [2, 3, 11, 6], "texture": "#1"},
				"down": {"uv": [2, 3, 11, 6], "rotation": 180, "texture": "#1"}
			}
		},
		{
			"name": "Cube",
			"from": [8.55, 3.8, 8.15],
			"to": [9.05, 4, 8.35],
			"faces": {
				"north": {"uv": [2, 3, 11, 6], "rotation": 90, "texture": "#1"},
				"east": {"uv": [0, 0, 16, 16], "rotation": 90, "texture": "#1"},
				"south": {"uv": [2, 3, 11, 6], "rotation": 90, "texture": "#1"},
				"west": {"uv": [2, 3, 11, 6], "rotation": 90, "texture": "#1"},
				"up": {"uv": [2, 3, 11, 6], "texture": "#1"},
				"down": {"uv": [2, 3, 11, 6], "rotation": 180, "texture": "#1"}
			}
		},
		{
			"name": "Cube",
			"from": [8.15, 5.9, 8.65],
			"to": [8.35, 6.1, 9.15],
			"faces": {
				"north": {"uv": [2, 3, 11, 6], "rotation": 90, "texture": "#1"},
				"east": {"uv": [2, 3, 11, 6], "rotation": 90, "texture": "#1"},
				"south": {"uv": [0, 0, 16, 16], "rotation": 90, "texture": "#1"},
				"west": {"uv": [2, 3, 11, 6], "rotation": 90, "texture": "#1"},
				"up": {"uv": [2, 3, 11, 6], "rotation": 90, "texture": "#1"},
				"down": {"uv": [2, 3, 11, 6], "rotation": 90, "texture": "#1"}
			}
		},
		{
			"name": "Cube",
			"from": [8.15, 6.9, 8.95],
			"to": [8.35, 8, 9.55],
			"rotation": {"angle": 22.5, "axis": "x", "origin": [8.25, 7.4, 9.35]},
			"faces": {
				"north": {"uv": [2, 3, 11, 6], "rotation": 90, "texture": "#1"},
				"east": {"uv": [2, 3, 11, 6], "rotation": 90, "texture": "#1"},
				"south": {"uv": [2, 3, 11, 6], "rotation": 90, "texture": "#1"},
				"west": {"uv": [2, 3, 11, 6], "rotation": 90, "texture": "#1"},
				"up": {"uv": [2, 3, 11, 6], "rotation": 90, "texture": "#1"},
				"down": {"uv": [2, 3, 11, 6], "rotation": 90, "texture": "#1"}
			}
		},
		{
			"name": "Cube",
			"from": [7.65, 7.8, 7.45],
			"to": [8.85, 8.3, 9.05],
			"faces": {
				"north": {"uv": [3, 5, 10, 11], "texture": "#4"},
				"east": {"uv": [3, 5, 10, 11], "texture": "#4"},
				"south": {"uv": [3, 5, 10, 11], "texture": "#4"},
				"west": {"uv": [3, 5, 10, 11], "texture": "#4"},
				"up": {"uv": [3, 5, 10, 11], "rotation": 90, "texture": "#4"},
				"down": {"uv": [3, 5, 10, 11], "rotation": 270, "texture": "#4"}
			}
		},
		{
			"name": "Cube",
			"from": [7.65, 7.3, 7.45],
			"to": [8.85, 7.9, 7.95],
			"faces": {
				"north": {"uv": [3, 5, 10, 11], "texture": "#4"},
				"east": {"uv": [3, 5, 10, 11], "texture": "#4"},
				"south": {"uv": [3, 5, 10, 11], "texture": "#4"},
				"west": {"uv": [3, 5, 10, 11], "texture": "#4"},
				"up": {"uv": [3, 5, 10, 11], "rotation": 90, "texture": "#4"},
				"down": {"uv": [3, 5, 10, 11], "rotation": 270, "texture": "#4"}
			}
		},
		{
			"name": "Cube",
			"from": [7.65, 2.9, 7.65],
			"to": [8.85, 3.6, 8.85],
			"faces": {
				"north": {"uv": [3, 5, 10, 11], "texture": "#4"},
				"east": {"uv": [3, 5, 10, 11], "texture": "#4"},
				"south": {"uv": [3, 5, 10, 11], "texture": "#4"},
				"west": {"uv": [3, 5, 10, 11], "texture": "#4"},
				"up": {"uv": [3, 5, 10, 11], "rotation": 90, "texture": "#4"},
				"down": {"uv": [3, 5, 10, 11], "rotation": 270, "texture": "#4"}
			}
		},
		{
			"name": "Cube",
			"from": [7.75, 2.9, 7.55],
			"to": [8.75, 3.6, 8.95],
			"faces": {
				"north": {"uv": [3, 5, 10, 11], "texture": "#4"},
				"east": {"uv": [3, 5, 10, 11], "texture": "#4"},
				"south": {"uv": [3, 5, 10, 11], "texture": "#4"},
				"west": {"uv": [3, 5, 10, 11], "texture": "#4"},
				"up": {"uv": [3, 5, 10, 11], "rotation": 90, "texture": "#4"},
				"down": {"uv": [3, 5, 10, 11], "rotation": 270, "texture": "#4"}
			}
		},
		{
			"name": "Cube",
			"from": [7.55, 0.5, 7.75],
			"to": [8.95, 0.9, 8.75],
			"faces": {
				"north": {"uv": [3, 5, 10, 11], "texture": "#4"},
				"east": {"uv": [3, 5, 10, 11], "texture": "#4"},
				"south": {"uv": [3, 5, 10, 11], "texture": "#4"},
				"west": {"uv": [3, 5, 10, 11], "texture": "#4"},
				"up": {"uv": [3, 5, 10, 11], "rotation": 90, "texture": "#4"},
				"down": {"uv": [3, 5, 10, 11], "rotation": 270, "texture": "#4"}
			}
		},
		{
			"name": "Cube",
			"from": [7.65, 2.4, 7.75],
			"to": [8.85, 2.8, 8.75],
			"faces": {
				"north": {"uv": [3, 5, 10, 11], "texture": "#4"},
				"east": {"uv": [3, 5, 10, 11], "texture": "#4"},
				"south": {"uv": [3, 5, 10, 11], "texture": "#4"},
				"west": {"uv": [3, 5, 10, 11], "texture": "#4"},
				"up": {"uv": [3, 5, 10, 11], "rotation": 90, "texture": "#4"},
				"down": {"uv": [3, 5, 10, 11], "rotation": 270, "texture": "#4"}
			}
		},
		{
			"name": "Cube",
			"from": [7.45, 7.8, 7.65],
			"to": [9.05, 8.3, 8.85],
			"faces": {
				"north": {"uv": [3, 5, 10, 11], "texture": "#4"},
				"east": {"uv": [3, 5, 10, 11], "texture": "#4"},
				"south": {"uv": [3, 5, 10, 11], "texture": "#4"},
				"west": {"uv": [3, 5, 10, 11], "texture": "#4"},
				"up": {"uv": [3, 5, 10, 11], "rotation": 90, "texture": "#4"},
				"down": {"uv": [3, 5, 10, 11], "rotation": 270, "texture": "#4"}
			}
		},
		{
			"name": "Cube",
			"from": [7.6, 9, 7.55],
			"to": [8.9, 9.6, 8.95],
			"faces": {
				"north": {"uv": [3, 5, 10, 11], "texture": "#4"},
				"east": {"uv": [3, 5, 10, 11], "texture": "#4"},
				"south": {"uv": [3, 5, 10, 11], "texture": "#4"},
				"west": {"uv": [3, 5, 10, 11], "texture": "#4"},
				"up": {"uv": [3, 5, 10, 11], "rotation": 180, "texture": "#4"},
				"down": {"uv": [3, 5, 10, 11], "rotation": 180, "texture": "#4"}
			}
		},
		{
			"name": "Cube",
			"from": [7.45, 9, 7.7],
			"to": [9.05, 9.6, 8.8],
			"faces": {
				"north": {"uv": [3, 5, 10, 11], "texture": "#4"},
				"east": {"uv": [3, 5, 10, 11], "texture": "#4"},
				"south": {"uv": [3, 5, 10, 11], "texture": "#4"},
				"west": {"uv": [3, 5, 10, 11], "texture": "#4"},
				"up": {"uv": [3, 5, 10, 11], "rotation": 90, "texture": "#4"},
				"down": {"uv": [3, 5, 10, 11], "rotation": 270, "texture": "#4"}
			}
		},
		{
			"name": "Cube",
			"from": [7.55, 7.8, 7.75],
			"to": [8.95, 8.3, 8.95],
			"faces": {
				"north": {"uv": [3, 5, 10, 11], "texture": "#4"},
				"east": {"uv": [3, 5, 10, 11], "texture": "#4"},
				"south": {"uv": [3, 5, 10, 11], "texture": "#4"},
				"west": {"uv": [3, 5, 10, 11], "texture": "#4"},
				"up": {"uv": [3, 5, 10, 11], "rotation": 90, "texture": "#4"},
				"down": {"uv": [3, 5, 10, 11], "rotation": 270, "texture": "#4"}
			}
		},
		{
			"name": "Cube",
			"from": [7.55, 2.4, 7.85],
			"to": [8.95, 2.8, 8.65],
			"faces": {
				"north": {"uv": [3, 5, 10, 11], "texture": "#4"},
				"east": {"uv": [3, 5, 10, 11], "texture": "#4"},
				"south": {"uv": [3, 5, 10, 11], "texture": "#4"},
				"west": {"uv": [3, 5, 10, 11], "texture": "#4"},
				"up": {"uv": [3, 5, 10, 11], "rotation": 90, "texture": "#4"},
				"down": {"uv": [3, 5, 10, 11], "rotation": 270, "texture": "#4"}
			}
		},
		{
			"name": "Cube",
			"from": [7.85, 2.4, 7.55],
			"to": [8.65, 2.8, 8.95],
			"faces": {
				"north": {"uv": [3, 5, 10, 11], "texture": "#4"},
				"east": {"uv": [3, 5, 10, 11], "texture": "#4"},
				"south": {"uv": [3, 5, 10, 11], "texture": "#4"},
				"west": {"uv": [3, 5, 10, 11], "texture": "#4"},
				"up": {"uv": [3, 5, 10, 11], "rotation": 180, "texture": "#4"},
				"down": {"uv": [3, 5, 10, 11], "rotation": 180, "texture": "#4"}
			}
		},
		{
			"name": "Cube",
			"from": [7.55, 2.9, 7.75],
			"to": [8.95, 3.6, 8.75],
			"faces": {
				"north": {"uv": [3, 5, 10, 11], "texture": "#4"},
				"east": {"uv": [3, 5, 10, 11], "texture": "#4"},
				"south": {"uv": [3, 5, 10, 11], "texture": "#4"},
				"west": {"uv": [3, 5, 10, 11], "texture": "#4"},
				"up": {"uv": [3, 5, 10, 11], "rotation": 90, "texture": "#4"},
				"down": {"uv": [3, 5, 10, 11], "rotation": 270, "texture": "#4"}
			}
		},
		{
			"name": "Cube",
			"from": [7.75, 4.3, 7.65],
			"to": [8.75, 4.4, 8.85],
			"faces": {
				"north": {"uv": [3, 5, 10, 11], "texture": "#4"},
				"east": {"uv": [3, 5, 10, 11], "texture": "#4"},
				"south": {"uv": [3, 5, 10, 11], "texture": "#4"},
				"west": {"uv": [3, 5, 10, 11], "texture": "#4"},
				"up": {"uv": [3, 5, 10, 11], "rotation": 90, "texture": "#4"},
				"down": {"uv": [3, 5, 10, 11], "rotation": 270, "texture": "#4"}
			}
		},
		{
			"name": "Cube",
			"from": [7.75, 5.3, 7.65],
			"to": [8.75, 5.4, 8.85],
			"faces": {
				"north": {"uv": [3, 5, 10, 11], "texture": "#4"},
				"east": {"uv": [3, 5, 10, 11], "texture": "#4"},
				"south": {"uv": [3, 5, 10, 11], "texture": "#4"},
				"west": {"uv": [3, 5, 10, 11], "texture": "#4"},
				"up": {"uv": [3, 5, 10, 11], "rotation": 90, "texture": "#4"},
				"down": {"uv": [3, 5, 10, 11], "rotation": 270, "texture": "#4"}
			}
		},
		{
			"name": "Cube",
			"from": [7.75, 6.3, 7.65],
			"to": [8.75, 6.4, 8.85],
			"faces": {
				"north": {"uv": [3, 5, 10, 11], "texture": "#4"},
				"east": {"uv": [3, 5, 10, 11], "texture": "#4"},
				"south": {"uv": [3, 5, 10, 11], "texture": "#4"},
				"west": {"uv": [3, 5, 10, 11], "texture": "#4"},
				"up": {"uv": [3, 5, 10, 11], "rotation": 90, "texture": "#4"},
				"down": {"uv": [3, 5, 10, 11], "rotation": 270, "texture": "#4"}
			}
		},
		{
			"name": "Cube",
			"from": [7.75, 7.6, 7.65],
			"to": [8.75, 7.7, 8.85],
			"faces": {
				"north": {"uv": [3, 5, 10, 11], "texture": "#4"},
				"east": {"uv": [3, 5, 10, 11], "texture": "#4"},
				"south": {"uv": [3, 5, 10, 11], "texture": "#4"},
				"west": {"uv": [3, 5, 10, 11], "texture": "#4"},
				"up": {"uv": [3, 5, 10, 11], "rotation": 90, "texture": "#4"},
				"down": {"uv": [3, 5, 10, 11], "rotation": 270, "texture": "#4"}
			}
		},
		{
			"name": "Cube",
			"from": [7.65, 4.3, 7.75],
			"to": [8.85, 4.4, 8.75],
			"faces": {
				"north": {"uv": [3, 5, 10, 11], "texture": "#4"},
				"east": {"uv": [3, 5, 10, 11], "texture": "#4"},
				"south": {"uv": [3, 5, 10, 11], "texture": "#4"},
				"west": {"uv": [3, 5, 10, 11], "texture": "#4"},
				"up": {"uv": [3, 5, 10, 11], "rotation": 90, "texture": "#4"},
				"down": {"uv": [3, 5, 10, 11], "rotation": 270, "texture": "#4"}
			}
		},
		{
			"name": "Cube",
			"from": [7.65, 5.3, 7.75],
			"to": [8.85, 5.4, 8.75],
			"faces": {
				"north": {"uv": [3, 5, 10, 11], "texture": "#4"},
				"east": {"uv": [3, 5, 10, 11], "texture": "#4"},
				"south": {"uv": [3, 5, 10, 11], "texture": "#4"},
				"west": {"uv": [3, 5, 10, 11], "texture": "#4"},
				"up": {"uv": [3, 5, 10, 11], "rotation": 90, "texture": "#4"},
				"down": {"uv": [3, 5, 10, 11], "rotation": 270, "texture": "#4"}
			}
		},
		{
			"name": "Cube",
			"from": [7.65, 6.3, 7.75],
			"to": [8.85, 6.4, 8.75],
			"faces": {
				"north": {"uv": [3, 5, 10, 11], "texture": "#4"},
				"east": {"uv": [3, 5, 10, 11], "texture": "#4"},
				"south": {"uv": [3, 5, 10, 11], "texture": "#4"},
				"west": {"uv": [3, 5, 10, 11], "texture": "#4"},
				"up": {"uv": [3, 5, 10, 11], "rotation": 90, "texture": "#4"},
				"down": {"uv": [3, 5, 10, 11], "rotation": 270, "texture": "#4"}
			}
		},
		{
			"name": "Cube",
			"from": [7.65, 7.6, 7.75],
			"to": [8.85, 7.7, 8.75],
			"faces": {
				"north": {"uv": [3, 5, 10, 11], "texture": "#4"},
				"east": {"uv": [3, 5, 10, 11], "texture": "#4"},
				"south": {"uv": [3, 5, 10, 11], "texture": "#4"},
				"west": {"uv": [3, 5, 10, 11], "texture": "#4"},
				"up": {"uv": [3, 5, 10, 11], "rotation": 90, "texture": "#4"},
				"down": {"uv": [3, 5, 10, 11], "rotation": 270, "texture": "#4"}
			}
		},
		{
			"name": "Cube",
			"from": [7.75, 4.5, 7.65],
			"to": [8.75, 4.6, 8.85],
			"faces": {
				"north": {"uv": [3, 5, 10, 11], "texture": "#4"},
				"east": {"uv": [3, 5, 10, 11], "texture": "#4"},
				"south": {"uv": [3, 5, 10, 11], "texture": "#4"},
				"west": {"uv": [3, 5, 10, 11], "texture": "#4"},
				"up": {"uv": [3, 5, 10, 11], "rotation": 90, "texture": "#4"},
				"down": {"uv": [3, 5, 10, 11], "rotation": 270, "texture": "#4"}
			}
		},
		{
			"name": "Cube",
			"from": [7.75, 5.5, 7.65],
			"to": [8.75, 5.6, 8.85],
			"faces": {
				"north": {"uv": [3, 5, 10, 11], "texture": "#4"},
				"east": {"uv": [3, 5, 10, 11], "texture": "#4"},
				"south": {"uv": [3, 5, 10, 11], "texture": "#4"},
				"west": {"uv": [3, 5, 10, 11], "texture": "#4"},
				"up": {"uv": [3, 5, 10, 11], "rotation": 90, "texture": "#4"},
				"down": {"uv": [3, 5, 10, 11], "rotation": 270, "texture": "#4"}
			}
		},
		{
			"name": "Cube",
			"from": [7.75, 5.5, 7.65],
			"to": [8.75, 5.6, 8.85],
			"faces": {
				"north": {"uv": [3, 5, 10, 11], "texture": "#4"},
				"east": {"uv": [3, 5, 10, 11], "texture": "#4"},
				"south": {"uv": [3, 5, 10, 11], "texture": "#4"},
				"west": {"uv": [3, 5, 10, 11], "texture": "#4"},
				"up": {"uv": [3, 5, 10, 11], "rotation": 90, "texture": "#4"},
				"down": {"uv": [3, 5, 10, 11], "rotation": 270, "texture": "#4"}
			}
		},
		{
			"name": "Cube",
			"from": [7.75, 6.5, 7.65],
			"to": [8.75, 6.6, 8.85],
			"faces": {
				"north": {"uv": [3, 5, 10, 11], "texture": "#4"},
				"east": {"uv": [3, 5, 10, 11], "texture": "#4"},
				"south": {"uv": [3, 5, 10, 11], "texture": "#4"},
				"west": {"uv": [3, 5, 10, 11], "texture": "#4"},
				"up": {"uv": [3, 5, 10, 11], "rotation": 90, "texture": "#4"},
				"down": {"uv": [3, 5, 10, 11], "rotation": 270, "texture": "#4"}
			}
		},
		{
			"name": "Cube",
			"from": [7.65, 4.5, 7.75],
			"to": [8.85, 4.6, 8.75],
			"faces": {
				"north": {"uv": [3, 5, 10, 11], "texture": "#4"},
				"east": {"uv": [3, 5, 10, 11], "texture": "#4"},
				"south": {"uv": [3, 5, 10, 11], "texture": "#4"},
				"west": {"uv": [3, 5, 10, 11], "texture": "#4"},
				"up": {"uv": [3, 5, 10, 11], "rotation": 90, "texture": "#4"},
				"down": {"uv": [3, 5, 10, 11], "rotation": 270, "texture": "#4"}
			}
		},
		{
			"name": "Cube",
			"from": [7.65, 5.5, 7.75],
			"to": [8.85, 5.6, 8.75],
			"faces": {
				"north": {"uv": [3, 5, 10, 11], "texture": "#4"},
				"east": {"uv": [3, 5, 10, 11], "texture": "#4"},
				"south": {"uv": [3, 5, 10, 11], "texture": "#4"},
				"west": {"uv": [3, 5, 10, 11], "texture": "#4"},
				"up": {"uv": [3, 5, 10, 11], "rotation": 90, "texture": "#4"},
				"down": {"uv": [3, 5, 10, 11], "rotation": 270, "texture": "#4"}
			}
		},
		{
			"name": "Cube",
			"from": [7.65, 5.5, 7.75],
			"to": [8.85, 5.6, 8.75],
			"faces": {
				"north": {"uv": [3, 5, 10, 11], "texture": "#4"},
				"east": {"uv": [3, 5, 10, 11], "texture": "#4"},
				"south": {"uv": [3, 5, 10, 11], "texture": "#4"},
				"west": {"uv": [3, 5, 10, 11], "texture": "#4"},
				"up": {"uv": [3, 5, 10, 11], "rotation": 90, "texture": "#4"},
				"down": {"uv": [3, 5, 10, 11], "rotation": 270, "texture": "#4"}
			}
		},
		{
			"name": "Cube",
			"from": [7.65, 6.5, 7.75],
			"to": [8.85, 6.6, 8.75],
			"faces": {
				"north": {"uv": [3, 5, 10, 11], "texture": "#4"},
				"east": {"uv": [3, 5, 10, 11], "texture": "#4"},
				"south": {"uv": [3, 5, 10, 11], "texture": "#4"},
				"west": {"uv": [3, 5, 10, 11], "texture": "#4"},
				"up": {"uv": [3, 5, 10, 11], "rotation": 90, "texture": "#4"},
				"down": {"uv": [3, 5, 10, 11], "rotation": 270, "texture": "#4"}
			}
		},
		{
			"name": "Cube",
			"from": [7.75, 4.7, 7.65],
			"to": [8.75, 4.9, 8.85],
			"faces": {
				"north": {"uv": [3, 5, 10, 11], "texture": "#4"},
				"east": {"uv": [3, 5, 10, 11], "texture": "#4"},
				"south": {"uv": [3, 5, 10, 11], "texture": "#4"},
				"west": {"uv": [3, 5, 10, 11], "texture": "#4"},
				"up": {"uv": [3, 5, 10, 11], "rotation": 90, "texture": "#4"},
				"down": {"uv": [3, 5, 10, 11], "rotation": 270, "texture": "#4"}
			}
		},
		{
			"name": "Cube",
			"from": [7.75, 5.7, 7.65],
			"to": [8.75, 5.9, 8.85],
			"faces": {
				"north": {"uv": [3, 5, 10, 11], "texture": "#4"},
				"east": {"uv": [3, 5, 10, 11], "texture": "#4"},
				"south": {"uv": [3, 5, 10, 11], "texture": "#4"},
				"west": {"uv": [3, 5, 10, 11], "texture": "#4"},
				"up": {"uv": [3, 5, 10, 11], "rotation": 90, "texture": "#4"},
				"down": {"uv": [3, 5, 10, 11], "rotation": 270, "texture": "#4"}
			}
		},
		{
			"name": "Cube",
			"from": [7.65, 4.7, 7.75],
			"to": [8.85, 4.9, 8.75],
			"faces": {
				"north": {"uv": [3, 5, 10, 11], "texture": "#4"},
				"east": {"uv": [3, 5, 10, 11], "texture": "#4"},
				"south": {"uv": [3, 5, 10, 11], "texture": "#4"},
				"west": {"uv": [3, 5, 10, 11], "texture": "#4"},
				"up": {"uv": [3, 5, 10, 11], "rotation": 90, "texture": "#4"},
				"down": {"uv": [3, 5, 10, 11], "rotation": 270, "texture": "#4"}
			}
		},
		{
			"name": "Cube",
			"from": [7.65, 5.7, 7.75],
			"to": [8.85, 5.9, 8.75],
			"faces": {
				"north": {"uv": [3, 5, 10, 11], "texture": "#4"},
				"east": {"uv": [3, 5, 10, 11], "texture": "#4"},
				"south": {"uv": [3, 5, 10, 11], "texture": "#4"},
				"west": {"uv": [3, 5, 10, 11], "texture": "#4"},
				"up": {"uv": [3, 5, 10, 11], "rotation": 90, "texture": "#4"},
				"down": {"uv": [3, 5, 10, 11], "rotation": 270, "texture": "#4"}
			}
		},
		{
			"name": "Cube",
			"from": [7.75, 5, 7.65],
			"to": [8.75, 5.2, 8.85],
			"faces": {
				"north": {"uv": [3, 5, 10, 11], "texture": "#4"},
				"east": {"uv": [3, 5, 10, 11], "texture": "#4"},
				"south": {"uv": [3, 5, 10, 11], "texture": "#4"},
				"west": {"uv": [3, 5, 10, 11], "texture": "#4"},
				"up": {"uv": [3, 5, 10, 11], "rotation": 90, "texture": "#4"},
				"down": {"uv": [3, 5, 10, 11], "rotation": 270, "texture": "#4"}
			}
		},
		{
			"name": "Cube",
			"from": [7.75, 6, 7.65],
			"to": [8.75, 6.2, 8.85],
			"faces": {
				"north": {"uv": [3, 5, 10, 11], "texture": "#4"},
				"east": {"uv": [3, 5, 10, 11], "texture": "#4"},
				"south": {"uv": [3, 5, 10, 11], "texture": "#4"},
				"west": {"uv": [3, 5, 10, 11], "texture": "#4"},
				"up": {"uv": [3, 5, 10, 11], "rotation": 90, "texture": "#4"},
				"down": {"uv": [3, 5, 10, 11], "rotation": 270, "texture": "#4"}
			}
		},
		{
			"name": "Cube",
			"from": [7.75, 6.7, 7.65],
			"to": [8.75, 6.9, 8.85],
			"faces": {
				"north": {"uv": [3, 5, 10, 11], "texture": "#4"},
				"east": {"uv": [3, 5, 10, 11], "texture": "#4"},
				"south": {"uv": [3, 5, 10, 11], "texture": "#4"},
				"west": {"uv": [3, 5, 10, 11], "texture": "#4"},
				"up": {"uv": [3, 5, 10, 11], "rotation": 90, "texture": "#4"},
				"down": {"uv": [3, 5, 10, 11], "rotation": 270, "texture": "#4"}
			}
		},
		{
			"name": "Cube",
			"from": [7.75, 7.1, 7.65],
			"to": [8.75, 7.3, 8.85],
			"faces": {
				"north": {"uv": [3, 5, 10, 11], "texture": "#4"},
				"east": {"uv": [3, 5, 10, 11], "texture": "#4"},
				"south": {"uv": [3, 5, 10, 11], "texture": "#4"},
				"west": {"uv": [3, 5, 10, 11], "texture": "#4"},
				"up": {"uv": [3, 5, 10, 11], "rotation": 90, "texture": "#4"},
				"down": {"uv": [3, 5, 10, 11], "rotation": 270, "texture": "#4"}
			}
		},
		{
			"name": "Cube",
			"from": [7.65, 5, 7.75],
			"to": [8.85, 5.2, 8.75],
			"faces": {
				"north": {"uv": [3, 5, 10, 11], "texture": "#4"},
				"east": {"uv": [3, 5, 10, 11], "texture": "#4"},
				"south": {"uv": [3, 5, 10, 11], "texture": "#4"},
				"west": {"uv": [3, 5, 10, 11], "texture": "#4"},
				"up": {"uv": [3, 5, 10, 11], "rotation": 90, "texture": "#4"},
				"down": {"uv": [3, 5, 10, 11], "rotation": 270, "texture": "#4"}
			}
		},
		{
			"name": "Cube",
			"from": [7.65, 6, 7.75],
			"to": [8.85, 6.2, 8.75],
			"faces": {
				"north": {"uv": [3, 5, 10, 11], "texture": "#4"},
				"east": {"uv": [3, 5, 10, 11], "texture": "#4"},
				"south": {"uv": [3, 5, 10, 11], "texture": "#4"},
				"west": {"uv": [3, 5, 10, 11], "texture": "#4"},
				"up": {"uv": [3, 5, 10, 11], "rotation": 90, "texture": "#4"},
				"down": {"uv": [3, 5, 10, 11], "rotation": 270, "texture": "#4"}
			}
		},
		{
			"name": "Cube",
			"from": [7.65, 6.7, 7.75],
			"to": [8.85, 6.9, 8.75],
			"faces": {
				"north": {"uv": [3, 5, 10, 11], "texture": "#4"},
				"east": {"uv": [3, 5, 10, 11], "texture": "#4"},
				"south": {"uv": [3, 5, 10, 11], "texture": "#4"},
				"west": {"uv": [3, 5, 10, 11], "texture": "#4"},
				"up": {"uv": [3, 5, 10, 11], "rotation": 90, "texture": "#4"},
				"down": {"uv": [3, 5, 10, 11], "rotation": 270, "texture": "#4"}
			}
		},
		{
			"name": "Cube",
			"from": [7.65, 7.1, 7.75],
			"to": [8.85, 7.3, 8.75],
			"faces": {
				"north": {"uv": [3, 5, 10, 11], "texture": "#4"},
				"east": {"uv": [3, 5, 10, 11], "texture": "#4"},
				"south": {"uv": [3, 5, 10, 11], "texture": "#4"},
				"west": {"uv": [3, 5, 10, 11], "texture": "#4"},
				"up": {"uv": [3, 5, 10, 11], "rotation": 90, "texture": "#4"},
				"down": {"uv": [3, 5, 10, 11], "rotation": 270, "texture": "#4"}
			}
		},
		{
			"name": "Cube",
			"from": [7.65, 0, 7.75],
			"to": [8.85, 0.4, 8.75],
			"faces": {
				"north": {"uv": [3, 5, 10, 11], "texture": "#4"},
				"east": {"uv": [3, 5, 10, 11], "texture": "#4"},
				"south": {"uv": [3, 5, 10, 11], "texture": "#4"},
				"west": {"uv": [3, 5, 10, 11], "texture": "#4"},
				"up": {"uv": [3, 5, 10, 11], "rotation": 90, "texture": "#4"},
				"down": {"uv": [3, 5, 10, 11], "rotation": 270, "texture": "#4"}
			}
		},
		{
			"name": "Cube",
			"from": [7.65, 1, 7.65],
			"to": [8.85, 2.2, 8.85],
			"faces": {
				"north": {"uv": [0, 0, 16, 16], "texture": "#5"},
				"east": {"uv": [0, 0, 16, 16], "texture": "#5"},
				"south": {"uv": [0, 0, 16, 16], "texture": "#5"},
				"west": {"uv": [0, 0, 16, 16], "texture": "#5"},
				"up": {"uv": [0, 0, 16, 16], "rotation": 90, "texture": "#5"},
				"down": {"uv": [0, 0, 16, 16], "rotation": 270, "texture": "#5"}
			}
		},
		{
			"name": "Cube",
			"from": [7.75, 0.3, 7.75],
			"to": [8.75, 1, 8.75],
			"faces": {
				"north": {"uv": [0, 5, 1, 11], "texture": "#4"},
				"east": {"uv": [0, 5, 1, 11], "texture": "#4"},
				"south": {"uv": [0, 5, 1, 11], "texture": "#4"},
				"west": {"uv": [0, 5, 1, 11], "texture": "#4"},
				"up": {"uv": [0, 5, 1, 11], "texture": "#4"},
				"down": {"uv": [0, 5, 1, 11], "texture": "#4"}
			}
		},
		{
			"name": "Cube",
			"from": [7.85, 8.3, 7.85],
			"to": [8.65, 9, 8.65],
			"faces": {
				"north": {"uv": [0, 5, 1, 11], "texture": "#4"},
				"east": {"uv": [0, 5, 1, 11], "texture": "#4"},
				"south": {"uv": [0, 5, 1, 11], "texture": "#4"},
				"west": {"uv": [0, 5, 1, 11], "texture": "#4"},
				"up": {"uv": [0, 5, 1, 11], "texture": "#4"},
				"down": {"uv": [0, 5, 1, 11], "texture": "#4"}
			}
		},
		{
			"name": "Cube",
			"from": [7.75, 2.2, 7.75],
			"to": [8.75, 2.9, 8.75],
			"faces": {
				"north": {"uv": [0, 1, 1, 7], "texture": "#4"},
				"east": {"uv": [0, 1, 1, 7], "texture": "#4"},
				"south": {"uv": [0, 1, 1, 7], "texture": "#4"},
				"west": {"uv": [0, 1, 1, 7], "texture": "#4"},
				"up": {"uv": [0, 1, 1, 7], "texture": "#4"},
				"down": {"uv": [0, 1, 1, 7], "texture": "#4"}
			}
		},
		{
			"name": "Cube",
			"from": [7.75, 7.2, 7.75],
			"to": [8.75, 7.9, 8.75],
			"faces": {
				"north": {"uv": [0, 1, 1, 7], "texture": "#4"},
				"east": {"uv": [0, 1, 1, 7], "texture": "#4"},
				"south": {"uv": [0, 1, 1, 7], "texture": "#4"},
				"west": {"uv": [0, 1, 1, 7], "texture": "#4"},
				"up": {"uv": [0, 1, 1, 7], "texture": "#4"},
				"down": {"uv": [0, 1, 1, 7], "texture": "#4"}
			}
		},
		{
			"name": "Cube",
			"from": [7.95, 2.2, 7.65],
			"to": [8.55, 3.7, 8.85],
			"faces": {
				"north": {"uv": [0, 1, 1, 7], "texture": "#4"},
				"east": {"uv": [0, 1, 1, 7], "texture": "#4"},
				"south": {"uv": [0, 1, 1, 7], "texture": "#4"},
				"west": {"uv": [0, 1, 1, 7], "texture": "#4"},
				"up": {"uv": [0, 1, 1, 7], "texture": "#4"},
				"down": {"uv": [0, 1, 1, 7], "texture": "#4"}
			}
		},
		{
			"name": "Cube",
			"from": [7.65, 2.2, 7.95],
			"to": [8.85, 3.7, 8.55],
			"faces": {
				"north": {"uv": [0, 1, 1, 7], "texture": "#4"},
				"east": {"uv": [0, 1, 1, 7], "texture": "#4"},
				"south": {"uv": [0, 1, 1, 7], "texture": "#4"},
				"west": {"uv": [0, 1, 1, 7], "texture": "#4"},
				"up": {"uv": [0, 1, 1, 7], "texture": "#4"},
				"down": {"uv": [0, 1, 1, 7], "texture": "#4"}
			}
		},
		{
			"name": "Cube",
			"from": [7.85, 4.2, 7.75],
			"to": [8.65, 7.7, 8.75],
			"faces": {
				"north": {"uv": [3, 5, 10, 11], "texture": "#4"},
				"east": {"uv": [3, 5, 10, 11], "texture": "#4"},
				"south": {"uv": [3, 5, 10, 11], "texture": "#4"},
				"west": {"uv": [3, 5, 10, 11], "texture": "#4"},
				"up": {"uv": [3, 5, 10, 11], "texture": "#4"},
				"down": {"uv": [3, 5, 10, 11], "texture": "#4"}
			}
		},
		{
			"name": "Cube",
			"from": [7.75, 4.2, 7.85],
			"to": [8.75, 7.7, 8.65],
			"faces": {
				"north": {"uv": [3, 5, 10, 11], "texture": "#4"},
				"east": {"uv": [3, 5, 10, 11], "texture": "#4"},
				"south": {"uv": [3, 5, 10, 11], "texture": "#4"},
				"west": {"uv": [0, 3, 1, 5], "texture": "#4"},
				"up": {"uv": [3, 5, 10, 11], "rotation": 90, "texture": "#4"},
				"down": {"uv": [3, 5, 10, 11], "rotation": 270, "texture": "#4"}
			}
		},
		{
			"name": "Cube",
			"from": [7.95, 5.6, 7.95],
			"to": [8.55, 8.1, 8.55],
			"faces": {
				"north": {"uv": [3, 5, 10, 11], "texture": "#4"},
				"east": {"uv": [3, 5, 10, 11], "texture": "#4"},
				"south": {"uv": [3, 5, 10, 11], "texture": "#4"},
				"west": {"uv": [3, 5, 10, 11], "texture": "#4"},
				"up": {"uv": [3, 5, 10, 11], "rotation": 90, "texture": "#4"},
				"down": {"uv": [3, 5, 10, 11], "rotation": 270, "texture": "#4"}
			}
		},
		{
			"name": "Cube",
			"from": [7.5, 1.1, 7.6],
			"to": [9, 1.3, 8.9],
			"faces": {
				"north": {"uv": [0, 10, 16, 13], "texture": "#5"},
				"east": {"uv": [0, 10, 16, 13], "texture": "#5"},
				"south": {"uv": [0, 10, 16, 13], "texture": "#5"},
				"west": {"uv": [0, 10, 16, 13], "texture": "#5"},
				"up": {"uv": [0, 0, 16, 16], "texture": "#5"},
				"down": {"uv": [0, 10, 16, 13], "texture": "#5"}
			}
		},
		{
			"name": "Cube",
			"from": [7.5, 2, 7.6],
			"to": [9, 2.2, 8.9],
			"faces": {
				"north": {"uv": [0, 10, 16, 13], "texture": "#5"},
				"east": {"uv": [0, 10, 16, 13], "texture": "#5"},
				"south": {"uv": [0, 10, 16, 13], "texture": "#5"},
				"west": {"uv": [0, 10, 16, 13], "texture": "#5"},
				"up": {"uv": [0, 0, 16, 16], "texture": "#5"},
				"down": {"uv": [0, 10, 16, 13], "texture": "#5"}
			}
		},
		{
			"name": "Cube",
			"from": [7.6, 1.1, 7.5],
			"to": [8.9, 1.3, 9],
			"faces": {
				"north": {"uv": [0, 10, 16, 13], "texture": "#5"},
				"east": {"uv": [0, 10, 16, 13], "texture": "#5"},
				"south": {"uv": [0, 10, 16, 13], "texture": "#5"},
				"west": {"uv": [0, 10, 16, 13], "texture": "#5"},
				"up": {"uv": [0, 0, 16, 16], "rotation": 90, "texture": "#5"},
				"down": {"uv": [0, 10, 16, 13], "rotation": 270, "texture": "#5"}
			}
		},
		{
			"name": "Cube",
			"from": [7.5, 1.7, 7.6],
			"to": [9, 1.9, 8.9],
			"faces": {
				"north": {"uv": [0, 3, 16, 6], "texture": "#5"},
				"east": {"uv": [0, 3, 16, 6], "texture": "#5"},
				"south": {"uv": [0, 3, 16, 6], "texture": "#5"},
				"west": {"uv": [0, 3, 16, 6], "texture": "#5"},
				"up": {"uv": [0, 0, 16, 16], "texture": "#5"},
				"down": {"uv": [0, 3, 16, 6], "texture": "#5"}
			}
		},
		{
			"name": "Cube",
			"from": [7.6, 1.7, 7.5],
			"to": [8.9, 1.9, 9],
			"faces": {
				"north": {"uv": [0, 3, 16, 6], "texture": "#5"},
				"east": {"uv": [0, 3, 16, 6], "texture": "#5"},
				"south": {"uv": [0, 3, 16, 6], "texture": "#5"},
				"west": {"uv": [0, 3, 16, 6], "texture": "#5"},
				"up": {"uv": [0, 0, 16, 16], "rotation": 90, "texture": "#5"},
				"down": {"uv": [0, 3, 16, 6], "rotation": 270, "texture": "#5"}
			}
		},
		{
			"name": "Cube",
			"from": [7.5, 1.4, 7.6],
			"to": [9, 1.6, 8.9],
			"faces": {
				"north": {"uv": [0, 6, 16, 9], "texture": "#5"},
				"east": {"uv": [0, 6, 16, 9], "texture": "#5"},
				"south": {"uv": [0, 6, 16, 9], "texture": "#5"},
				"west": {"uv": [0, 6, 16, 9], "texture": "#5"},
				"up": {"uv": [0, 0, 16, 16], "texture": "#5"},
				"down": {"uv": [0, 6, 16, 9], "texture": "#5"}
			}
		},
		{
			"name": "Cube",
			"from": [7.6, 1.4, 7.5],
			"to": [8.9, 1.6, 9],
			"faces": {
				"north": {"uv": [0, 6, 16, 9], "texture": "#5"},
				"east": {"uv": [0, 6, 16, 9], "texture": "#5"},
				"south": {"uv": [0, 6, 16, 9], "texture": "#5"},
				"west": {"uv": [0, 6, 16, 9], "texture": "#5"},
				"up": {"uv": [0, 0, 16, 16], "rotation": 90, "texture": "#5"},
				"down": {"uv": [0, 6, 16, 9], "rotation": 270, "texture": "#5"}
			}
		},
		{
			"name": "Cube",
			"from": [7.6, 2, 7.5],
			"to": [8.9, 2.2, 9],
			"faces": {
				"north": {"uv": [0, 0, 16, 3], "texture": "#5"},
				"east": {"uv": [0, 0, 16, 3], "texture": "#5"},
				"south": {"uv": [0, 0, 16, 3], "texture": "#5"},
				"west": {"uv": [0, 0, 16, 3], "texture": "#5"},
				"up": {"uv": [0, 0, 16, 3], "rotation": 90, "texture": "#5"},
				"down": {"uv": [0, 0, 16, 3], "rotation": 270, "texture": "#5"}
			}
		},
		{
			"name": "Cube",
			"from": [7.6, 2.2, 7.6],
			"to": [8.9, 2.3, 8.9],
			"faces": {
				"north": {"uv": [0, 0, 16, 3], "texture": "#5"},
				"east": {"uv": [0, 0, 16, 3], "texture": "#5"},
				"south": {"uv": [0, 0, 16, 3], "texture": "#5"},
				"west": {"uv": [0, 0, 16, 3], "texture": "#5"},
				"up": {"uv": [0, 0, 16, 16], "rotation": 90, "texture": "#5"},
				"down": {"uv": [0, 0, 16, 3], "rotation": 270, "texture": "#5"}
			}
		},
		{
			"name": "Cube",
			"from": [7.95, -0.6, 7.95],
			"to": [8.55, 1, 8.55],
			"faces": {
				"north": {"uv": [3, 5, 10, 11], "texture": "#4"},
				"east": {"uv": [3, 5, 10, 11], "texture": "#4"},
				"south": {"uv": [3, 5, 10, 11], "texture": "#4"},
				"west": {"uv": [3, 5, 10, 11], "texture": "#4"},
				"up": {"uv": [3, 5, 10, 11], "texture": "#4"},
				"down": {"uv": [3, 5, 10, 11], "texture": "#4"}
			}
		},
		{
			"name": "Cube",
			"from": [7.95, 3.4, 7.95],
			"to": [8.55, 5, 8.55],
			"faces": {
				"north": {"uv": [3, 5, 10, 11], "texture": "#4"},
				"east": {"uv": [3, 5, 10, 11], "texture": "#4"},
				"south": {"uv": [3, 5, 10, 11], "texture": "#4"},
				"west": {"uv": [3, 5, 10, 11], "texture": "#4"},
				"up": {"uv": [3, 5, 10, 11], "texture": "#4"},
				"down": {"uv": [3, 5, 10, 11], "texture": "#4"}
			}
		},
		{
			"name": "Cube",
			"from": [7.75, -0.3, 7.75],
			"to": [8.75, -0.1, 8.75],
			"faces": {
				"north": {"uv": [3, 5, 10, 11], "texture": "#4"},
				"east": {"uv": [3, 5, 10, 11], "texture": "#4"},
				"south": {"uv": [3, 5, 10, 11], "texture": "#4"},
				"west": {"uv": [3, 5, 10, 11], "texture": "#4"},
				"up": {"uv": [3, 5, 10, 11], "texture": "#4"},
				"down": {"uv": [3, 5, 10, 11], "texture": "#4"}
			}
		},
		{
			"name": "Cube",
			"from": [7.85, -0.3, 7.85],
			"to": [8.65, 0, 8.65],
			"faces": {
				"north": {"uv": [3, 5, 10, 11], "texture": "#4"},
				"east": {"uv": [3, 5, 10, 11], "texture": "#4"},
				"south": {"uv": [3, 5, 10, 11], "texture": "#4"},
				"west": {"uv": [3, 5, 10, 11], "texture": "#4"},
				"up": {"uv": [3, 5, 10, 11], "texture": "#4"},
				"down": {"uv": [3, 5, 10, 11], "texture": "#4"}
			}
		},
		{
			"name": "Cube",
			"from": [7.70733, 4.20001, 7.49266],
			"to": [8.80733, 7.90001, 7.59266],
			"faces": {
				"north": {"uv": [6.047, 11.547, 8.688, 15.547], "texture": "#7"},
				"east": {"uv": [6.047, 11.547, 8.688, 15.547], "texture": "#7"},
				"south": {"uv": [6.047, 11.547, 8.688, 15.547], "texture": "#7"},
				"west": {"uv": [6.047, 11.547, 8.688, 15.547], "texture": "#7"},
				"up": {"uv": [6.047, 11.547, 8.688, 15.547], "texture": "#7"},
				"down": {"uv": [6.047, 11.547, 8.688, 15.547], "texture": "#7"}
			}
		},
		{
			"name": "Cube",
			"from": [8.90733, 4.20001, 7.69266],
			"to": [9.00733, 7.90001, 8.79266],
			"faces": {
				"north": {"uv": [6.047, 11.547, 8.688, 15.547], "texture": "#7"},
				"east": {"uv": [6.047, 11.547, 8.688, 15.547], "texture": "#7"},
				"south": {"uv": [6.047, 11.547, 8.688, 15.547], "texture": "#7"},
				"west": {"uv": [6.047, 11.547, 8.688, 15.547], "texture": "#7"},
				"up": {"uv": [6.047, 11.547, 8.688, 15.547], "texture": "#7"},
				"down": {"uv": [6.047, 11.547, 8.688, 15.547], "texture": "#7"}
			}
		},
		{
			"name": "Cube",
			"from": [8.80733, 4.20001, 7.59266],
			"to": [8.90733, 7.60001, 7.69266],
			"faces": {
				"north": {"uv": [6.047, 11.547, 8.688, 15.547], "texture": "#7"},
				"east": {"uv": [6.047, 11.547, 8.688, 15.547], "texture": "#7"},
				"south": {"uv": [6.047, 11.547, 8.688, 15.547], "texture": "#7"},
				"west": {"uv": [6.047, 11.547, 8.688, 15.547], "texture": "#7"},
				"up": {"uv": [6.047, 11.547, 8.688, 15.547], "texture": "#7"},
				"down": {"uv": [6.047, 11.547, 8.688, 15.547], "texture": "#7"}
			}
		},
		{
			"name": "Cube",
			"from": [7.50733, 4.20001, 7.69266],
			"to": [7.60733, 7.40001, 7.79266],
			"faces": {
				"north": {"uv": [6.047, 11.547, 8.688, 15.547], "texture": "#7"},
				"east": {"uv": [6.047, 11.547, 8.688, 15.547], "texture": "#7"},
				"south": {"uv": [6.047, 11.547, 8.688, 15.547], "texture": "#7"},
				"west": {"uv": [6.047, 11.547, 8.688, 15.547], "texture": "#7"},
				"up": {"uv": [6.047, 11.547, 8.688, 15.547], "texture": "#7"},
				"down": {"uv": [6.047, 11.547, 8.688, 15.547], "texture": "#7"}
			}
		},
		{
			"name": "Cube",
			"from": [7.50733, 7.30001, 7.79266],
			"to": [7.60733, 7.40001, 7.89266],
			"faces": {
				"north": {"uv": [6.047, 11.547, 8.688, 15.547], "texture": "#7"},
				"east": {"uv": [6.047, 11.547, 8.688, 15.547], "texture": "#7"},
				"south": {"uv": [6.047, 11.547, 8.688, 15.547], "texture": "#7"},
				"west": {"uv": [6.047, 11.547, 8.688, 15.547], "texture": "#7"},
				"up": {"uv": [6.047, 11.547, 8.688, 15.547], "texture": "#7"},
				"down": {"uv": [6.047, 11.547, 8.688, 15.547], "texture": "#7"}
			}
		},
		{
			"name": "Cube",
			"from": [7.60733, 4.20001, 7.59266],
			"to": [7.70733, 7.60001, 7.69266],
			"faces": {
				"north": {"uv": [6.047, 11.547, 8.688, 15.547], "texture": "#7"},
				"east": {"uv": [6.047, 11.547, 8.688, 15.547], "texture": "#7"},
				"south": {"uv": [6.047, 11.547, 8.688, 15.547], "texture": "#7"},
				"west": {"uv": [6.047, 11.547, 8.688, 15.547], "texture": "#7"},
				"up": {"uv": [6.047, 11.547, 8.688, 15.547], "texture": "#7"},
				"down": {"uv": [6.047, 11.547, 8.688, 15.547], "texture": "#7"}
			}
		},
		{
			"name": "Cube",
			"from": [7.50733, 7.30001, 8.59266],
			"to": [7.60733, 7.40001, 8.69266],
			"faces": {
				"north": {"uv": [6.047, 11.547, 8.688, 15.547], "texture": "#7"},
				"east": {"uv": [6.047, 11.547, 8.688, 15.547], "texture": "#7"},
				"south": {"uv": [6.047, 11.547, 8.688, 15.547], "texture": "#7"},
				"west": {"uv": [6.047, 11.547, 8.688, 15.547], "texture": "#7"},
				"up": {"uv": [6.047, 11.547, 8.688, 15.547], "texture": "#7"},
				"down": {"uv": [6.047, 11.547, 8.688, 15.547], "texture": "#7"}
			}
		},
		{
			"name": "Cube",
			"from": [7.50733, 4.20001, 8.59266],
			"to": [7.60733, 4.30001, 8.69266],
			"faces": {
				"north": {"uv": [6.047, 11.547, 8.688, 15.547], "texture": "#7"},
				"east": {"uv": [6.047, 11.547, 8.688, 15.547], "texture": "#7"},
				"south": {"uv": [6.047, 11.547, 8.688, 15.547], "texture": "#7"},
				"west": {"uv": [6.047, 11.547, 8.688, 15.547], "texture": "#7"},
				"up": {"uv": [6.047, 11.547, 8.688, 15.547], "texture": "#7"},
				"down": {"uv": [6.047, 11.547, 8.688, 15.547], "texture": "#7"}
			}
		},
		{
			"name": "Cube",
			"from": [7.50733, 4.20001, 7.79266],
			"to": [7.60733, 4.30001, 7.89266],
			"faces": {
				"north": {"uv": [6.047, 11.547, 8.688, 15.547], "texture": "#7"},
				"east": {"uv": [6.047, 11.547, 8.688, 15.547], "texture": "#7"},
				"south": {"uv": [6.047, 11.547, 8.688, 15.547], "texture": "#7"},
				"west": {"uv": [6.047, 11.547, 8.688, 15.547], "texture": "#7"},
				"up": {"uv": [6.047, 11.547, 8.688, 15.547], "texture": "#7"},
				"down": {"uv": [6.047, 11.547, 8.688, 15.547], "texture": "#7"}
			}
		},
		{
			"name": "Cube",
			"from": [7.5, 3.7, 7.7],
			"to": [9, 4.2, 8.8],
			"faces": {
				"north": {"uv": [6.047, 11.547, 8.688, 15.547], "texture": "#7"},
				"east": {"uv": [6.047, 11.547, 8.688, 15.547], "texture": "#7"},
				"south": {"uv": [6.047, 11.547, 8.688, 15.547], "texture": "#7"},
				"west": {"uv": [6.047, 11.547, 8.688, 13.11], "texture": "#7"},
				"up": {"uv": [6.047, 11.547, 8.688, 15.547], "texture": "#7"},
				"down": {"uv": [6.047, 11.547, 8.688, 15.547], "texture": "#7"}
			}
		},
		{
			"name": "Cube",
			"from": [7.60733, 3.70001, 7.59266],
			"to": [8.90733, 4.20001, 8.89266],
			"faces": {
				"north": {"uv": [6.047, 11.547, 8.688, 15.547], "texture": "#7"},
				"east": {"uv": [6.047, 11.547, 8.688, 15.547], "texture": "#7"},
				"south": {"uv": [6.047, 11.547, 8.688, 15.547], "texture": "#7"},
				"west": {"uv": [6.047, 11.547, 8.688, 15.547], "texture": "#7"},
				"up": {"uv": [6.047, 11.547, 8.688, 15.547], "texture": "#7"},
				"down": {"uv": [6.047, 11.547, 8.688, 15.547], "texture": "#7"}
			}
		},
		{
			"name": "Cube",
			"from": [7.70733, 3.70001, 7.49266],
			"to": [8.80733, 4.20001, 8.99266],
			"faces": {
				"north": {"uv": [6.047, 11.547, 8.688, 15.547], "texture": "#7"},
				"east": {"uv": [6.047, 11.547, 8.688, 15.547], "texture": "#7"},
				"south": {"uv": [6.047, 11.547, 8.688, 15.547], "texture": "#7"},
				"west": {"uv": [6.047, 11.547, 8.688, 15.547], "texture": "#7"},
				"up": {"uv": [6.047, 11.547, 8.688, 15.547], "texture": "#7"},
				"down": {"uv": [6.047, 11.547, 8.688, 15.547], "texture": "#7"}
			}
		},
		{
			"name": "Cube",
			"from": [7.5, 7.4, 7.7],
			"to": [9, 7.9, 8.8],
			"faces": {
				"north": {"uv": [6.047, 11.547, 8.688, 15.547], "texture": "#7"},
				"east": {"uv": [6.047, 11.547, 8.688, 15.547], "texture": "#7"},
				"south": {"uv": [6.047, 11.547, 8.688, 15.547], "texture": "#7"},
				"west": {"uv": [6, 10, 8.641, 11.282], "texture": "#7"},
				"up": {"uv": [6.047, 11.547, 8.688, 15.547], "texture": "#7"},
				"down": {"uv": [6.047, 11.547, 8.688, 15.547], "texture": "#7"}
			}
		},
		{
			"name": "Cube",
			"from": [7.50733, 4.20001, 8.69266],
			"to": [7.60733, 7.40001, 8.79266],
			"faces": {
				"north": {"uv": [6.047, 11.547, 8.688, 15.547], "texture": "#7"},
				"east": {"uv": [6.047, 11.547, 8.688, 15.547], "texture": "#7"},
				"south": {"uv": [6.047, 11.547, 8.688, 15.547], "texture": "#7"},
				"west": {"uv": [6.047, 11.547, 8.688, 15.547], "texture": "#7"},
				"up": {"uv": [6.047, 11.547, 8.688, 15.547], "texture": "#7"},
				"down": {"uv": [6.047, 11.547, 8.688, 15.547], "texture": "#7"}
			}
		},
		{
			"name": "Cube",
			"from": [7.60733, 4.20001, 8.79266],
			"to": [7.70733, 7.90001, 8.89266],
			"faces": {
				"north": {"uv": [6.047, 11.547, 8.688, 15.547], "texture": "#7"},
				"east": {"uv": [6.047, 11.547, 8.688, 15.547], "texture": "#7"},
				"south": {"uv": [6.047, 11.547, 8.688, 15.547], "texture": "#7"},
				"west": {"uv": [6.047, 11.547, 8.688, 15.547], "texture": "#7"},
				"up": {"uv": [6.047, 11.547, 8.688, 15.547], "texture": "#7"},
				"down": {"uv": [6.047, 11.547, 8.688, 15.547], "texture": "#7"}
			}
		},
		{
			"name": "Cube",
			"from": [7.70733, 4.20001, 8.89266],
			"to": [8.80733, 7.90001, 8.99266],
			"faces": {
				"north": {"uv": [6.047, 11.547, 8.688, 15.547], "texture": "#7"},
				"east": {"uv": [6.047, 11.547, 8.688, 15.547], "texture": "#7"},
				"south": {"uv": [6.047, 11.547, 8.688, 15.547], "texture": "#7"},
				"west": {"uv": [6.047, 11.547, 8.688, 15.547], "texture": "#7"},
				"up": {"uv": [6.047, 11.547, 8.688, 15.547], "texture": "#7"},
				"down": {"uv": [6.047, 11.547, 8.688, 15.547], "texture": "#7"}
			}
		},
		{
			"name": "Cube",
			"from": [8.80733, 4.20001, 8.79266],
			"to": [8.90733, 7.90001, 8.89266],
			"faces": {
				"north": {"uv": [6.047, 11.547, 8.688, 15.547], "texture": "#7"},
				"east": {"uv": [6.047, 11.547, 8.688, 15.547], "texture": "#7"},
				"south": {"uv": [6.047, 11.547, 8.688, 15.547], "texture": "#7"},
				"west": {"uv": [6.047, 11.547, 8.688, 15.547], "texture": "#7"},
				"up": {"uv": [6.047, 11.547, 8.688, 15.547], "texture": "#7"},
				"down": {"uv": [6.047, 11.547, 8.688, 15.547], "texture": "#7"}
			}
		},
		{
			"name": "Cube",
			"from": [7.60733, 7.60001, 7.59266],
			"to": [8.90733, 8.30001, 8.79266],
			"faces": {
				"north": {"uv": [14, 1.5, 15, 7.5], "texture": "#4"},
				"east": {"uv": [14, 1.5, 15, 7.5], "texture": "#4"},
				"south": {"uv": [14, 1.5, 15, 7.5], "texture": "#4"},
				"west": {"uv": [14, 1.5, 15, 7.5], "texture": "#4"},
				"up": {"uv": [14, 1.5, 15, 7.5], "texture": "#4"},
				"down": {"uv": [14, 1.5, 15, 7.5], "texture": "#4"}
			}
		},
		{
			"name": "Cube",
			"from": [7.60733, 4.20001, 7.59266],
			"to": [7.70733, 7.60001, 7.69266],
			"faces": {
				"north": {"uv": [14, 1.5, 15, 7.5], "texture": "#1_0"},
				"east": {"uv": [14, 1.5, 15, 7.5], "texture": "#1_0"},
				"south": {"uv": [14, 1.5, 15, 7.5], "texture": "#1_0"},
				"west": {"uv": [14, 1.5, 15, 7.5], "texture": "#1_0"},
				"up": {"uv": [14, 1.5, 15, 7.5], "texture": "#1_0"},
				"down": {"uv": [14, 1.5, 15, 7.5], "texture": "#1_0"}
			}
		}
	],
	"display": {
		"thirdperson_righthand": {
			"translation": [-1.25, 1, 0.75],
			"scale": [0.5, 0.5, 0.5]
		},
		"thirdperson_lefthand": {
			"translation": [-1.25, 1, 0.75],
			"scale": [0.5, 0.5, 0.5]
		},
		"firstperson_righthand": {
			"translation": [0.5, 3.5, 0.75],
			"scale": [0.6, 0.6, 0.6]
		},
		"firstperson_lefthand": {
			"translation": [0.5, 3.5, 0.75],
			"scale": [0.6, 0.6, 0.6]
		},
		"ground": {
			"rotation": [90, 0, 0],
			"translation": [-1.25, -1.25, 0]
		},
		"gui": {
			"rotation": [0, 45, 45],
			"translation": [-2, 2.5, 6],
			"scale": [1.5, 1.5, 1.5]
		},
		"fixed": {
			"translation": [0, 5.75, -1],
			"scale": [1.5, 1.5, 1.5]
		}
	},
	"groups": [
		{
			"name": "sonic_tennant",
			"origin": [8, 8, 8],
			"children": [
				{
					"name": "group",
					"origin": [8, 10, 8],
					"children": [0, 1, 2, 3, 4, 5, 6, 7, 8, 9, 10, 11, 12, 13, 14, 15, 16, 17]
				}, 18, 19, 20, 21, 22, 23, 24, 25, 26, 27, 28, 29, 30, 31, 32, 33, 34, 35, 36, 37, 38, 39, 40, 41, 42, 43, 44, 45, 46, 47,
				{
					"name": "ring",
					"origin": [8.25, 4.7, 8.25],
					"children": [48, 49, 50, 51, 52, 53, 54, 55]
				},
				{
					"name": "ring",
					"origin": [8.25, 4.7, 8.25],
					"children": [56, 57, 58, 59, 60, 61, 62, 63]
				},
				{
					"name": "ring",
					"origin": [8.25, 4.7, 8.25],
					"children": [64, 65, 66, 67]
				},
				{
					"name": "ring",
					"origin": [8.25, 4.7, 8.25],
					"children": [68, 69, 70, 71, 72, 73, 74, 75]
				}, 76, 77, 78, 79, 80, 81, 82, 83, 84, 85, 86, 87, 88, 89, 90, 91, 92, 93, 94, 95, 96, 97, 98, 99,
				{
					"name": "group",
					"origin": [8, 8, 9.2],
					"children": [100, 101, 102, 103, 104, 105, 106, 107, 108, 109, 110, 111, 112, 113, 114, 115, 116]
				}, 117, 118]
		}
	]
}