{
	"credit": "Made with Blockbench",
	"textures": {
		"0": "block/sonic4",
		"1": "block/yellow_stained_glass"
	},
	"elements": [
		{
			"name": "Cube",
			"from": [7.7, -0.5, 7.7],
			"to": [8.3, 5.5, 8.3],
			"faces": {
				"north": {"uv": [15, 1, 16, 9], "texture": "#0"},
				"east": {"uv": [15, 1, 16, 9], "texture": "#0"},
				"south": {"uv": [15, 1, 16, 9], "texture": "#0"},
				"west": {"uv": [15, 1, 16, 9], "texture": "#0"},
				"up": {"uv": [15, 2, 16, 3], "texture": "#0"},
				"down": {"uv": [15, 5, 16, 6], "texture": "#0"}
			}
		},
		{
			"name": "Cube",
			"from": [7.8, 5.5, 7.8],
			"to": [8.2, 5.7, 8.2],
			"faces": {
				"north": {"uv": [0, 0, 0.8, 0.8], "texture": "#1"},
				"east": {"uv": [0, 0, 0.8, 0.8], "texture": "#1"},
				"south": {"uv": [0, 0, 0.8, 0.8], "texture": "#1"},
				"west": {"uv": [0, 0, 0.8, 0.8], "texture": "#1"},
				"up": {"uv": [0, 0, 0.8, 0.8], "texture": "#1"},
				"down": {"uv": [0, 0, 0.8, 0.8], "texture": "#1"}
			}
		},
		{
			"name": "Cube",
			"from": [7.6, -0.5, 7.8],
			"to": [8.4, 5.4, 8.2],
			"faces": {
				"north": {"uv": [15, 1, 16, 9], "texture": "#0"},
				"east": {"uv": [15, 1, 16, 9], "texture": "#0"},
				"south": {"uv": [15, 1, 16, 9], "texture": "#0"},
				"west": {"uv": [15, 1, 16, 9], "texture": "#0"},
				"up": {"uv": [15, 2, 16, 3], "texture": "#0"},
				"down": {"uv": [15, 5, 16, 6], "texture": "#0"}
			}
		},
		{
			"name": "Cube",
			"from": [7.7, 5.5, 7.9],
			"to": [8.3, 5.6, 8.1],
			"faces": {
				"north": {"uv": [0, 0, 0.8, 0.8], "texture": "#1"},
				"east": {"uv": [0, 0, 0.8, 0.8], "texture": "#1"},
				"south": {"uv": [0, 0, 0.8, 0.8], "texture": "#1"},
				"west": {"uv": [0, 0, 0.8, 0.8], "texture": "#1"},
				"up": {"uv": [0, 0, 0.8, 0.8], "texture": "#1"},
				"down": {"uv": [0, 0, 0.8, 0.8], "texture": "#1"}
			}
		},
		{
			"name": "Cube",
			"from": [7.79999, -0.5, 7.58603],
			"to": [8.19999, 5.4, 8.38603],
			"faces": {
				"north": {"uv": [15, 1, 16, 9], "texture": "#0"},
				"east": {"uv": [15, 1, 16, 9], "texture": "#0"},
				"south": {"uv": [15, 1, 16, 9], "texture": "#0"},
				"west": {"uv": [15, 1, 16, 9], "texture": "#0"},
				"up": {"uv": [15, 2, 16, 3], "rotation": 90, "texture": "#0"},
				"down": {"uv": [15, 5, 16, 6], "rotation": 270, "texture": "#0"}
			}
		},
		{
			"name": "Cube",
			"from": [7.89999, 5.5, 7.68603],
			"to": [8.09999, 5.6, 8.28603],
			"faces": {
				"north": {"uv": [0, 0, 0.8, 0.8], "rotation": 90, "texture": "#1"},
				"east": {"uv": [0, 0, 0.8, 0.8], "rotation": 90, "texture": "#1"},
				"south": {"uv": [0, 0, 0.8, 0.8], "rotation": 90, "texture": "#1"},
				"west": {"uv": [0, 0, 0.8, 0.8], "rotation": 90, "texture": "#1"},
				"up": {"uv": [0, 0, 0.8, 0.8], "rotation": 90, "texture": "#1"},
				"down": {"uv": [0, 0, 0.8, 0.8], "rotation": 90, "texture": "#1"}
			}
		}
	],
	"display": {
		"thirdperson_righthand": {
			"translation": [-1, 6, 1]
		},
		"thirdperson_lefthand": {
			"translation": [-1, 6, 1]
		},
		"firstperson_righthand": {
			"translation": [1.13, 8, 1.13]
		},
		"firstperson_lefthand": {
			"translation": [1.13, 8, 1.13]
		},
		"ground": {
			"rotation": [80, 0, 0],
			"translation": [0, 1, 0]
		},
		"gui": {
			"rotation": [0, 45, 45],
			"translation": [-6.5, 9.5, 6],
			"scale": [1.28, 2.42, 1.46]
		},
		"fixed": {
			"translation": [0, 8, 0],
			"scale": [2, 2, 2]
		}
	},
	"groups": [
		{
			"name": "sonic_mark1",
			"origin": [8, 8, 8],
			"children": [0, 1]
		},
		{
			"name": "sonic_mark1",
			"origin": [8, 8, 8],
			"children": [2, 3]
		},
		{
			"name": "sonic_mark1",
			"origin": [8, 8, 8],
			"children": [4, 5]
		}
	]
}