{
	"credit": "Made with Blockbench",
	"textures": {
		"0": "block/sonic5",
		"1": "block/lime_stained_glass",
		"2": "block/quartz_block_bottom",
		"3": "block/gray_wool",
		"4": "block/light_gray_shulker_box",
		"particle": "block/quartz_block_bottom"
	},
	"elements": [
		{
			"name": "Cube",
			"from": [7.7, 0, 7.7],
			"to": [8.3, 1.5, 8.3],
			"faces": {
				"north": {"uv": [2, 1, 2.6, 2.5], "texture": "#0"},
				"east": {"uv": [0, 0, 2.482, 3.147], "texture": "#0"},
				"south": {"uv": [0, 0, 0.6, 1.5], "texture": "#0"},
				"west": {"uv": [0, 0, 0.6, 1.5], "texture": "#0"},
				"up": {"uv": [0, 0, 0.6, 0.6], "texture": "#0"},
				"down": {"uv": [0, 0, 0.6, 0.6], "texture": "#0"}
			}
		},
		{
			"name": "Cube",
			"from": [7.7, 0.7, 7.7],
			"to": [8.3, 1.5, 8.3],
			"faces": {
				"north": {"uv": [2, 1, 2.6, 2.5], "texture": "#0"},
				"east": {"uv": [0, 0, 2.482, 3.147], "texture": "#0"},
				"south": {"uv": [0, 0, 0.6, 1.5], "texture": "#0"},
				"west": {"uv": [0, 0, 0.6, 1.5], "texture": "#0"},
				"up": {"uv": [0, 0, 0.6, 0.6], "texture": "#0"},
				"down": {"uv": [0, 0, 0.6, 0.6], "texture": "#0"}
			}
		},
		{
			"name": "Cube",
			"from": [7.7, -0.1, 7.7],
			"to": [8.3, 0.7, 8.3],
			"faces": {
				"north": {"uv": [2, 1, 2.6, 2.5], "texture": "#0"},
				"east": {"uv": [0, 0, 2.482, 3.147], "texture": "#0"},
				"south": {"uv": [0, 0, 0.6, 1.5], "texture": "#0"},
				"west": {"uv": [0, 0, 0.6, 1.5], "texture": "#0"},
				"up": {"uv": [0, 0, 0.6, 0.6], "texture": "#0"},
				"down": {"uv": [0, 0, 0.6, 0.6], "texture": "#0"}
			}
		},
		{
			"name": "Cube",
			"from": [7.8, -0.2, 7.8],
			"to": [8.2, 0.6, 8.2],
			"faces": {
				"north": {"uv": [2, 1, 2.6, 2.5], "texture": "#0"},
				"east": {"uv": [0, 0, 2.482, 3.147], "texture": "#0"},
				"south": {"uv": [0, 0, 0.6, 1.5], "texture": "#0"},
				"west": {"uv": [0, 0, 0.6, 1.5], "texture": "#0"},
				"up": {"uv": [0, 0, 0.6, 0.6], "texture": "#0"},
				"down": {"uv": [0, 0, 0.6, 0.6], "texture": "#0"}
			}
		},
		{
			"name": "Cube",
			"from": [7.8, 0.8, 7.6],
			"to": [8.2, 1.5, 8.4],
			"faces": {
				"north": {"uv": [2, 1, 2.6, 2.5], "texture": "#0"},
				"east": {"uv": [0, 0, 2.482, 3.147], "texture": "#0"},
				"south": {"uv": [0, 0, 0.6, 1.5], "texture": "#0"},
				"west": {"uv": [0, 0, 0.6, 1.5], "texture": "#0"},
				"up": {"uv": [0, 0, 0.6, 0.6], "texture": "#0"},
				"down": {"uv": [0, 0, 0.6, 0.6], "texture": "#0"}
			}
		},
		{
			"name": "Cube",
			"from": [7.8, 0, 7.6],
			"to": [8.2, 0.7, 8.4],
			"faces": {
				"north": {"uv": [2, 1, 2.6, 2.5], "texture": "#0"},
				"east": {"uv": [0, 0, 2.482, 3.147], "texture": "#0"},
				"south": {"uv": [0, 0, 0.6, 1.5], "texture": "#0"},
				"west": {"uv": [0, 0, 0.6, 1.5], "texture": "#0"},
				"up": {"uv": [0, 0, 0.6, 0.6], "texture": "#0"},
				"down": {"uv": [0, 0, 0.6, 0.6], "texture": "#0"}
			}
		},
		{
			"name": "Cube",
			"from": [7.59998, 0.8, 7.77485],
			"to": [8.39998, 1.5, 8.17485],
			"faces": {
				"north": {"uv": [0, 0, 0.6, 1.5], "texture": "#0"},
				"east": {"uv": [2, 1, 2.6, 2.5], "texture": "#0"},
				"south": {"uv": [0, 0, 2.482, 3.147], "texture": "#0"},
				"west": {"uv": [0, 0, 0.6, 1.5], "texture": "#0"},
				"up": {"uv": [0, 0, 0.6, 0.6], "rotation": 90, "texture": "#0"},
				"down": {"uv": [0, 0, 0.6, 0.6], "rotation": 270, "texture": "#0"}
			}
		},
		{
			"name": "Cube",
			"from": [7.59998, 0, 7.77485],
			"to": [8.39998, 0.7, 8.17485],
			"faces": {
				"north": {"uv": [0, 0, 0.6, 1.5], "texture": "#0"},
				"east": {"uv": [2, 1, 2.6, 2.5], "texture": "#0"},
				"south": {"uv": [0, 0, 2.482, 3.147], "texture": "#0"},
				"west": {"uv": [0, 0, 0.6, 1.5], "texture": "#0"},
				"up": {"uv": [0, 0, 0.6, 0.6], "rotation": 90, "texture": "#0"},
				"down": {"uv": [0, 0, 0.6, 0.6], "rotation": 270, "texture": "#0"}
			}
		},
		{
			"name": "Cube",
			"from": [7.8, 3.2, 7.5],
			"to": [8.2, 3.4, 8.5],
			"faces": {
				"north": {"uv": [0, 0, 1, 0.2], "texture": "#0"},
				"east": {"uv": [0, 0, 1, 0.2], "texture": "#0"},
				"south": {"uv": [0, 0, 1, 0.2], "texture": "#0"},
				"west": {"uv": [0, 0, 1, 0.2], "texture": "#0"},
				"up": {"uv": [0, 0, 1, 1], "texture": "#0"},
				"down": {"uv": [0, 0, 1, 1], "texture": "#0"}
			}
		},
		{
			"name": "Cube",
			"from": [7.8, 3.4, 7.5],
			"to": [8.2, 3.6, 8.5],
			"faces": {
				"north": {"uv": [0, 6.412, 3, 8.236], "texture": "#0"},
				"east": {"uv": [0, 6.412, 3, 8.236], "texture": "#0"},
				"south": {"uv": [0, 6.412, 3, 8.236], "texture": "#0"},
				"west": {"uv": [0, 6.412, 3, 8.236], "texture": "#0"},
				"up": {"uv": [0, 6.412, 3, 8.236], "texture": "#0"},
				"down": {"uv": [0, 6.412, 3, 8.236], "texture": "#0"}
			}
		},
		{
			"name": "Cube",
			"from": [7.8, 4.4, 7.5],
			"to": [8.2, 4.6, 8.5],
			"faces": {
				"north": {"uv": [0, 6.412, 3, 8.236], "texture": "#0"},
				"east": {"uv": [0, 6.412, 3, 8.236], "texture": "#0"},
				"south": {"uv": [0, 6.412, 3, 8.236], "texture": "#0"},
				"west": {"uv": [0, 6.412, 3, 8.236], "texture": "#0"},
				"up": {"uv": [0, 6.412, 3, 8.236], "texture": "#0"},
				"down": {"uv": [0, 6.412, 3, 8.236], "texture": "#0"}
			}
		},
		{
			"name": "Cube",
			"from": [7.8, 4.6, 7.5],
			"to": [8.2, 4.8, 8.5],
			"faces": {
				"north": {"uv": [0, 0, 1, 0.2], "texture": "#0"},
				"east": {"uv": [0, 0, 1, 0.2], "texture": "#0"},
				"south": {"uv": [0, 0, 1, 0.2], "texture": "#0"},
				"west": {"uv": [0, 0, 1, 0.2], "texture": "#0"},
				"up": {"uv": [0, 0, 1, 1], "texture": "#0"},
				"down": {"uv": [0, 0, 1, 1], "texture": "#0"}
			}
		},
		{
			"name": "Cube",
			"from": [7.8, 1.5, 7.5],
			"to": [8.2, 1.7, 8.5],
			"faces": {
				"north": {"uv": [0, 0, 1, 0.2], "texture": "#0"},
				"east": {"uv": [0, 0, 1, 0.2], "texture": "#0"},
				"south": {"uv": [0, 0, 1, 0.2], "texture": "#0"},
				"west": {"uv": [0, 0, 1, 0.2], "texture": "#0"},
				"up": {"uv": [0, 0, 1, 1], "texture": "#0"},
				"down": {"uv": [0, 0, 1, 1], "texture": "#0"}
			}
		},
		{
			"name": "Cube",
			"from": [7.8, 0.3, 7.5],
			"to": [8.2, 0.5, 8.5],
			"faces": {
				"north": {"uv": [0, 0, 1, 0.2], "texture": "#0"},
				"east": {"uv": [0, 0, 1, 0.2], "texture": "#0"},
				"south": {"uv": [0, 0, 1, 0.2], "texture": "#0"},
				"west": {"uv": [0, 0, 1, 0.2], "texture": "#0"},
				"up": {"uv": [0, 0, 1, 1], "texture": "#0"},
				"down": {"uv": [0, 0, 1, 1], "texture": "#0"}
			}
		},
		{
			"name": "Cube",
			"from": [7.8, 3.2, 7.5],
			"to": [8.2, 3.4, 8.5],
			"rotation": {"angle": -45, "axis": "y", "origin": [8.0082, 3.30001, 7.99178]},
			"faces": {
				"north": {"uv": [0, 0, 1, 0.2], "texture": "#0"},
				"east": {"uv": [0, 0, 1, 0.2], "texture": "#0"},
				"south": {"uv": [0, 0, 1, 0.2], "texture": "#0"},
				"west": {"uv": [0, 0, 1, 0.2], "texture": "#0"},
				"up": {"uv": [0, 0, 1, 1], "texture": "#0"},
				"down": {"uv": [0, 0, 1, 1], "texture": "#0"}
			}
		},
		{
			"name": "Cube",
			"from": [7.8, 3.4, 7.5],
			"to": [8.2, 3.6, 8.5],
			"rotation": {"angle": -45, "axis": "y", "origin": [8.0082, 3.30001, 7.99178]},
			"faces": {
				"north": {"uv": [0, 6.412, 3, 8.236], "texture": "#0"},
				"east": {"uv": [0, 6.412, 3, 8.236], "texture": "#0"},
				"south": {"uv": [0, 6.412, 3, 8.236], "texture": "#0"},
				"west": {"uv": [0, 6.412, 3, 8.236], "texture": "#0"},
				"up": {"uv": [0, 6.412, 3, 8.236], "texture": "#0"},
				"down": {"uv": [0, 6.412, 3, 8.236], "texture": "#0"}
			}
		},
		{
			"name": "Cube",
			"from": [7.8, 4.4, 7.5],
			"to": [8.2, 4.6, 8.5],
			"rotation": {"angle": -45, "axis": "y", "origin": [8.0082, 3.30001, 7.99178]},
			"faces": {
				"north": {"uv": [0, 6.412, 3, 8.236], "texture": "#0"},
				"east": {"uv": [0, 6.412, 3, 8.236], "texture": "#0"},
				"south": {"uv": [0, 6.412, 3, 8.236], "texture": "#0"},
				"west": {"uv": [0, 6.412, 3, 8.236], "texture": "#0"},
				"up": {"uv": [0, 6.412, 3, 8.236], "texture": "#0"},
				"down": {"uv": [0, 6.412, 3, 8.236], "texture": "#0"}
			}
		},
		{
			"name": "Cube",
			"from": [7.8, 4.6, 7.5],
			"to": [8.2, 4.8, 8.5],
			"rotation": {"angle": -45, "axis": "y", "origin": [8.0082, 3.30001, 7.99178]},
			"faces": {
				"north": {"uv": [0, 0, 1, 0.2], "texture": "#0"},
				"east": {"uv": [0, 0, 1, 0.2], "texture": "#0"},
				"south": {"uv": [0, 0, 1, 0.2], "texture": "#0"},
				"west": {"uv": [0, 0, 1, 0.2], "texture": "#0"},
				"up": {"uv": [0, 0, 1, 1], "texture": "#0"},
				"down": {"uv": [0, 0, 1, 1], "texture": "#0"}
			}
		},
		{
			"name": "Cube",
			"from": [7.49066, 7.1, 7.89178],
			"to": [8.49066, 7.2, 8.09178],
			"faces": {
				"north": {"uv": [0, 0, 1, 0.2], "texture": "#0"},
				"east": {"uv": [0, 0, 1, 0.2], "texture": "#0"},
				"south": {"uv": [0, 0, 1, 0.2], "texture": "#0"},
				"west": {"uv": [0, 0, 1, 0.2], "texture": "#0"},
				"up": {"uv": [0, 0, 1, 1], "rotation": 90, "texture": "#0"},
				"down": {"uv": [0, 0, 1, 1], "rotation": 270, "texture": "#0"}
			}
		},
		{
			"name": "Cube",
			"from": [7.8, 1.5, 7.5],
			"to": [8.2, 1.7, 8.5],
			"rotation": {"angle": -45, "axis": "y", "origin": [8.0082, 3.30001, 7.99178]},
			"faces": {
				"north": {"uv": [0, 0, 1, 0.2], "texture": "#0"},
				"east": {"uv": [0, 0, 1, 0.2], "texture": "#0"},
				"south": {"uv": [0, 0, 1, 0.2], "texture": "#0"},
				"west": {"uv": [0, 0, 1, 0.2], "texture": "#0"},
				"up": {"uv": [0, 0, 1, 1], "texture": "#0"},
				"down": {"uv": [0, 0, 1, 1], "texture": "#0"}
			}
		},
		{
			"name": "Cube",
			"from": [7.8, 0.3, 7.5],
			"to": [8.2, 0.5, 8.5],
			"rotation": {"angle": -45, "axis": "y", "origin": [8.0082, 3.30001, 7.99178]},
			"faces": {
				"north": {"uv": [0, 0, 1, 0.2], "texture": "#0"},
				"east": {"uv": [0, 0, 1, 0.2], "texture": "#0"},
				"south": {"uv": [0, 0, 1, 0.2], "texture": "#0"},
				"west": {"uv": [0, 0, 1, 0.2], "texture": "#0"},
				"up": {"uv": [0, 0, 1, 1], "texture": "#0"},
				"down": {"uv": [0, 0, 1, 1], "texture": "#0"}
			}
		},
		{
			"name": "Cube",
			"from": [7.49999, 3.2, 7.805],
			"to": [8.49999, 3.4, 8.205],
			"rotation": {"angle": -45, "axis": "y", "origin": [8.0082, 3.30001, 7.99178]},
			"faces": {
				"north": {"uv": [0, 0, 1, 0.2], "texture": "#0"},
				"east": {"uv": [0, 0, 1, 0.2], "texture": "#0"},
				"south": {"uv": [0, 0, 1, 0.2], "texture": "#0"},
				"west": {"uv": [0, 0, 1, 0.2], "texture": "#0"},
				"up": {"uv": [0, 0, 1, 1], "rotation": 90, "texture": "#0"},
				"down": {"uv": [0, 0, 1, 1], "rotation": 270, "texture": "#0"}
			}
		},
		{
			"name": "Cube",
			"from": [7.49999, 4.6, 7.805],
			"to": [8.49999, 4.8, 8.205],
			"rotation": {"angle": -45, "axis": "y", "origin": [8.0082, 3.30001, 7.99178]},
			"faces": {
				"north": {"uv": [0, 0, 1, 0.2], "texture": "#0"},
				"east": {"uv": [0, 0, 1, 0.2], "texture": "#0"},
				"south": {"uv": [0, 0, 1, 0.2], "texture": "#0"},
				"west": {"uv": [0, 0, 1, 0.2], "texture": "#0"},
				"up": {"uv": [0, 0, 1, 1], "rotation": 90, "texture": "#0"},
				"down": {"uv": [0, 0, 1, 1], "rotation": 270, "texture": "#0"}
			}
		},
		{
			"name": "Cube",
			"from": [7.88566, 7.1, 7.49177],
			"to": [8.08566, 7.2, 8.49177],
			"faces": {
				"north": {"uv": [0, 0, 1, 0.2], "texture": "#0"},
				"east": {"uv": [0, 0, 1, 0.2], "texture": "#0"},
				"south": {"uv": [0, 0, 1, 0.2], "texture": "#0"},
				"west": {"uv": [0, 0, 1, 0.2], "texture": "#0"},
				"up": {"uv": [0, 0, 1, 1], "rotation": 180, "texture": "#0"},
				"down": {"uv": [0, 0, 1, 1], "rotation": 180, "texture": "#0"}
			}
		},
		{
			"name": "Cube",
			"from": [7.49999, 3.4, 7.805],
			"to": [8.49999, 3.6, 8.205],
			"rotation": {"angle": -45, "axis": "y", "origin": [8.0082, 3.30001, 7.99178]},
			"faces": {
				"north": {"uv": [0, 6.412, 3, 8.236], "rotation": 90, "texture": "#0"},
				"east": {"uv": [0, 6.412, 3, 8.236], "rotation": 90, "texture": "#0"},
				"south": {"uv": [0, 6.412, 3, 8.236], "rotation": 90, "texture": "#0"},
				"west": {"uv": [0, 6.412, 3, 8.236], "rotation": 90, "texture": "#0"},
				"up": {"uv": [0, 6.412, 3, 8.236], "rotation": 90, "texture": "#0"},
				"down": {"uv": [0, 6.412, 3, 8.236], "rotation": 90, "texture": "#0"}
			}
		},
		{
			"name": "Cube",
			"from": [7.49999, 4.4, 7.805],
			"to": [8.49999, 4.6, 8.205],
			"rotation": {"angle": -45, "axis": "y", "origin": [8.0082, 3.30001, 7.99178]},
			"faces": {
				"north": {"uv": [0, 6.412, 3, 8.236], "rotation": 90, "texture": "#0"},
				"east": {"uv": [0, 6.412, 3, 8.236], "rotation": 90, "texture": "#0"},
				"south": {"uv": [0, 6.412, 3, 8.236], "rotation": 90, "texture": "#0"},
				"west": {"uv": [0, 6.412, 3, 8.236], "rotation": 90, "texture": "#0"},
				"up": {"uv": [0, 6.412, 3, 8.236], "rotation": 90, "texture": "#0"},
				"down": {"uv": [0, 6.412, 3, 8.236], "rotation": 90, "texture": "#0"}
			}
		},
		{
			"name": "Cube",
			"from": [7.49999, 1.5, 7.78358],
			"to": [8.49999, 1.7, 8.18358],
			"rotation": {"angle": -45, "axis": "y", "origin": [8.0082, 3.30001, 7.99178]},
			"faces": {
				"north": {"uv": [0, 0, 1, 0.2], "texture": "#0"},
				"east": {"uv": [0, 0, 1, 0.2], "texture": "#0"},
				"south": {"uv": [0, 0, 1, 0.2], "texture": "#0"},
				"west": {"uv": [0, 0, 1, 0.2], "texture": "#0"},
				"up": {"uv": [0, 0, 1, 1], "rotation": 90, "texture": "#0"},
				"down": {"uv": [0, 0, 1, 1], "rotation": 270, "texture": "#0"}
			}
		},
		{
			"name": "Cube",
			"from": [7.49999, 0.3, 7.78358],
			"to": [8.49999, 0.5, 8.18358],
			"rotation": {"angle": -45, "axis": "y", "origin": [8.0082, 3.30001, 7.99178]},
			"faces": {
				"north": {"uv": [0, 0, 1, 0.2], "texture": "#0"},
				"east": {"uv": [0, 0, 1, 0.2], "texture": "#0"},
				"south": {"uv": [0, 0, 1, 0.2], "texture": "#0"},
				"west": {"uv": [0, 0, 1, 0.2], "texture": "#0"},
				"up": {"uv": [0, 0, 1, 1], "rotation": 90, "texture": "#0"},
				"down": {"uv": [0, 0, 1, 1], "rotation": 270, "texture": "#0"}
			}
		},
		{
			"name": "Cube",
			"from": [7.5, 3.2, 7.8],
			"to": [8.5, 3.4, 8.2],
			"faces": {
				"north": {"uv": [0, 0, 1, 0.2], "texture": "#0"},
				"east": {"uv": [0, 0, 1, 0.2], "texture": "#0"},
				"south": {"uv": [0, 0, 1, 0.2], "texture": "#0"},
				"west": {"uv": [0, 0, 1, 0.2], "texture": "#0"},
				"up": {"uv": [0, 0, 1, 1], "texture": "#0"},
				"down": {"uv": [0, 0, 1, 1], "texture": "#0"}
			}
		},
		{
			"name": "Cube",
			"from": [7.5, 3.4, 7.8],
			"to": [8.5, 3.6, 8.2],
			"faces": {
				"north": {"uv": [0, 6.412, 3, 8.236], "texture": "#0"},
				"east": {"uv": [0, 6.412, 3, 8.236], "texture": "#0"},
				"south": {"uv": [0, 6.412, 3, 8.236], "texture": "#0"},
				"west": {"uv": [0, 6.412, 3, 8.236], "texture": "#0"},
				"up": {"uv": [0, 6.412, 3, 8.236], "texture": "#0"},
				"down": {"uv": [0, 6.412, 3, 8.236], "texture": "#0"}
			}
		},
		{
			"name": "Cube",
			"from": [7.5, 4.4, 7.8],
			"to": [8.5, 4.6, 8.2],
			"faces": {
				"north": {"uv": [0, 6.412, 3, 8.236], "texture": "#0"},
				"east": {"uv": [0, 6.412, 3, 8.236], "texture": "#0"},
				"south": {"uv": [0, 6.412, 3, 8.236], "texture": "#0"},
				"west": {"uv": [0, 6.412, 3, 8.236], "texture": "#0"},
				"up": {"uv": [0, 6.412, 3, 8.236], "texture": "#0"},
				"down": {"uv": [0, 6.412, 3, 8.236], "texture": "#0"}
			}
		},
		{
			"name": "Cube",
			"from": [7.5, 4.6, 7.8],
			"to": [8.5, 4.8, 8.2],
			"faces": {
				"north": {"uv": [0, 0, 1, 0.2], "texture": "#0"},
				"east": {"uv": [0, 0, 1, 0.2], "texture": "#0"},
				"south": {"uv": [0, 0, 1, 0.2], "texture": "#0"},
				"west": {"uv": [0, 0, 1, 0.2], "texture": "#0"},
				"up": {"uv": [0, 0, 1, 1], "texture": "#0"},
				"down": {"uv": [0, 0, 1, 1], "texture": "#0"}
			}
		},
		{
			"name": "Cube",
			"from": [7.5, 1.5, 7.8],
			"to": [8.5, 1.7, 8.2],
			"faces": {
				"north": {"uv": [0, 0, 1, 0.2], "texture": "#0"},
				"east": {"uv": [0, 0, 1, 0.2], "texture": "#0"},
				"south": {"uv": [0, 0, 1, 0.2], "texture": "#0"},
				"west": {"uv": [0, 0, 1, 0.2], "texture": "#0"},
				"up": {"uv": [0, 0, 1, 1], "texture": "#0"},
				"down": {"uv": [0, 0, 1, 1], "texture": "#0"}
			}
		},
		{
			"name": "Cube",
			"from": [7.5, 0.3, 7.8],
			"to": [8.5, 0.5, 8.2],
			"faces": {
				"north": {"uv": [0, 0, 1, 0.2], "texture": "#0"},
				"east": {"uv": [0, 0, 1, 0.2], "texture": "#0"},
				"south": {"uv": [0, 0, 1, 0.2], "texture": "#0"},
				"west": {"uv": [0, 0, 1, 0.2], "texture": "#0"},
				"up": {"uv": [0, 0, 1, 1], "texture": "#0"},
				"down": {"uv": [0, 0, 1, 1], "texture": "#0"}
			}
		},
		{
			"name": "Cube",
			"from": [7.8, 1.7, 7.5],
			"to": [8.2, 3.2, 8.5],
			"faces": {
				"north": {"uv": [0, 0, 16, 16], "texture": "#2"},
				"east": {"uv": [0, 0, 16, 16], "texture": "#2"},
				"south": {"uv": [0, 0, 16, 16], "texture": "#2"},
				"west": {"uv": [0, 0, 16, 16], "texture": "#2"},
				"up": {"uv": [0, 0, 16, 16], "texture": "#2"},
				"down": {"uv": [0, 0, 16, 16], "texture": "#2"}
			}
		},
		{
			"name": "Cube",
			"from": [7.5, 1.7, 7.8],
			"to": [8.5, 3.2, 8.2],
			"faces": {
				"north": {"uv": [0, 0, 16, 16], "texture": "#2"},
				"east": {"uv": [0, 0, 16, 16], "texture": "#2"},
				"south": {"uv": [0, 0, 16, 16], "texture": "#2"},
				"west": {"uv": [0, 0, 16, 16], "texture": "#2"},
				"up": {"uv": [0, 0, 16, 16], "texture": "#2"},
				"down": {"uv": [0, 0, 16, 16], "texture": "#2"}
			}
		},
		{
			"name": "Cube",
			"from": [7.5, 1.7, 7.8],
			"to": [8.5, 3.2, 8.2],
			"rotation": {"angle": 45, "axis": "y", "origin": [8, 8, 8]},
			"faces": {
				"north": {"uv": [0, 0, 16, 16], "texture": "#2"},
				"east": {"uv": [0, 0, 16, 16], "texture": "#2"},
				"south": {"uv": [0, 0, 16, 16], "texture": "#2"},
				"west": {"uv": [0, 0, 16, 16], "texture": "#2"},
				"up": {"uv": [0, 0, 16, 16], "texture": "#2"},
				"down": {"uv": [0, 0, 16, 16], "texture": "#2"}
			}
		},
		{
			"name": "Cube",
			"from": [7.5, 1.7, 7.805],
			"to": [8.5, 3.2, 8.205],
			"rotation": {"angle": -45, "axis": "y", "origin": [8, 8, 8]},
			"faces": {
				"north": {"uv": [0, 0, 16, 16], "texture": "#2"},
				"east": {"uv": [0, 0, 16, 16], "texture": "#2"},
				"south": {"uv": [0, 0, 16, 16], "texture": "#2"},
				"west": {"uv": [0, 0, 16, 16], "texture": "#2"},
				"up": {"uv": [0, 0, 16, 16], "texture": "#2"},
				"down": {"uv": [0, 0, 16, 16], "texture": "#2"}
			}
		},
		{
			"name": "Cube",
			"from": [7.6, 1, 7.7],
			"to": [8.4, 1.5, 8.3],
			"faces": {
				"north": {"uv": [0, 0, 0.8, 0.5], "texture": "#0"},
				"east": {"uv": [0, 0, 0.8, 0.5], "texture": "#0"},
				"south": {"uv": [0, 0, 0.8, 0.5], "texture": "#0"},
				"west": {"uv": [0, 0, 0.8, 0.5], "texture": "#0"},
				"up": {"uv": [0, 0, 0.8, 0.8], "texture": "#0"},
				"down": {"uv": [0, 0, 0.8, 0.8], "texture": "#0"}
			}
		},
		{
			"name": "Cube",
			"from": [7.7, 1, 7.6],
			"to": [8.3, 1.5, 8.4],
			"faces": {
				"north": {"uv": [0, 0, 0.8, 0.5], "texture": "#0"},
				"east": {"uv": [0, 0, 0.8, 0.5], "texture": "#0"},
				"south": {"uv": [0, 0, 0.8, 0.5], "texture": "#0"},
				"west": {"uv": [0, 0, 0.8, 0.5], "texture": "#0"},
				"up": {"uv": [0, 0, 0.8, 0.8], "rotation": 90, "texture": "#0"},
				"down": {"uv": [0, 0, 0.8, 0.8], "rotation": 270, "texture": "#0"}
			}
		},
		{
			"name": "Cube",
			"from": [7.85, 1, 7.5],
			"to": [8.15, 1.5, 8.5],
			"faces": {
				"north": {"uv": [0, 0, 0.8, 0.5], "texture": "#0"},
				"east": {"uv": [0, 0, 0.8, 0.5], "texture": "#0"},
				"south": {"uv": [0, 0, 0.8, 0.5], "texture": "#0"},
				"west": {"uv": [0, 0, 0.8, 0.5], "texture": "#0"},
				"up": {"uv": [0, 0, 0.8, 0.8], "rotation": 90, "texture": "#0"},
				"down": {"uv": [0, 0, 0.8, 0.8], "rotation": 270, "texture": "#0"}
			}
		},
		{
			"name": "Cube",
			"from": [7.49998, 1, 7.82642],
			"to": [8.49998, 1.5, 8.12642],
			"faces": {
				"north": {"uv": [0, 0, 0.8, 0.5], "texture": "#0"},
				"east": {"uv": [0, 0, 0.8, 0.5], "texture": "#0"},
				"south": {"uv": [0, 0, 0.8, 0.5], "texture": "#0"},
				"west": {"uv": [0, 0, 0.8, 0.5], "texture": "#0"},
				"up": {"uv": [0, 0, 0.8, 0.8], "rotation": 180, "texture": "#0"},
				"down": {"uv": [0, 0, 0.8, 0.8], "rotation": 180, "texture": "#0"}
			}
		},
		{
			"name": "Cube",
			"from": [7.8, 4.8, 7.8],
			"to": [8.2, 6.8, 8.2],
			"faces": {
				"north": {"uv": [8, 7, 8.4, 9], "texture": "#1"},
				"east": {"uv": [8, 6, 8.4, 8], "texture": "#1"},
				"south": {"uv": [7, 7, 7.4, 9], "texture": "#1"},
				"west": {"uv": [9, 7, 9.4, 9], "texture": "#1"},
				"up": {"uv": [6, 7, 6.4, 7.4], "texture": "#1"},
				"down": {"uv": [8, 6, 8.4, 6.4], "texture": "#1"}
			}
		},
		{
			"name": "Cube",
			"from": [7.7, 8.7, 7.7],
			"to": [8.3, 8.9, 8.3],
			"faces": {
				"north": {"uv": [5.824, 0, 9.471, 3.941], "texture": "#0"},
				"east": {"uv": [5.824, 0, 9.471, 3.941], "texture": "#0"},
				"south": {"uv": [5.824, 0, 9.471, 3.941], "texture": "#0"},
				"west": {"uv": [5.824, 0, 9.471, 3.941], "texture": "#0"},
				"up": {"uv": [5.824, 0, 9.471, 3.941], "texture": "#0"},
				"down": {"uv": [5.824, 0, 9.471, 3.941], "texture": "#0"}
			}
		},
		{
			"name": "Cube",
			"from": [7.5, 8.7, 7.8],
			"to": [8.5, 8.9, 8.2],
			"faces": {
				"north": {"uv": [5.824, 0, 9.471, 3.941], "texture": "#0"},
				"east": {"uv": [5.824, 0, 9.471, 3.941], "texture": "#0"},
				"south": {"uv": [5.824, 0, 9.471, 3.941], "texture": "#0"},
				"west": {"uv": [5.824, 0, 9.471, 3.941], "texture": "#0"},
				"up": {"uv": [5.824, 0, 9.471, 3.941], "texture": "#0"},
				"down": {"uv": [5.824, 0, 9.471, 3.941], "texture": "#0"}
			}
		},
		{
			"name": "Cube",
			"from": [7.79999, 8.7, 7.48899],
			"to": [8.19999, 8.9, 8.48899],
			"faces": {
				"north": {"uv": [5.824, 0, 9.471, 3.941], "texture": "#0"},
				"east": {"uv": [5.824, 0, 9.471, 3.941], "texture": "#0"},
				"south": {"uv": [5.824, 0, 9.471, 3.941], "texture": "#0"},
				"west": {"uv": [5.824, 0, 9.471, 3.941], "texture": "#0"},
				"up": {"uv": [5.824, 0, 9.471, 3.941], "texture": "#0"},
				"down": {"uv": [5.824, 0, 9.471, 3.941], "texture": "#0"}
			}
		},
		{
			"name": "Cube",
			"from": [7.85, 8.9, 8.35],
			"to": [8.15, 9, 8.45],
			"faces": {
				"north": {"uv": [5.824, 0, 9.471, 3.941], "texture": "#3"},
				"east": {"uv": [5.824, 0, 9.471, 3.941], "texture": "#3"},
				"south": {"uv": [5.824, 0, 9.471, 3.941], "texture": "#3"},
				"west": {"uv": [5.824, 0, 9.471, 3.941], "texture": "#3"},
				"up": {"uv": [5.824, 0, 9.471, 3.941], "texture": "#3"},
				"down": {"uv": [5.824, 0, 9.471, 3.941], "texture": "#3"}
			}
		},
		{
			"name": "Cube",
			"from": [7.55, 8.9, 7.84738],
			"to": [7.65, 9, 8.14738],
			"faces": {
				"north": {"uv": [5.824, 0, 9.471, 3.941], "texture": "#3"},
				"east": {"uv": [5.824, 0, 9.471, 3.941], "texture": "#3"},
				"south": {"uv": [5.824, 0, 9.471, 3.941], "texture": "#3"},
				"west": {"uv": [5.824, 0, 9.471, 3.941], "texture": "#3"},
				"up": {"uv": [5.824, 0, 9.471, 3.941], "rotation": 90, "texture": "#3"},
				"down": {"uv": [5.824, 0, 9.471, 3.941], "rotation": 270, "texture": "#3"}
			}
		},
		{
			"name": "Cube",
			"from": [7.85, 8.9, 7.55],
			"to": [8.15, 9, 7.65],
			"faces": {
				"north": {"uv": [5.824, 0, 9.471, 3.941], "texture": "#3"},
				"east": {"uv": [5.824, 0, 9.471, 3.941], "texture": "#3"},
				"south": {"uv": [5.824, 0, 9.471, 3.941], "texture": "#3"},
				"west": {"uv": [5.824, 0, 9.471, 3.941], "texture": "#3"},
				"up": {"uv": [5.824, 0, 9.471, 3.941], "texture": "#3"},
				"down": {"uv": [5.824, 0, 9.471, 3.941], "texture": "#3"}
			}
		},
		{
			"name": "Cube",
			"from": [8.35, 8.9, 7.84738],
			"to": [8.45, 9, 8.14738],
			"faces": {
				"north": {"uv": [5.824, 0, 9.471, 3.941], "texture": "#3"},
				"east": {"uv": [5.824, 0, 9.471, 3.941], "texture": "#3"},
				"south": {"uv": [5.824, 0, 9.471, 3.941], "texture": "#3"},
				"west": {"uv": [5.824, 0, 9.471, 3.941], "texture": "#3"},
				"up": {"uv": [5.824, 0, 9.471, 3.941], "rotation": 90, "texture": "#3"},
				"down": {"uv": [5.824, 0, 9.471, 3.941], "rotation": 270, "texture": "#3"}
			}
		},
		{
			"name": "Cube",
			"from": [7.8, 7.9, 7.6],
			"to": [8.2, 8.9, 7.7],
			"rotation": {"angle": -45, "axis": "y", "origin": [8, 9.7, 8]},
			"faces": {
				"north": {"uv": [8, 2, 8.4, 4], "texture": "#0"},
				"east": {"uv": [7, 1, 7.2, 3], "texture": "#0"},
				"south": {"uv": [9, 1, 9.4, 3], "texture": "#0"},
				"west": {"uv": [9, 1, 9.2, 3], "texture": "#0"},
				"up": {"uv": [6, 2, 6.4, 2.2], "texture": "#0"},
				"down": {"uv": [8, 2, 8.4, 2.2], "texture": "#0"}
			}
		},
		{
			"name": "Cube",
			"from": [7.8, 6.8, 7.6],
			"to": [8.2, 7.9, 7.7],
			"rotation": {"angle": -45, "axis": "y", "origin": [8, 7.47273, 8.03182]},
			"faces": {
				"north": {"uv": [0, 3, 2, 13], "texture": "#4"},
				"east": {"uv": [0, 3, 2, 13], "texture": "#4"},
				"south": {"uv": [0, 3, 2, 13], "texture": "#4"},
				"west": {"uv": [0, 3, 2, 13], "texture": "#4"},
				"up": {"uv": [0, 3, 2, 13], "texture": "#4"},
				"down": {"uv": [0, 3, 2, 13], "texture": "#4"}
			}
		},
		{
			"name": "Cube",
			"from": [7.8, 6.4, 7.6],
			"to": [8.2, 6.8, 7.7],
			"rotation": {"angle": -45, "axis": "y", "origin": [8, 7.47273, 8.03182]},
			"faces": {
				"north": {"uv": [8, 2, 8.4, 4], "texture": "#0"},
				"east": {"uv": [7, 1, 7.2, 3], "texture": "#0"},
				"south": {"uv": [9, 1, 9.4, 3], "texture": "#0"},
				"west": {"uv": [9, 1, 9.2, 3], "texture": "#0"},
				"up": {"uv": [6, 2, 6.4, 2.2], "texture": "#0"},
				"down": {"uv": [8, 2, 8.4, 2.2], "texture": "#0"}
			}
		},
		{
			"name": "Cube",
			"from": [8.3, 7.9, 7.8],
			"to": [8.4, 8.9, 8.2],
			"rotation": {"angle": -45, "axis": "y", "origin": [8, 7.47273, 8.03182]},
			"faces": {
				"north": {"uv": [8, 2, 8.2, 4], "texture": "#0"},
				"east": {"uv": [9, 1, 9.4, 3], "texture": "#0"},
				"south": {"uv": [8, 1, 8.2, 3], "texture": "#0"},
				"west": {"uv": [9, 1, 9.4, 3], "texture": "#0"},
				"up": {"uv": [7, 2, 7.2, 2.4], "texture": "#0"},
				"down": {"uv": [7, 2, 7.2, 2.4], "texture": "#0"}
			}
		},
		{
			"name": "Cube",
			"from": [8.3, 6.8, 7.8],
			"to": [8.4, 7.9, 8.2],
			"rotation": {"angle": -45, "axis": "y", "origin": [8, 7.47273, 8.03182]},
			"faces": {
				"north": {"uv": [0, 3, 2, 13], "texture": "#4"},
				"east": {"uv": [0, 3, 2, 13], "texture": "#4"},
				"south": {"uv": [0, 3, 2, 13], "texture": "#4"},
				"west": {"uv": [0, 3, 2, 13], "texture": "#4"},
				"up": {"uv": [0, 3, 2, 13], "texture": "#4"},
				"down": {"uv": [0, 3, 2, 13], "texture": "#4"}
			}
		},
		{
			"name": "Cube",
			"from": [8.3, 6.4, 7.8],
			"to": [8.4, 6.8, 8.2],
			"rotation": {"angle": -45, "axis": "y", "origin": [8, 7.47273, 8.03182]},
			"faces": {
				"north": {"uv": [8, 2, 8.2, 4], "texture": "#0"},
				"east": {"uv": [9, 1, 9.4, 3], "texture": "#0"},
				"south": {"uv": [8, 1, 8.2, 3], "texture": "#0"},
				"west": {"uv": [9, 1, 9.4, 3], "texture": "#0"},
				"up": {"uv": [7, 2, 7.2, 2.4], "texture": "#0"},
				"down": {"uv": [7, 2, 7.2, 2.4], "texture": "#0"}
			}
		},
		{
			"name": "Cube",
			"from": [7.9, 8.58013, 7.54406],
			"to": [8.1, 9.48013, 7.74406],
			"rotation": {"angle": -22.5, "axis": "x", "origin": [8, 8.84536, 7.6206]},
			"faces": {
				"north": {"uv": [8, 2, 8.2, 2.8], "texture": "#0"},
				"east": {"uv": [7, 1, 7.2, 1.8], "texture": "#0"},
				"south": {"uv": [6, 2, 6.2, 2.8], "texture": "#0"},
				"west": {"uv": [6, 2, 6.2, 2.8], "texture": "#0"},
				"up": {"uv": [8, 3, 8.2, 3.2], "texture": "#0"},
				"down": {"uv": [7, 3, 7.2, 3.2], "texture": "#0"}
			}
		},
		{
			"name": "Cube",
			"from": [7.8, 9.35, 7.8],
			"to": [8.2, 9.45, 8.2],
			"faces": {
				"north": {"uv": [8, 2, 8.4, 2.2], "texture": "#1"},
				"east": {"uv": [7, 1, 7.4, 1.2], "texture": "#1"},
				"south": {"uv": [6, 2, 6.4, 2.2], "texture": "#1"},
				"west": {"uv": [6, 2, 6.4, 2.2], "texture": "#1"},
				"up": {"uv": [8, 3, 8.4, 3.4], "texture": "#1"},
				"down": {"uv": [7, 3, 7.4, 3.4], "texture": "#1"}
			}
		},
		{
			"name": "Cube",
			"from": [7.85, 9.25, 7.85],
			"to": [8.15, 9.55, 8.15],
			"faces": {
				"north": {"uv": [8, 2, 8.4, 2.2], "texture": "#1"},
				"east": {"uv": [7, 1, 7.4, 1.2], "texture": "#1"},
				"south": {"uv": [6, 2, 6.4, 2.2], "texture": "#1"},
				"west": {"uv": [6, 2, 6.4, 2.2], "texture": "#1"},
				"up": {"uv": [8, 3, 8.4, 3.4], "texture": "#1"},
				"down": {"uv": [7, 3, 7.4, 3.4], "texture": "#1"}
			}
		},
		{
			"name": "Cube",
			"from": [7.7, 9, 7.7],
			"to": [8.3, 9.3, 8.3],
			"faces": {
				"north": {"uv": [8, 2, 8.6, 2.2], "texture": "#1"},
				"east": {"uv": [7, 1, 7.6, 1.2], "texture": "#1"},
				"south": {"uv": [6, 2, 6.6, 2.2], "texture": "#1"},
				"west": {"uv": [6, 2, 6.6, 2.2], "texture": "#1"},
				"up": {"uv": [8, 3, 8.6, 3.6], "texture": "#1"},
				"down": {"uv": [7, 3, 7.6, 3.6], "texture": "#1"}
			}
		},
		{
			"name": "Cube",
			"from": [7.7, 8.8, 7.7],
			"to": [8.3, 9, 8.3],
			"faces": {
				"north": {"uv": [6, 2, 6.4, 2.2], "texture": "#0"},
				"east": {"uv": [6, 2, 6.4, 2.2], "texture": "#0"},
				"south": {"uv": [6, 2, 6.4, 2.2], "texture": "#0"},
				"west": {"uv": [6, 2, 6.4, 2.2], "texture": "#0"},
				"up": {"uv": [6, 2, 6.4, 2.2], "texture": "#0"},
				"down": {"uv": [6, 2, 6.4, 2.2], "texture": "#0"}
			}
		},
		{
			"name": "Cube",
			"from": [7.5, 8.65307, 7.9],
			"to": [7.7, 9.55307, 8.1],
			"rotation": {"angle": 22.5, "axis": "z", "origin": [7.6, 8.9, 8]},
			"faces": {
				"north": {"uv": [8, 2, 8.2, 2.8], "texture": "#0"},
				"east": {"uv": [7, 1, 7.2, 1.8], "texture": "#0"},
				"south": {"uv": [6, 2, 6.2, 2.8], "texture": "#0"},
				"west": {"uv": [6, 2, 6.2, 2.8], "texture": "#0"},
				"up": {"uv": [8, 3, 8.2, 3.2], "texture": "#0"},
				"down": {"uv": [7, 3, 7.2, 3.2], "texture": "#0"}
			}
		},
		{
			"name": "Cube",
			"from": [7.6, 7.9, 7.8],
			"to": [7.7, 8.9, 8.2],
			"rotation": {"angle": -45, "axis": "y", "origin": [8, 7.47273, 8.03182]},
			"faces": {
				"north": {"uv": [8, 2, 8.2, 4], "texture": "#0"},
				"east": {"uv": [8, 0, 8.4, 2], "texture": "#0"},
				"south": {"uv": [7, 1, 7.2, 3], "texture": "#0"},
				"west": {"uv": [9, 0, 9.4, 2], "texture": "#0"},
				"up": {"uv": [6, 4, 6.2, 4.4], "texture": "#0"},
				"down": {"uv": [8, 4, 8.2, 4.4], "texture": "#0"}
			}
		},
		{
			"name": "Cube",
			"from": [7.6, 6.8, 7.8],
			"to": [7.7, 7.9, 8.2],
			"rotation": {"angle": -45, "axis": "y", "origin": [8, 7.47273, 8.03182]},
			"faces": {
				"north": {"uv": [0, 3, 2, 13], "texture": "#4"},
				"east": {"uv": [0, 3, 2, 13], "texture": "#4"},
				"south": {"uv": [0, 3, 2, 13], "texture": "#4"},
				"west": {"uv": [0, 3, 2, 13], "texture": "#4"},
				"up": {"uv": [0, 3, 2, 13], "texture": "#4"},
				"down": {"uv": [0, 3, 2, 13], "texture": "#4"}
			}
		},
		{
			"name": "Cube",
			"from": [7.6, 6.4, 7.8],
			"to": [7.7, 6.8, 8.2],
			"rotation": {"angle": -45, "axis": "y", "origin": [8, 7.47273, 8.03182]},
			"faces": {
				"north": {"uv": [8, 2, 8.2, 4], "texture": "#0"},
				"east": {"uv": [8, 0, 8.4, 2], "texture": "#0"},
				"south": {"uv": [7, 1, 7.2, 3], "texture": "#0"},
				"west": {"uv": [9, 0, 9.4, 2], "texture": "#0"},
				"up": {"uv": [6, 4, 6.2, 4.4], "texture": "#0"},
				"down": {"uv": [8, 4, 8.2, 4.4], "texture": "#0"}
			}
		},
		{
			"name": "Cube",
			"from": [7.8, 7.9, 8.3],
			"to": [8.2, 8.9, 8.4],
			"rotation": {"angle": -45, "axis": "y", "origin": [8, 7.47273, 8.03182]},
			"faces": {
				"north": {"uv": [7, 1, 7.4, 3], "texture": "#0"},
				"east": {"uv": [9, 2, 9.2, 4], "texture": "#0"},
				"south": {"uv": [6, 2, 6.4, 4], "texture": "#0"},
				"west": {"uv": [9, 3, 9.2, 5], "texture": "#0"},
				"up": {"uv": [6, 2, 6.4, 2.2], "texture": "#0"},
				"down": {"uv": [8, 3, 8.4, 3.2], "texture": "#0"}
			}
		},
		{
			"name": "Cube",
			"from": [7.8, 6.8, 8.3],
			"to": [8.2, 7.9, 8.4],
			"rotation": {"angle": -45, "axis": "y", "origin": [8, 7.47273, 8.03182]},
			"faces": {
				"north": {"uv": [0, 3, 2, 13], "texture": "#4"},
				"east": {"uv": [0, 3, 2, 13], "texture": "#4"},
				"south": {"uv": [0, 3, 2, 13], "texture": "#4"},
				"west": {"uv": [0, 3, 2, 13], "texture": "#4"},
				"up": {"uv": [0, 3, 2, 13], "texture": "#4"},
				"down": {"uv": [0, 3, 2, 13], "texture": "#4"}
			}
		},
		{
			"name": "Cube",
			"from": [7.8, 6.4, 8.3],
			"to": [8.2, 6.8, 8.4],
			"rotation": {"angle": -45, "axis": "y", "origin": [8, 7.47273, 8.03182]},
			"faces": {
				"north": {"uv": [7, 1, 7.4, 3], "texture": "#0"},
				"east": {"uv": [9, 2, 9.2, 4], "texture": "#0"},
				"south": {"uv": [6, 2, 6.4, 4], "texture": "#0"},
				"west": {"uv": [9, 3, 9.2, 5], "texture": "#0"},
				"up": {"uv": [6, 2, 6.4, 2.2], "texture": "#0"},
				"down": {"uv": [8, 3, 8.4, 3.2], "texture": "#0"}
			}
		},
		{
			"name": "Cube",
			"from": [7.9, 8.59218, 8.3],
			"to": [8.1, 9.49218, 8.5],
			"rotation": {"angle": 22.5, "axis": "x", "origin": [8, 8.9, 8.4]},
			"faces": {
				"north": {"uv": [8, 2, 8.2, 2.8], "texture": "#0"},
				"east": {"uv": [7, 1, 7.2, 1.8], "texture": "#0"},
				"south": {"uv": [6, 2, 6.2, 2.8], "texture": "#0"},
				"west": {"uv": [6, 2, 6.2, 2.8], "texture": "#0"},
				"up": {"uv": [8, 3, 8.2, 3.2], "texture": "#0"},
				"down": {"uv": [7, 3, 7.2, 3.2], "texture": "#0"}
			}
		},
		{
			"name": "Cube",
			"from": [8.3, 8.65307, 7.9],
			"to": [8.5, 9.55307, 8.1],
			"rotation": {"angle": -22.5, "axis": "z", "origin": [8.4, 8.9, 8]},
			"faces": {
				"north": {"uv": [8, 2, 8.2, 2.8], "texture": "#0"},
				"east": {"uv": [7, 1, 7.2, 1.8], "texture": "#0"},
				"south": {"uv": [6, 2, 6.2, 2.8], "texture": "#0"},
				"west": {"uv": [6, 2, 6.2, 2.8], "texture": "#0"},
				"up": {"uv": [8, 3, 8.2, 3.2], "texture": "#0"},
				"down": {"uv": [7, 3, 7.2, 3.2], "texture": "#0"}
			}
		},
		{
			"name": "Cube",
			"from": [7.6, 3.6, 7.8],
			"to": [8.4, 3.8, 8.2],
			"faces": {
				"north": {"uv": [0.765, 5.765, 3.647, 8.352], "texture": "#0"},
				"east": {"uv": [0.765, 5.765, 3.647, 8.352], "texture": "#0"},
				"south": {"uv": [0.765, 5.765, 3.647, 8.352], "texture": "#0"},
				"west": {"uv": [0.765, 5.765, 3.647, 8.352], "texture": "#0"},
				"up": {"uv": [0.765, 5.765, 3.647, 8.352], "texture": "#0"},
				"down": {"uv": [0.765, 5.765, 3.647, 8.352], "texture": "#0"}
			}
		},
		{
			"name": "Cube",
			"from": [7.85, 4.3, 7.55],
			"to": [8.15, 4.4, 8.45],
			"faces": {
				"north": {"uv": [0.765, 5.765, 3.647, 8.352], "texture": "#0"},
				"east": {"uv": [0.765, 5.765, 3.647, 8.352], "texture": "#0"},
				"south": {"uv": [0.765, 5.765, 3.647, 8.352], "texture": "#0"},
				"west": {"uv": [0.765, 5.765, 3.647, 8.352], "texture": "#0"},
				"up": {"uv": [0.765, 5.765, 3.647, 8.352], "texture": "#0"},
				"down": {"uv": [0.765, 5.765, 3.647, 8.352], "texture": "#0"}
			}
		},
		{
			"name": "Cube",
			"from": [7.79999, 4.2, 7.6],
			"to": [8.19999, 4.4, 8.4],
			"faces": {
				"north": {"uv": [0.765, 5.765, 3.647, 8.352], "texture": "#0"},
				"east": {"uv": [0.765, 5.765, 3.647, 8.352], "texture": "#0"},
				"south": {"uv": [0.765, 5.765, 3.647, 8.352], "texture": "#0"},
				"west": {"uv": [0.765, 5.765, 3.647, 8.352], "texture": "#0"},
				"up": {"uv": [0.765, 5.765, 3.647, 8.352], "texture": "#0"},
				"down": {"uv": [0.765, 5.765, 3.647, 8.352], "texture": "#0"}
			}
		},
		{
			"name": "Cube",
			"from": [7.6, 4.2, 7.8],
			"to": [8.4, 4.4, 8.2],
			"faces": {
				"north": {"uv": [0.765, 5.765, 3.647, 8.352], "texture": "#0"},
				"east": {"uv": [0.765, 5.765, 3.647, 8.352], "texture": "#0"},
				"south": {"uv": [0.765, 5.765, 3.647, 8.352], "texture": "#0"},
				"west": {"uv": [0.765, 5.765, 3.647, 8.352], "texture": "#0"},
				"up": {"uv": [0.765, 5.765, 3.647, 8.352], "texture": "#0"},
				"down": {"uv": [0.765, 5.765, 3.647, 8.352], "texture": "#0"}
			}
		},
		{
			"name": "Cube",
			"from": [7.54999, 4.3, 7.8348],
			"to": [8.44999, 4.4, 8.1348],
			"faces": {
				"north": {"uv": [0.765, 5.765, 3.647, 8.352], "texture": "#0"},
				"east": {"uv": [0.765, 5.765, 3.647, 8.352], "texture": "#0"},
				"south": {"uv": [0.765, 5.765, 3.647, 8.352], "texture": "#0"},
				"west": {"uv": [0.765, 5.765, 3.647, 8.352], "texture": "#0"},
				"up": {"uv": [0.765, 5.765, 3.647, 8.352], "texture": "#0"},
				"down": {"uv": [0.765, 5.765, 3.647, 8.352], "texture": "#0"}
			}
		},
		{
			"name": "Cube",
			"from": [7.6, 4.8, 7.8],
			"to": [8.4, 4.9, 8.2],
			"faces": {
				"north": {"uv": [0, 0, 4.177, 4.059], "texture": "#0"},
				"east": {"uv": [0, 0, 4.177, 4.059], "texture": "#0"},
				"south": {"uv": [0, 0, 4.177, 4.059], "texture": "#0"},
				"west": {"uv": [0, 0, 4.177, 4.059], "texture": "#0"},
				"up": {"uv": [0, 0, 4.177, 4.059], "texture": "#0"},
				"down": {"uv": [0, 0, 4.177, 4.059], "texture": "#0"}
			}
		},
		{
			"name": "Cube",
			"from": [7.83725, 4.9, 7.49248],
			"to": [8.13725, 7.1, 7.69248],
			"faces": {
				"north": {"uv": [0, 0, 4.177, 4.059], "texture": "#0"},
				"east": {"uv": [0, 0, 4.177, 4.059], "texture": "#0"},
				"south": {"uv": [0, 0, 4.177, 4.059], "texture": "#0"},
				"west": {"uv": [0, 0, 4.177, 4.059], "texture": "#0"},
				"up": {"uv": [0, 0, 4.177, 4.059], "rotation": 90, "texture": "#0"},
				"down": {"uv": [0, 0, 4.177, 4.059], "rotation": 270, "texture": "#0"}
			}
		},
		{
			"name": "Cube",
			"from": [8.29254, 4.9, 7.83717],
			"to": [8.49254, 7.1, 8.13717],
			"faces": {
				"north": {"uv": [0, 0, 4.177, 4.059], "texture": "#0"},
				"east": {"uv": [0, 0, 4.177, 4.059], "texture": "#0"},
				"south": {"uv": [0, 0, 4.177, 4.059], "texture": "#0"},
				"west": {"uv": [0, 0, 4.177, 4.059], "texture": "#0"},
				"up": {"uv": [0, 0, 4.177, 4.059], "rotation": 180, "texture": "#0"},
				"down": {"uv": [0, 0, 4.177, 4.059], "rotation": 180, "texture": "#0"}
			}
		},
		{
			"name": "Cube",
			"from": [7.83725, 4.9, 8.29248],
			"to": [8.13725, 7.1, 8.49248],
			"faces": {
				"north": {"uv": [0, 0, 4.177, 4.059], "texture": "#0"},
				"east": {"uv": [0, 0, 4.177, 4.059], "texture": "#0"},
				"south": {"uv": [0, 0, 4.177, 4.059], "texture": "#0"},
				"west": {"uv": [0, 0, 4.177, 4.059], "texture": "#0"},
				"up": {"uv": [0, 0, 4.177, 4.059], "rotation": 90, "texture": "#0"},
				"down": {"uv": [0, 0, 4.177, 4.059], "rotation": 270, "texture": "#0"}
			}
		},
		{
			"name": "Cube",
			"from": [7.88349, 5, 8.39248],
			"to": [8.08349, 7, 8.54248],
			"faces": {
				"north": {"uv": [0, 0, 4.177, 4.059], "texture": "#0"},
				"east": {"uv": [0, 0, 4.177, 4.059], "texture": "#0"},
				"south": {"uv": [0, 0, 4.177, 4.059], "texture": "#0"},
				"west": {"uv": [0, 0, 4.177, 4.059], "texture": "#0"},
				"up": {"uv": [0, 0, 4.177, 4.059], "rotation": 90, "texture": "#0"},
				"down": {"uv": [0, 0, 4.177, 4.059], "rotation": 270, "texture": "#0"}
			}
		},
		{
			"name": "Cube",
			"from": [7.44254, 5, 7.88342],
			"to": [7.59254, 7, 8.08342],
			"faces": {
				"north": {"uv": [0, 0, 4.177, 4.059], "texture": "#0"},
				"east": {"uv": [0, 0, 4.177, 4.059], "texture": "#0"},
				"south": {"uv": [0, 0, 4.177, 4.059], "texture": "#0"},
				"west": {"uv": [0, 0, 4.177, 4.059], "texture": "#0"},
				"up": {"uv": [0, 0, 4.177, 4.059], "rotation": 180, "texture": "#0"},
				"down": {"uv": [0, 0, 4.177, 4.059], "rotation": 180, "texture": "#0"}
			}
		},
		{
			"name": "Cube",
			"from": [7.88349, 5, 7.44406],
			"to": [8.08349, 7, 7.49406],
			"faces": {
				"north": {"uv": [0, 0, 4.177, 4.059], "texture": "#0"},
				"east": {"uv": [0, 0, 4.177, 4.059], "texture": "#0"},
				"south": {"uv": [0, 0, 4.177, 4.059], "texture": "#0"},
				"west": {"uv": [0, 0, 4.177, 4.059], "texture": "#0"},
				"up": {"uv": [0, 0, 4.177, 4.059], "rotation": 90, "texture": "#0"},
				"down": {"uv": [0, 0, 4.177, 4.059], "rotation": 270, "texture": "#0"}
			}
		},
		{
			"name": "Cube",
			"from": [8.49096, 5, 7.88342],
			"to": [8.54096, 7, 8.08342],
			"faces": {
				"north": {"uv": [0, 0, 4.177, 4.059], "texture": "#0"},
				"east": {"uv": [0, 0, 4.177, 4.059], "texture": "#0"},
				"south": {"uv": [0, 0, 4.177, 4.059], "texture": "#0"},
				"west": {"uv": [0, 0, 4.177, 4.059], "texture": "#0"},
				"up": {"uv": [0, 0, 4.177, 4.059], "rotation": 180, "texture": "#0"},
				"down": {"uv": [0, 0, 4.177, 4.059], "rotation": 180, "texture": "#0"}
			}
		},
		{
			"name": "Cube",
			"from": [7.49254, 4.9, 7.83717],
			"to": [7.69254, 7.1, 8.13717],
			"faces": {
				"north": {"uv": [0, 0, 4.177, 4.059], "texture": "#0"},
				"east": {"uv": [0, 0, 4.177, 4.059], "texture": "#0"},
				"south": {"uv": [0, 0, 4.177, 4.059], "texture": "#0"},
				"west": {"uv": [0, 0, 4.177, 4.059], "texture": "#0"},
				"up": {"uv": [0, 0, 4.177, 4.059], "rotation": 180, "texture": "#0"},
				"down": {"uv": [0, 0, 4.177, 4.059], "rotation": 180, "texture": "#0"}
			}
		},
		{
			"name": "Cube",
			"from": [7.7, 4.8, 7.7],
			"to": [8.3, 4.9, 8.3],
			"faces": {
				"north": {"uv": [0, 0, 4.177, 4.059], "texture": "#0"},
				"east": {"uv": [0, 0, 4.177, 4.059], "texture": "#0"},
				"south": {"uv": [0, 0, 4.177, 4.059], "texture": "#0"},
				"west": {"uv": [0, 0, 4.177, 4.059], "texture": "#0"},
				"up": {"uv": [0, 0, 4.177, 4.059], "texture": "#0"},
				"down": {"uv": [0, 0, 4.177, 4.059], "texture": "#0"}
			}
		},
		{
			"name": "Cube",
			"from": [7.79999, 4.8, 7.58899],
			"to": [8.19999, 4.9, 8.38899],
			"faces": {
				"north": {"uv": [0, 0, 4.177, 4.059], "texture": "#0"},
				"east": {"uv": [0, 0, 4.177, 4.059], "texture": "#0"},
				"south": {"uv": [0, 0, 4.177, 4.059], "texture": "#0"},
				"west": {"uv": [0, 0, 4.177, 4.059], "texture": "#0"},
				"up": {"uv": [0, 0, 4.177, 4.059], "texture": "#0"},
				"down": {"uv": [0, 0, 4.177, 4.059], "texture": "#0"}
			}
		},
		{
			"name": "Cube",
			"from": [7.64999, 4.1, 7.83655],
			"to": [8.34999, 4.2, 8.13655],
			"faces": {
				"north": {"uv": [0.765, 5.765, 3.647, 8.352], "texture": "#0"},
				"east": {"uv": [0.765, 5.765, 3.647, 8.352], "texture": "#0"},
				"south": {"uv": [0.765, 5.765, 3.647, 8.352], "texture": "#0"},
				"west": {"uv": [0.765, 5.765, 3.647, 8.352], "texture": "#0"},
				"up": {"uv": [0.765, 5.765, 3.647, 8.352], "texture": "#0"},
				"down": {"uv": [0.765, 5.765, 3.647, 8.352], "texture": "#0"}
			}
		},
		{
			"name": "Cube",
			"from": [7.85, 4.1, 7.65],
			"to": [8.15, 4.2, 8.35],
			"faces": {
				"north": {"uv": [0.765, 5.765, 3.647, 8.352], "texture": "#0"},
				"east": {"uv": [0.765, 5.765, 3.647, 8.352], "texture": "#0"},
				"south": {"uv": [0.765, 5.765, 3.647, 8.352], "texture": "#0"},
				"west": {"uv": [0.765, 5.765, 3.647, 8.352], "texture": "#0"},
				"up": {"uv": [0.765, 5.765, 3.647, 8.352], "texture": "#0"},
				"down": {"uv": [0.765, 5.765, 3.647, 8.352], "texture": "#0"}
			}
		},
		{
			"name": "Cube",
			"from": [7.79999, 4, 7.78601],
			"to": [8.19999, 4.2, 8.18601],
			"faces": {
				"north": {"uv": [0.765, 5.765, 3.647, 8.352], "texture": "#0"},
				"east": {"uv": [0.765, 5.765, 3.647, 8.352], "texture": "#0"},
				"south": {"uv": [0.765, 5.765, 3.647, 8.352], "texture": "#0"},
				"west": {"uv": [0.765, 5.765, 3.647, 8.352], "texture": "#0"},
				"up": {"uv": [0.765, 5.765, 3.647, 8.352], "texture": "#0"},
				"down": {"uv": [0.765, 5.765, 3.647, 8.352], "texture": "#0"}
			}
		},
		{
			"name": "Cube",
			"from": [7.69999, 4, 7.88601],
			"to": [8.29999, 4.2, 8.08601],
			"faces": {
				"north": {"uv": [0.765, 5.765, 3.647, 8.352], "texture": "#0"},
				"east": {"uv": [0.765, 5.765, 3.647, 8.352], "texture": "#0"},
				"south": {"uv": [0.765, 5.765, 3.647, 8.352], "texture": "#0"},
				"west": {"uv": [0.765, 5.765, 3.647, 8.352], "texture": "#0"},
				"up": {"uv": [0.765, 5.765, 3.647, 8.352], "texture": "#0"},
				"down": {"uv": [0.765, 5.765, 3.647, 8.352], "texture": "#0"}
			}
		},
		{
			"name": "Cube",
			"from": [7.89999, 4, 7.7],
			"to": [8.09999, 4.2, 8.3],
			"faces": {
				"north": {"uv": [0.765, 5.765, 3.647, 8.352], "texture": "#0"},
				"east": {"uv": [0.765, 5.765, 3.647, 8.352], "texture": "#0"},
				"south": {"uv": [0.765, 5.765, 3.647, 8.352], "texture": "#0"},
				"west": {"uv": [0.765, 5.765, 3.647, 8.352], "texture": "#0"},
				"up": {"uv": [0.765, 5.765, 3.647, 8.352], "texture": "#0"},
				"down": {"uv": [0.765, 5.765, 3.647, 8.352], "texture": "#0"}
			}
		},
		{
			"name": "Cube",
			"from": [7.89999, 3.8, 7.7],
			"to": [8.09999, 4, 8.3],
			"faces": {
				"north": {"uv": [0.765, 5.765, 3.647, 8.352], "texture": "#0"},
				"east": {"uv": [0.765, 5.765, 3.647, 8.352], "texture": "#0"},
				"south": {"uv": [0.765, 5.765, 3.647, 8.352], "texture": "#0"},
				"west": {"uv": [0.765, 5.765, 3.647, 8.352], "texture": "#0"},
				"up": {"uv": [0.765, 5.765, 3.647, 8.352], "texture": "#0"},
				"down": {"uv": [0.765, 5.765, 3.647, 8.352], "texture": "#0"}
			}
		},
		{
			"name": "Cube",
			"from": [7.79999, 3.8, 7.78601],
			"to": [8.19999, 4, 8.18601],
			"faces": {
				"north": {"uv": [0.765, 5.765, 3.647, 8.352], "texture": "#0"},
				"east": {"uv": [0.765, 5.765, 3.647, 8.352], "texture": "#0"},
				"south": {"uv": [0.765, 5.765, 3.647, 8.352], "texture": "#0"},
				"west": {"uv": [0.765, 5.765, 3.647, 8.352], "texture": "#0"},
				"up": {"uv": [0.765, 5.765, 3.647, 8.352], "texture": "#0"},
				"down": {"uv": [0.765, 5.765, 3.647, 8.352], "texture": "#0"}
			}
		},
		{
			"name": "Cube",
			"from": [7.69999, 3.8, 7.88601],
			"to": [8.29999, 4, 8.08601],
			"faces": {
				"north": {"uv": [0.765, 5.765, 3.647, 8.352], "texture": "#0"},
				"east": {"uv": [0.765, 5.765, 3.647, 8.352], "texture": "#0"},
				"south": {"uv": [0.765, 5.765, 3.647, 8.352], "texture": "#0"},
				"west": {"uv": [0.765, 5.765, 3.647, 8.352], "texture": "#0"},
				"up": {"uv": [0.765, 5.765, 3.647, 8.352], "texture": "#0"},
				"down": {"uv": [0.765, 5.765, 3.647, 8.352], "texture": "#0"}
			}
		},
		{
			"name": "Cube",
			"from": [7.64999, 3.8, 7.83655],
			"to": [8.34999, 3.9, 8.13655],
			"faces": {
				"north": {"uv": [0.765, 5.765, 3.647, 8.352], "texture": "#0"},
				"east": {"uv": [0.765, 5.765, 3.647, 8.352], "texture": "#0"},
				"south": {"uv": [0.765, 5.765, 3.647, 8.352], "texture": "#0"},
				"west": {"uv": [0.765, 5.765, 3.647, 8.352], "texture": "#0"},
				"up": {"uv": [0.765, 5.765, 3.647, 8.352], "texture": "#0"},
				"down": {"uv": [0.765, 5.765, 3.647, 8.352], "texture": "#0"}
			}
		},
		{
			"name": "Cube",
			"from": [7.74999, 3.8, 7.73655],
			"to": [8.24999, 3.9, 8.23655],
			"faces": {
				"north": {"uv": [0.765, 5.765, 3.647, 8.352], "texture": "#0"},
				"east": {"uv": [0.765, 5.765, 3.647, 8.352], "texture": "#0"},
				"south": {"uv": [0.765, 5.765, 3.647, 8.352], "texture": "#0"},
				"west": {"uv": [0.765, 5.765, 3.647, 8.352], "texture": "#0"},
				"up": {"uv": [0.765, 5.765, 3.647, 8.352], "texture": "#0"},
				"down": {"uv": [0.765, 5.765, 3.647, 8.352], "texture": "#0"}
			}
		},
		{
			"name": "Cube",
			"from": [7.85, 3.8, 7.65],
			"to": [8.15, 3.9, 8.35],
			"faces": {
				"north": {"uv": [0.765, 5.765, 3.647, 8.352], "texture": "#0"},
				"east": {"uv": [0.765, 5.765, 3.647, 8.352], "texture": "#0"},
				"south": {"uv": [0.765, 5.765, 3.647, 8.352], "texture": "#0"},
				"west": {"uv": [0.765, 5.765, 3.647, 8.352], "texture": "#0"},
				"up": {"uv": [0.765, 5.765, 3.647, 8.352], "texture": "#0"},
				"down": {"uv": [0.765, 5.765, 3.647, 8.352], "texture": "#0"}
			}
		},
		{
			"name": "Cube",
			"from": [7.79999, 3.6, 7.6],
			"to": [8.19999, 3.8, 8.4],
			"faces": {
				"north": {"uv": [0.765, 5.765, 3.647, 8.352], "texture": "#0"},
				"east": {"uv": [0.765, 5.765, 3.647, 8.352], "texture": "#0"},
				"south": {"uv": [0.765, 5.765, 3.647, 8.352], "texture": "#0"},
				"west": {"uv": [0.765, 5.765, 3.647, 8.352], "texture": "#0"},
				"up": {"uv": [0.765, 5.765, 3.647, 8.352], "texture": "#0"},
				"down": {"uv": [0.765, 5.765, 3.647, 8.352], "texture": "#0"}
			}
		},
		{
			"name": "Cube",
			"from": [7.85, 3.6, 7.55],
			"to": [8.15, 3.7, 8.45],
			"faces": {
				"north": {"uv": [0.765, 5.765, 3.647, 8.352], "texture": "#0"},
				"east": {"uv": [0.765, 5.765, 3.647, 8.352], "texture": "#0"},
				"south": {"uv": [0.765, 5.765, 3.647, 8.352], "texture": "#0"},
				"west": {"uv": [0.765, 5.765, 3.647, 8.352], "texture": "#0"},
				"up": {"uv": [0.765, 5.765, 3.647, 8.352], "texture": "#0"},
				"down": {"uv": [0.765, 5.765, 3.647, 8.352], "texture": "#0"}
			}
		},
		{
			"name": "Cube",
			"from": [7.7, 3.6, 7.7],
			"to": [8.3, 3.8, 8.3],
			"faces": {
				"north": {"uv": [0.765, 5.765, 3.647, 8.352], "texture": "#0"},
				"east": {"uv": [0.765, 5.765, 3.647, 8.352], "texture": "#0"},
				"south": {"uv": [0.765, 5.765, 3.647, 8.352], "texture": "#0"},
				"west": {"uv": [0.765, 5.765, 3.647, 8.352], "texture": "#0"},
				"up": {"uv": [0.765, 5.765, 3.647, 8.352], "texture": "#0"},
				"down": {"uv": [0.765, 5.765, 3.647, 8.352], "texture": "#0"}
			}
		},
		{
			"name": "Cube",
			"from": [7.54999, 3.6, 7.8348],
			"to": [8.44999, 3.7, 8.1348],
			"faces": {
				"north": {"uv": [0.765, 5.765, 3.647, 8.352], "texture": "#0"},
				"east": {"uv": [0.765, 5.765, 3.647, 8.352], "texture": "#0"},
				"south": {"uv": [0.765, 5.765, 3.647, 8.352], "texture": "#0"},
				"west": {"uv": [0.765, 5.765, 3.647, 8.352], "texture": "#0"},
				"up": {"uv": [0.765, 5.765, 3.647, 8.352], "texture": "#0"},
				"down": {"uv": [0.765, 5.765, 3.647, 8.352], "texture": "#0"}
			}
		},
		{
			"name": "Cube",
			"from": [7.7, 4.2, 7.7],
			"to": [8.3, 4.4, 8.3],
			"faces": {
				"north": {"uv": [0.765, 5.765, 3.647, 8.352], "texture": "#0"},
				"east": {"uv": [0.765, 5.765, 3.647, 8.352], "texture": "#0"},
				"south": {"uv": [0.765, 5.765, 3.647, 8.352], "texture": "#0"},
				"west": {"uv": [0.765, 5.765, 3.647, 8.352], "texture": "#0"},
				"up": {"uv": [0.765, 5.765, 3.647, 8.352], "texture": "#0"},
				"down": {"uv": [0.765, 5.765, 3.647, 8.352], "texture": "#0"}
			}
		},
		{
			"name": "Cube",
			"from": [7.74999, 4.1, 7.73655],
			"to": [8.24999, 4.2, 8.23655],
			"faces": {
				"north": {"uv": [0.765, 5.765, 3.647, 8.352], "texture": "#0"},
				"east": {"uv": [0.765, 5.765, 3.647, 8.352], "texture": "#0"},
				"south": {"uv": [0.765, 5.765, 3.647, 8.352], "texture": "#0"},
				"west": {"uv": [0.765, 5.765, 3.647, 8.352], "texture": "#0"},
				"up": {"uv": [0.765, 5.765, 3.647, 8.352], "texture": "#0"},
				"down": {"uv": [0.765, 5.765, 3.647, 8.352], "texture": "#0"}
			}
		},
		{
			"name": "Cube",
			"from": [7.79999, 3.6, 7.6],
			"to": [8.19999, 3.7, 8.4],
			"faces": {
				"north": {"uv": [0.765, 5.765, 3.647, 8.352], "texture": "#0"},
				"east": {"uv": [0.765, 5.765, 3.647, 8.352], "texture": "#0"},
				"south": {"uv": [0.765, 5.765, 3.647, 8.352], "texture": "#0"},
				"west": {"uv": [0.765, 5.765, 3.647, 8.352], "texture": "#0"},
				"up": {"uv": [0.765, 5.765, 3.647, 8.352], "texture": "#0"},
				"down": {"uv": [0.765, 5.765, 3.647, 8.352], "texture": "#0"}
			}
		}
	],
	"display": {
		"thirdperson_righthand": {
			"translation": [-1, 3.5, 1]
		},
		"thirdperson_lefthand": {
			"translation": [-1, 3.5, 1]
		},
		"firstperson_righthand": {
			"translation": [1.13, 5.5, 1.13]
		},
		"firstperson_lefthand": {
			"translation": [1.13, 5.5, 1.13]
		},
		"ground": {
			"rotation": [90, 0, 0],
			"translation": [0, -4.5, 3.5]
		},
		"gui": {
			"rotation": [0, 45, 45],
			"translation": [-4.5, 7.5, 6.5],
			"scale": [2.5, 2.5, 2.5]
		},
		"fixed": {
			"translation": [0, 8, 0],
			"scale": [2, 2, 2]
		}
	},
	"groups": [0, 1, 2, 3, 4, 5, 6, 7, 8, 9, 10, 11, 12, 13, 14, 15, 16, 17, 18, 19, 20, 21, 22, 23, 24, 25, 26, 27, 28, 29, 30, 31, 32, 33, 34, 35, 36, 37, 38, 39, 40, 41, 42,
		{
			"name": "head",
			"origin": [8, 8, 8],
			"children": [43, 44, 45, 46, 47, 48, 49, 50, 51, 52, 53, 54, 55, 56, 57, 58, 59, 60, 61, 62, 63, 64, 65, 66, 67, 68, 69]
		},
		{
			"name": "middle",
			"origin": [8, 8, 8],
			"children": [70, 71, 72, 73, 74, 75, 76, 77, 78, 79, 80, 81, 82, 83, 84, 85, 86, 87, 88, 89, 90, 91, 92, 93, 94, 95, 96, 97, 98, 99, 100, 101, 102, 103]
		}
	]
}