{
	"credit": "Made with Blockbench",
	"textures": {
		"0": "block/gold_block",
		"1": "block/dark_oak_planks",
		"2": "block/blue_stained_glass",
		"particle": "block/gold_block"
	},
	"elements": [
		{
			"from": [7, 2.4, 7.7],
			"to": [9, 17.4, 9.1],
			"faces": {
				"north": {"uv": [13, 13, 15.2, 14.6], "texture": "#0"},
				"east": {"uv": [0, 0, 16, 16], "texture": "#0"},
				"south": {"uv": [13, 13, 15.2, 14.6], "texture": "#0"},
				"west": {"uv": [13, 13, 15.2, 14.6], "texture": "#0"},
				"up": {"uv": [13, 13, 15.2, 14.6], "texture": "#0"},
				"down": {"uv": [13, 13, 15.2, 14.6], "texture": "#0"}
			}
		},
		{
			"from": [6.9, 0, 7.7],
			"to": [9.1, 2.4, 9.1],
			"faces": {
				"north": {"uv": [13, 13, 15.2, 14.6], "texture": "#0"},
				"east": {"uv": [0, 0, 16, 16], "texture": "#0"},
				"south": {"uv": [13, 13, 15.2, 14.6], "texture": "#0"},
				"west": {"uv": [13, 13, 15.2, 14.6], "texture": "#0"},
				"up": {"uv": [13, 13, 15.2, 14.6], "texture": "#0"},
				"down": {"uv": [13, 13, 15.2, 14.6], "texture": "#0"}
			}
		},
		{
			"from": [7, 0, 7.4],
			"to": [9, 2.4, 9.4],
			"faces": {
				"north": {"uv": [13, 13, 15.2, 14.6], "texture": "#0"},
				"east": {"uv": [0, 0, 16, 16], "texture": "#0"},
				"south": {"uv": [13, 13, 15.2, 14.6], "texture": "#0"},
				"west": {"uv": [13, 13, 15.2, 14.6], "texture": "#0"},
				"up": {"uv": [13, 13, 15.2, 14.6], "texture": "#0"},
				"down": {"uv": [13, 13, 15.2, 14.6], "texture": "#0"}
			}
		},
		{
			"from": [7.3, 0, 7.3],
			"to": [8.7, 2.4, 9.5],
			"faces": {
				"north": {"uv": [13, 13, 15.2, 14.6], "texture": "#0"},
				"east": {"uv": [0, 0, 16, 16], "texture": "#0"},
				"south": {"uv": [13, 13, 15.2, 14.6], "texture": "#0"},
				"west": {"uv": [13, 13, 15.2, 14.6], "texture": "#0"},
				"up": {"uv": [13, 13, 15.2, 14.6], "texture": "#0"},
				"down": {"uv": [13, 13, 15.2, 14.6], "texture": "#0"}
			}
		},
		{
			"from": [7.1, 1.4, 7.2],
			"to": [8.9, 1.7, 9.6],
			"faces": {
				"north": {"uv": [13, 13, 15.2, 14.6], "texture": "#0"},
				"east": {"uv": [0, 0, 16, 16], "texture": "#0"},
				"south": {"uv": [13, 13, 15.2, 14.6], "texture": "#0"},
				"west": {"uv": [13, 13, 15.2, 14.6], "texture": "#0"},
				"up": {"uv": [13, 13, 15.2, 14.6], "texture": "#0"},
				"down": {"uv": [13, 13, 15.2, 14.6], "texture": "#0"}
			}
		},
		{
			"from": [6.80068, 1.4, 7.48026],
			"to": [9.20068, 1.7, 9.28026],
			"faces": {
				"north": {"uv": [13, 13, 15.2, 14.6], "texture": "#0"},
				"east": {"uv": [0, 0, 16, 16], "texture": "#0"},
				"south": {"uv": [13, 13, 15.2, 14.6], "texture": "#0"},
				"west": {"uv": [13, 13, 15.2, 14.6], "texture": "#0"},
				"up": {"uv": [13, 13, 15.2, 14.6], "texture": "#0"},
				"down": {"uv": [13, 13, 15.2, 14.6], "texture": "#0"}
			}
		},
		{
			"from": [6.90068, 1.4, 7.28026],
			"to": [9.10068, 1.7, 9.48026],
			"faces": {
				"north": {"uv": [13, 13, 15.2, 14.6], "texture": "#0"},
				"east": {"uv": [0, 0, 16, 16], "texture": "#0"},
				"south": {"uv": [13, 13, 15.2, 14.6], "texture": "#0"},
				"west": {"uv": [13, 13, 15.2, 14.6], "texture": "#0"},
				"up": {"uv": [13, 13, 15.2, 14.6], "texture": "#0"},
				"down": {"uv": [13, 13, 15.2, 14.6], "texture": "#0"}
			}
		},
		{
			"from": [6.90068, 7.3, 7.58026],
			"to": [9.10068, 7.6, 9.18026],
			"faces": {
				"north": {"uv": [13, 13, 15.2, 14.6], "texture": "#0"},
				"east": {"uv": [0, 0, 16, 16], "texture": "#0"},
				"south": {"uv": [13, 13, 15.2, 14.6], "texture": "#0"},
				"west": {"uv": [13, 13, 15.2, 14.6], "texture": "#0"},
				"up": {"uv": [13, 13, 15.2, 14.6], "texture": "#0"},
				"down": {"uv": [13, 13, 15.2, 14.6], "texture": "#0"}
			}
		},
		{
			"from": [7.00068, 7.3, 7.38026],
			"to": [9.00068, 7.6, 9.38026],
			"faces": {
				"north": {"uv": [13, 13, 15.2, 14.6], "texture": "#0"},
				"east": {"uv": [0, 0, 16, 16], "texture": "#0"},
				"south": {"uv": [13, 13, 15.2, 14.6], "texture": "#0"},
				"west": {"uv": [13, 13, 15.2, 14.6], "texture": "#0"},
				"up": {"uv": [13, 13, 15.2, 14.6], "texture": "#0"},
				"down": {"uv": [13, 13, 15.2, 14.6], "texture": "#0"}
			}
		},
		{
			"from": [7.2, 7.3, 7.3],
			"to": [8.8, 7.6, 9.5],
			"faces": {
				"north": {"uv": [13, 13, 15.2, 14.6], "texture": "#0"},
				"east": {"uv": [0, 0, 16, 16], "texture": "#0"},
				"south": {"uv": [13, 13, 15.2, 14.6], "texture": "#0"},
				"west": {"uv": [13, 13, 15.2, 14.6], "texture": "#0"},
				"up": {"uv": [13, 13, 15.2, 14.6], "texture": "#0"},
				"down": {"uv": [13, 13, 15.2, 14.6], "texture": "#0"}
			}
		},
		{
			"from": [7.1, 5.4, 7.2],
			"to": [8.9, 6.2, 9.6],
			"faces": {
				"north": {"uv": [13, 13, 15.2, 14.6], "texture": "#0"},
				"east": {"uv": [0, 0, 16, 16], "texture": "#0"},
				"south": {"uv": [13, 13, 15.2, 14.6], "texture": "#0"},
				"west": {"uv": [13, 13, 15.2, 14.6], "texture": "#0"},
				"up": {"uv": [13, 13, 15.2, 14.6], "texture": "#0"},
				"down": {"uv": [13, 13, 15.2, 14.6], "texture": "#0"}
			}
		},
		{
			"from": [6.90068, 5.4, 7.28026],
			"to": [9.10068, 6.2, 9.48026],
			"faces": {
				"north": {"uv": [13, 13, 15.2, 14.6], "texture": "#0"},
				"east": {"uv": [0, 0, 16, 16], "texture": "#0"},
				"south": {"uv": [13, 13, 15.2, 14.6], "texture": "#0"},
				"west": {"uv": [13, 13, 15.2, 14.6], "texture": "#0"},
				"up": {"uv": [13, 13, 15.2, 14.6], "texture": "#0"},
				"down": {"uv": [13, 13, 15.2, 14.6], "texture": "#0"}
			}
		},
		{
			"from": [7.1, 7.5, 7.2],
			"to": [8.9, 17.7, 9.6],
			"faces": {
				"north": {"uv": [13, 13, 15.2, 14.6], "texture": "#0"},
				"east": {"uv": [0, 0, 16, 16], "texture": "#0"},
				"south": {"uv": [13, 13, 15.2, 14.6], "texture": "#0"},
				"west": {"uv": [13, 13, 15.2, 14.6], "texture": "#0"},
				"up": {"uv": [13, 13, 15.2, 14.6], "texture": "#0"},
				"down": {"uv": [13, 13, 15.2, 14.6], "texture": "#0"}
			}
		},
		{
			"from": [6.90068, 7.5, 7.28026],
			"to": [9.10068, 17.8, 9.48026],
			"faces": {
				"north": {"uv": [13, 13, 15.2, 14.6], "texture": "#0"},
				"east": {"uv": [0, 0, 16, 16], "texture": "#0"},
				"south": {"uv": [13, 13, 15.2, 14.6], "texture": "#0"},
				"west": {"uv": [13, 13, 15.2, 14.6], "texture": "#0"},
				"up": {"uv": [13, 13, 15.2, 14.6], "texture": "#0"},
				"down": {"uv": [13, 13, 15.2, 14.6], "texture": "#0"}
			}
		},
		{
			"from": [6.80068, 7.5, 7.48026],
			"to": [9.20068, 17.7, 9.28026],
			"faces": {
				"north": {"uv": [13, 13, 15.2, 14.6], "texture": "#0"},
				"east": {"uv": [0, 0, 16, 16], "texture": "#0"},
				"south": {"uv": [13, 13, 15.2, 14.6], "texture": "#0"},
				"west": {"uv": [13, 13, 15.2, 14.6], "texture": "#0"},
				"up": {"uv": [13, 13, 15.2, 14.6], "texture": "#0"},
				"down": {"uv": [13, 13, 15.2, 14.6], "texture": "#0"}
			}
		},
		{
			"from": [7.3, 5.3, 7.3],
			"to": [8.7, 6.3, 9.5],
			"faces": {
				"north": {"uv": [13, 13, 15.2, 14.6], "texture": "#0"},
				"east": {"uv": [0, 0, 16, 16], "texture": "#0"},
				"south": {"uv": [13, 13, 15.2, 14.6], "texture": "#0"},
				"west": {"uv": [13, 13, 15.2, 14.6], "texture": "#0"},
				"up": {"uv": [13, 13, 15.2, 14.6], "texture": "#0"},
				"down": {"uv": [13, 13, 15.2, 14.6], "texture": "#0"}
			}
		},
		{
			"from": [7, 5.3, 7.4],
			"to": [9, 6.3, 9.4],
			"faces": {
				"north": {"uv": [13, 13, 15.2, 14.6], "texture": "#0"},
				"east": {"uv": [0, 0, 16, 16], "texture": "#0"},
				"south": {"uv": [13, 13, 15.2, 14.6], "texture": "#0"},
				"west": {"uv": [13, 13, 15.2, 14.6], "texture": "#0"},
				"up": {"uv": [13, 13, 15.2, 14.6], "texture": "#0"},
				"down": {"uv": [13, 13, 15.2, 14.6], "texture": "#0"}
			}
		},
		{
			"from": [6.9, 5.3, 7.7],
			"to": [9.1, 6.3, 9.1],
			"faces": {
				"north": {"uv": [13, 13, 15.2, 14.6], "texture": "#0"},
				"east": {"uv": [0, 0, 16, 16], "texture": "#0"},
				"south": {"uv": [13, 13, 15.2, 14.6], "texture": "#0"},
				"west": {"uv": [13, 13, 15.2, 14.6], "texture": "#0"},
				"up": {"uv": [13, 13, 15.2, 14.6], "texture": "#0"},
				"down": {"uv": [13, 13, 15.2, 14.6], "texture": "#0"}
			}
		},
		{
			"from": [7, 2.4, 7.7],
			"to": [9, 5.7, 9.1],
			"faces": {
				"north": {"uv": [13, 13, 15.2, 14.6], "texture": "#0"},
				"east": {"uv": [0, 0, 16, 16], "texture": "#0"},
				"south": {"uv": [13, 13, 15.2, 14.6], "texture": "#0"},
				"west": {"uv": [13, 13, 15.2, 14.6], "texture": "#0"},
				"up": {"uv": [13, 13, 15.2, 14.6], "texture": "#0"},
				"down": {"uv": [13, 13, 15.2, 14.6], "texture": "#0"}
			}
		},
		{
			"from": [7.30068, 2.4, 7.38305],
			"to": [8.70068, 5.7, 9.38305],
			"faces": {
				"north": {"uv": [13, 13, 15.2, 14.6], "texture": "#0"},
				"east": {"uv": [0, 0, 16, 16], "texture": "#0"},
				"south": {"uv": [13, 13, 15.2, 14.6], "texture": "#0"},
				"west": {"uv": [13, 13, 15.2, 14.6], "texture": "#0"},
				"up": {"uv": [13, 13, 15.2, 14.6], "rotation": 90, "texture": "#0"},
				"down": {"uv": [13, 13, 15.2, 14.6], "rotation": 270, "texture": "#0"}
			}
		},
		{
			"from": [7.30068, 1.9, 7.38305],
			"to": [8.70068, 7, 9.38305],
			"faces": {
				"north": {"uv": [13, 13, 15.2, 14.6], "texture": "#0"},
				"east": {"uv": [0, 0, 16, 16], "texture": "#0"},
				"south": {"uv": [13, 13, 15.2, 14.6], "texture": "#0"},
				"west": {"uv": [13, 13, 15.2, 14.6], "texture": "#0"},
				"up": {"uv": [13, 13, 15.2, 14.6], "rotation": 90, "texture": "#0"},
				"down": {"uv": [13, 13, 15.2, 14.6], "rotation": 270, "texture": "#0"}
			}
		},
		{
			"from": [8, 5.7, 7.1],
			"to": [8.2, 5.9, 9.7],
			"faces": {
				"north": {"uv": [13, 13, 15.2, 14.6], "texture": "#0"},
				"east": {"uv": [0, 0, 16, 16], "texture": "#0"},
				"south": {"uv": [13, 13, 15.2, 14.6], "texture": "#0"},
				"west": {"uv": [13, 13, 15.2, 14.6], "texture": "#0"},
				"up": {"uv": [13, 13, 15.2, 14.6], "texture": "#0"},
				"down": {"uv": [13, 13, 15.2, 14.6], "texture": "#0"}
			}
		},
		{
			"from": [6.70052, 5.7, 8.29144],
			"to": [9.30052, 5.9, 8.49144],
			"faces": {
				"north": {"uv": [13, 13, 15.2, 14.6], "texture": "#0"},
				"east": {"uv": [0, 0, 16, 16], "texture": "#0"},
				"south": {"uv": [13, 13, 15.2, 14.6], "texture": "#0"},
				"west": {"uv": [13, 13, 15.2, 14.6], "texture": "#0"},
				"up": {"uv": [13, 13, 15.2, 14.6], "rotation": 90, "texture": "#0"},
				"down": {"uv": [13, 13, 15.2, 14.6], "rotation": 270, "texture": "#0"}
			}
		},
		{
			"from": [6.90068, 17.9, 7.28026],
			"to": [9.10068, 18.4, 9.48026],
			"faces": {
				"north": {"uv": [13, 13, 15.2, 14.6], "texture": "#0"},
				"east": {"uv": [0, 0, 16, 16], "texture": "#0"},
				"south": {"uv": [13, 13, 15.2, 14.6], "texture": "#0"},
				"west": {"uv": [13, 13, 15.2, 14.6], "texture": "#0"},
				"up": {"uv": [13, 13, 15.2, 14.6], "texture": "#0"},
				"down": {"uv": [13, 13, 15.2, 14.6], "texture": "#0"}
			}
		},
		{
			"from": [7.1, 17.9, 7.2],
			"to": [8.9, 18.4, 9.6],
			"faces": {
				"north": {"uv": [13, 13, 15.2, 14.6], "texture": "#0"},
				"east": {"uv": [0, 0, 16, 16], "texture": "#0"},
				"south": {"uv": [13, 13, 15.2, 14.6], "texture": "#0"},
				"west": {"uv": [13, 13, 15.2, 14.6], "texture": "#0"},
				"up": {"uv": [13, 13, 15.2, 14.6], "texture": "#0"},
				"down": {"uv": [13, 13, 15.2, 14.6], "texture": "#0"}
			}
		},
		{
			"from": [7.4, 18, 7.1],
			"to": [7.6, 18.2, 9.7],
			"faces": {
				"north": {"uv": [13, 13, 15.2, 14.6], "texture": "#0"},
				"east": {"uv": [0, 0, 16, 16], "texture": "#0"},
				"south": {"uv": [13, 13, 15.2, 14.6], "texture": "#0"},
				"west": {"uv": [13, 13, 15.2, 14.6], "texture": "#0"},
				"up": {"uv": [13, 13, 15.2, 14.6], "texture": "#0"},
				"down": {"uv": [13, 13, 15.2, 14.6], "texture": "#0"}
			}
		},
		{
			"from": [6.80073, 17.9, 7.53529],
			"to": [9.20073, 18.4, 9.33529],
			"faces": {
				"north": {"uv": [13, 13, 15.2, 14.6], "texture": "#0"},
				"east": {"uv": [0, 0, 16, 16], "texture": "#0"},
				"south": {"uv": [13, 13, 15.2, 14.6], "texture": "#0"},
				"west": {"uv": [13, 13, 15.2, 14.6], "texture": "#0"},
				"up": {"uv": [13, 13, 15.2, 14.6], "rotation": 90, "texture": "#0"},
				"down": {"uv": [13, 13, 15.2, 14.6], "rotation": 270, "texture": "#0"}
			}
		},
		{
			"from": [6.80073, 5.4, 7.53529],
			"to": [9.20073, 6.2, 9.33529],
			"faces": {
				"north": {"uv": [13, 13, 15.2, 14.6], "texture": "#0"},
				"east": {"uv": [0, 0, 16, 16], "texture": "#0"},
				"south": {"uv": [13, 13, 15.2, 14.6], "texture": "#0"},
				"west": {"uv": [13, 13, 15.2, 14.6], "texture": "#0"},
				"up": {"uv": [13, 13, 15.2, 14.6], "rotation": 90, "texture": "#0"},
				"down": {"uv": [13, 13, 15.2, 14.6], "rotation": 270, "texture": "#0"}
			}
		},
		{
			"from": [8.5, 18, 7.1],
			"to": [8.7, 18.2, 9.7],
			"faces": {
				"north": {"uv": [13, 13, 15.2, 14.6], "texture": "#0"},
				"east": {"uv": [0, 0, 16, 16], "texture": "#0"},
				"south": {"uv": [13, 13, 15.2, 14.6], "texture": "#0"},
				"west": {"uv": [13, 13, 15.2, 14.6], "texture": "#0"},
				"up": {"uv": [13, 13, 15.2, 14.6], "texture": "#0"},
				"down": {"uv": [13, 13, 15.2, 14.6], "texture": "#0"}
			}
		},
		{
			"from": [6.75064, 18, 8.8845],
			"to": [9.25064, 18.2, 9.0845],
			"faces": {
				"north": {"uv": [13, 13, 15.2, 14.6], "texture": "#0"},
				"east": {"uv": [0, 0, 16, 16], "texture": "#0"},
				"south": {"uv": [13, 13, 15.2, 14.6], "texture": "#0"},
				"west": {"uv": [13, 13, 15.2, 14.6], "texture": "#0"},
				"up": {"uv": [13, 13, 15.2, 14.6], "rotation": 90, "texture": "#0"},
				"down": {"uv": [13, 13, 15.2, 14.6], "rotation": 270, "texture": "#0"}
			}
		},
		{
			"from": [6.75064, 18, 7.7845],
			"to": [9.25064, 18.2, 7.9845],
			"faces": {
				"north": {"uv": [13, 13, 15.2, 14.6], "texture": "#0"},
				"east": {"uv": [0, 0, 16, 16], "texture": "#0"},
				"south": {"uv": [13, 13, 15.2, 14.6], "texture": "#0"},
				"west": {"uv": [13, 13, 15.2, 14.6], "texture": "#0"},
				"up": {"uv": [13, 13, 15.2, 14.6], "rotation": 90, "texture": "#0"},
				"down": {"uv": [13, 13, 15.2, 14.6], "rotation": 270, "texture": "#0"}
			}
		},
		{
			"from": [7.8, 16.1, 7],
			"to": [8.3, 16.6, 9.2],
			"faces": {
				"north": {"uv": [13, 13, 15.2, 14.6], "texture": "#0"},
				"east": {"uv": [0, 0, 16, 16], "texture": "#0"},
				"south": {"uv": [13, 13, 15.2, 14.6], "texture": "#0"},
				"west": {"uv": [13, 13, 15.2, 14.6], "texture": "#0"},
				"up": {"uv": [13, 13, 15.2, 14.6], "texture": "#0"},
				"down": {"uv": [13, 13, 15.2, 14.6], "texture": "#0"}
			}
		},
		{
			"from": [7.6, 18.4, 7.3],
			"to": [8.4, 20.9, 7.5],
			"faces": {
				"north": {"uv": [13, 13, 15.2, 14.6], "texture": "#0"},
				"east": {"uv": [0, 0, 16, 16], "texture": "#0"},
				"south": {"uv": [13, 13, 15.2, 14.6], "texture": "#0"},
				"west": {"uv": [13, 13, 15.2, 14.6], "texture": "#0"},
				"up": {"uv": [13, 13, 15.2, 14.6], "texture": "#0"},
				"down": {"uv": [13, 13, 15.2, 14.6], "texture": "#0"}
			}
		},
		{
			"from": [7.6, 18.4, 9.3],
			"to": [8.4, 20.9, 9.5],
			"faces": {
				"north": {"uv": [13, 13, 15.2, 14.6], "texture": "#0"},
				"east": {"uv": [0, 0, 16, 16], "texture": "#0"},
				"south": {"uv": [13, 13, 15.2, 14.6], "texture": "#0"},
				"west": {"uv": [13, 13, 15.2, 14.6], "texture": "#0"},
				"up": {"uv": [13, 13, 15.2, 14.6], "texture": "#0"},
				"down": {"uv": [13, 13, 15.2, 14.6], "texture": "#0"}
			}
		},
		{
			"from": [8.86, 18.4, 8.10073],
			"to": [9.06, 20.9, 8.90073],
			"rotation": {"angle": -22.5, "axis": "y", "origin": [7.98037, 19.64927, 8.42037]},
			"faces": {
				"north": {"uv": [13, 13, 15.2, 14.6], "texture": "#0"},
				"east": {"uv": [0, 0, 16, 16], "texture": "#0"},
				"south": {"uv": [13, 13, 15.2, 14.6], "texture": "#0"},
				"west": {"uv": [13, 13, 15.2, 14.6], "texture": "#0"},
				"up": {"uv": [13, 13, 15.2, 14.6], "rotation": 270, "texture": "#0"},
				"down": {"uv": [13, 13, 15.2, 14.6], "rotation": 90, "texture": "#0"}
			}
		},
		{
			"from": [6.86, 18.4, 7.90073],
			"to": [7.16, 20.9, 8.70073],
			"rotation": {"angle": -22.5, "axis": "y", "origin": [7.98037, 19.64927, 8.42037]},
			"faces": {
				"north": {"uv": [13, 13, 15.2, 14.6], "texture": "#0"},
				"east": {"uv": [0, 0, 16, 16], "texture": "#0"},
				"south": {"uv": [13, 13, 15.2, 14.6], "texture": "#0"},
				"west": {"uv": [13, 13, 15.2, 14.6], "texture": "#0"},
				"up": {"uv": [13, 13, 15.2, 14.6], "rotation": 270, "texture": "#0"},
				"down": {"uv": [13, 13, 15.2, 14.6], "rotation": 90, "texture": "#0"}
			}
		},
		{
			"from": [8.76, 18.4, 7.90073],
			"to": [9.06, 20.9, 8.70073],
			"rotation": {"angle": 22.5, "axis": "y", "origin": [7.98037, 19.64927, 8.42037]},
			"faces": {
				"north": {"uv": [13, 13, 15.2, 14.6], "texture": "#0"},
				"east": {"uv": [0, 0, 16, 16], "texture": "#0"},
				"south": {"uv": [13, 13, 15.2, 14.6], "texture": "#0"},
				"west": {"uv": [13, 13, 15.2, 14.6], "texture": "#0"},
				"up": {"uv": [13, 13, 15.2, 14.6], "rotation": 270, "texture": "#0"},
				"down": {"uv": [13, 13, 15.2, 14.6], "rotation": 90, "texture": "#0"}
			}
		},
		{
			"from": [6.86, 18.4, 8.10073],
			"to": [7.06, 20.9, 8.90073],
			"rotation": {"angle": 22.5, "axis": "y", "origin": [7.98037, 19.64927, 8.42037]},
			"faces": {
				"north": {"uv": [13, 13, 15.2, 14.6], "texture": "#0"},
				"east": {"uv": [0, 0, 16, 16], "texture": "#0"},
				"south": {"uv": [13, 13, 15.2, 14.6], "texture": "#0"},
				"west": {"uv": [13, 13, 15.2, 14.6], "texture": "#0"},
				"up": {"uv": [13, 13, 15.2, 14.6], "rotation": 270, "texture": "#0"},
				"down": {"uv": [13, 13, 15.2, 14.6], "rotation": 90, "texture": "#0"}
			}
		},
		{
			"from": [8.8, 3.2, 8.3],
			"to": [9.4, 3.4, 8.5],
			"faces": {
				"north": {"uv": [13, 13, 15.2, 14.6], "texture": "#0"},
				"east": {"uv": [0, 0, 16, 16], "texture": "#0"},
				"south": {"uv": [13, 13, 15.2, 14.6], "texture": "#0"},
				"west": {"uv": [13, 13, 15.2, 14.6], "texture": "#0"},
				"up": {"uv": [13, 13, 15.2, 14.6], "texture": "#0"},
				"down": {"uv": [13, 13, 15.2, 14.6], "texture": "#0"}
			}
		},
		{
			"from": [8.8, 4.7, 8.3],
			"to": [9.4, 4.9, 8.5],
			"faces": {
				"north": {"uv": [13, 13, 15.2, 14.6], "texture": "#0"},
				"east": {"uv": [0, 0, 16, 16], "texture": "#0"},
				"south": {"uv": [13, 13, 15.2, 14.6], "texture": "#0"},
				"west": {"uv": [13, 13, 15.2, 14.6], "texture": "#0"},
				"up": {"uv": [13, 13, 15.2, 14.6], "texture": "#0"},
				"down": {"uv": [13, 13, 15.2, 14.6], "texture": "#0"}
			}
		},
		{
			"from": [9.3, 3.3, 8.3],
			"to": [9.5, 4.8, 8.5],
			"faces": {
				"north": {"uv": [13, 13, 15.2, 14.6], "texture": "#0"},
				"east": {"uv": [0, 0, 16, 16], "texture": "#0"},
				"south": {"uv": [13, 13, 15.2, 14.6], "texture": "#0"},
				"west": {"uv": [13, 13, 15.2, 14.6], "texture": "#0"},
				"up": {"uv": [13, 13, 15.2, 14.6], "texture": "#0"},
				"down": {"uv": [13, 13, 15.2, 14.6], "texture": "#0"}
			}
		},
		{
			"from": [6.56, 18.7, 8.10073],
			"to": [6.86, 20.8, 8.50073],
			"rotation": {"angle": -22.5, "axis": "y", "origin": [7.98037, 19.64927, 8.42037]},
			"faces": {
				"north": {"uv": [10, 9, 15, 15], "texture": "#0"},
				"east": {"uv": [0, 0, 16, 16], "texture": "#0"},
				"south": {"uv": [10, 9, 15, 15], "texture": "#0"},
				"west": {"uv": [10, 9, 15, 15], "texture": "#0"},
				"up": {"uv": [10, 9, 15, 15], "texture": "#0"},
				"down": {"uv": [10, 9, 15, 15], "texture": "#0"}
			}
		},
		{
			"from": [6.26, 19, 8.10073],
			"to": [6.56, 20.8, 8.50073],
			"rotation": {"angle": -22.5, "axis": "y", "origin": [7.98037, 19.64927, 8.42037]},
			"faces": {
				"north": {"uv": [10, 9, 15, 15], "texture": "#0"},
				"east": {"uv": [0, 0, 16, 16], "texture": "#0"},
				"south": {"uv": [10, 9, 15, 15], "texture": "#0"},
				"west": {"uv": [10, 9, 15, 15], "texture": "#0"},
				"up": {"uv": [10, 9, 15, 15], "texture": "#0"},
				"down": {"uv": [10, 9, 15, 15], "texture": "#0"}
			}
		},
		{
			"from": [5.96, 19.3, 8.10073],
			"to": [6.26, 20.8, 8.50073],
			"rotation": {"angle": -22.5, "axis": "y", "origin": [7.98037, 19.64927, 8.42037]},
			"faces": {
				"north": {"uv": [10, 9, 15, 15], "texture": "#0"},
				"east": {"uv": [0, 0, 16, 16], "texture": "#0"},
				"south": {"uv": [10, 9, 15, 15], "texture": "#0"},
				"west": {"uv": [10, 9, 15, 15], "texture": "#0"},
				"up": {"uv": [10, 9, 15, 15], "texture": "#0"},
				"down": {"uv": [10, 9, 15, 15], "texture": "#0"}
			}
		},
		{
			"from": [5.66, 19.6, 8.10073],
			"to": [5.96, 20.8, 8.50073],
			"rotation": {"angle": -22.5, "axis": "y", "origin": [7.98037, 19.64927, 8.42037]},
			"faces": {
				"north": {"uv": [10, 9, 15, 15], "texture": "#0"},
				"east": {"uv": [0, 0, 16, 16], "texture": "#0"},
				"south": {"uv": [10, 9, 15, 15], "texture": "#0"},
				"west": {"uv": [10, 9, 15, 15], "texture": "#0"},
				"up": {"uv": [10, 9, 15, 15], "texture": "#0"},
				"down": {"uv": [10, 9, 15, 15], "texture": "#0"}
			}
		},
		{
			"from": [5.36, 19.9, 8.10073],
			"to": [5.66, 20.8, 8.50073],
			"rotation": {"angle": -22.5, "axis": "y", "origin": [7.98037, 19.64927, 8.42037]},
			"faces": {
				"north": {"uv": [10, 9, 15, 15], "texture": "#0"},
				"east": {"uv": [0, 0, 16, 16], "texture": "#0"},
				"south": {"uv": [10, 9, 15, 15], "texture": "#0"},
				"west": {"uv": [10, 9, 15, 15], "texture": "#0"},
				"up": {"uv": [10, 9, 15, 15], "texture": "#0"},
				"down": {"uv": [10, 9, 15, 15], "texture": "#0"}
			}
		},
		{
			"from": [10.20073, 19.9, 8.14],
			"to": [10.50073, 20.8, 8.54],
			"rotation": {"angle": 22.5, "axis": "y", "origin": [7.98037, 19.64927, 8.42037]},
			"faces": {
				"north": {"uv": [10, 9, 15, 15], "texture": "#0"},
				"east": {"uv": [0, 0, 16, 16], "texture": "#0"},
				"south": {"uv": [10, 9, 15, 15], "texture": "#0"},
				"west": {"uv": [10, 9, 15, 15], "texture": "#0"},
				"up": {"uv": [10, 9, 15, 15], "texture": "#0"},
				"down": {"uv": [10, 9, 15, 15], "texture": "#0"}
			}
		},
		{
			"from": [9.90073, 19.6, 8.14],
			"to": [10.20073, 20.8, 8.54],
			"rotation": {"angle": 22.5, "axis": "y", "origin": [7.98037, 19.64927, 8.42037]},
			"faces": {
				"north": {"uv": [10, 9, 15, 15], "texture": "#0"},
				"east": {"uv": [0, 0, 16, 16], "texture": "#0"},
				"south": {"uv": [10, 9, 15, 15], "texture": "#0"},
				"west": {"uv": [10, 9, 15, 15], "texture": "#0"},
				"up": {"uv": [10, 9, 15, 15], "texture": "#0"},
				"down": {"uv": [10, 9, 15, 15], "texture": "#0"}
			}
		},
		{
			"from": [9.60073, 19.3, 8.14],
			"to": [9.90073, 20.8, 8.54],
			"rotation": {"angle": 22.5, "axis": "y", "origin": [7.98037, 19.64927, 8.42037]},
			"faces": {
				"north": {"uv": [10, 9, 15, 15], "texture": "#0"},
				"east": {"uv": [0, 0, 16, 16], "texture": "#0"},
				"south": {"uv": [10, 9, 15, 15], "texture": "#0"},
				"west": {"uv": [10, 9, 15, 15], "texture": "#0"},
				"up": {"uv": [10, 9, 15, 15], "texture": "#0"},
				"down": {"uv": [10, 9, 15, 15], "texture": "#0"}
			}
		},
		{
			"from": [9.30073, 19, 8.14],
			"to": [9.60073, 20.8, 8.54],
			"rotation": {"angle": 22.5, "axis": "y", "origin": [7.98037, 19.64927, 8.42037]},
			"faces": {
				"north": {"uv": [10, 9, 15, 15], "texture": "#0"},
				"east": {"uv": [0, 0, 16, 16], "texture": "#0"},
				"south": {"uv": [10, 9, 15, 15], "texture": "#0"},
				"west": {"uv": [10, 9, 15, 15], "texture": "#0"},
				"up": {"uv": [10, 9, 15, 15], "texture": "#0"},
				"down": {"uv": [10, 9, 15, 15], "texture": "#0"}
			}
		},
		{
			"from": [9.00073, 18.7, 8.14],
			"to": [9.30073, 20.8, 8.54],
			"rotation": {"angle": 22.5, "axis": "y", "origin": [7.98037, 19.64927, 8.42037]},
			"faces": {
				"north": {"uv": [10, 9, 15, 15], "texture": "#0"},
				"east": {"uv": [0, 0, 16, 16], "texture": "#0"},
				"south": {"uv": [10, 9, 15, 15], "texture": "#0"},
				"west": {"uv": [10, 9, 15, 15], "texture": "#0"},
				"up": {"uv": [10, 9, 15, 15], "texture": "#0"},
				"down": {"uv": [10, 9, 15, 15], "texture": "#0"}
			}
		},
		{
			"from": [7.76073, 19.9, 10.64073],
			"to": [8.16073, 20.8, 10.94073],
			"faces": {
				"north": {"uv": [10, 9, 15, 15], "texture": "#0"},
				"east": {"uv": [0, 0, 16, 16], "texture": "#0"},
				"south": {"uv": [10, 9, 15, 15], "texture": "#0"},
				"west": {"uv": [10, 9, 15, 15], "texture": "#0"},
				"up": {"uv": [10, 9, 15, 15], "texture": "#0"},
				"down": {"uv": [10, 9, 15, 15], "texture": "#0"}
			}
		},
		{
			"from": [7.76073, 19.6, 10.34073],
			"to": [8.16073, 20.8, 10.64073],
			"faces": {
				"north": {"uv": [10, 9, 15, 15], "texture": "#0"},
				"east": {"uv": [0, 0, 16, 16], "texture": "#0"},
				"south": {"uv": [10, 9, 15, 15], "texture": "#0"},
				"west": {"uv": [10, 9, 15, 15], "texture": "#0"},
				"up": {"uv": [10, 9, 15, 15], "texture": "#0"},
				"down": {"uv": [10, 9, 15, 15], "texture": "#0"}
			}
		},
		{
			"from": [7.76073, 19.3, 10.04073],
			"to": [8.16073, 20.8, 10.34073],
			"faces": {
				"north": {"uv": [10, 9, 15, 15], "texture": "#0"},
				"east": {"uv": [0, 0, 16, 16], "texture": "#0"},
				"south": {"uv": [10, 9, 15, 15], "texture": "#0"},
				"west": {"uv": [10, 9, 15, 15], "texture": "#0"},
				"up": {"uv": [10, 9, 15, 15], "texture": "#0"},
				"down": {"uv": [10, 9, 15, 15], "texture": "#0"}
			}
		},
		{
			"from": [7.76073, 19, 9.74073],
			"to": [8.16073, 20.8, 10.04073],
			"faces": {
				"north": {"uv": [10, 9, 15, 15], "texture": "#0"},
				"east": {"uv": [0, 0, 16, 16], "texture": "#0"},
				"south": {"uv": [10, 9, 15, 15], "texture": "#0"},
				"west": {"uv": [10, 9, 15, 15], "texture": "#0"},
				"up": {"uv": [10, 9, 15, 15], "texture": "#0"},
				"down": {"uv": [10, 9, 15, 15], "texture": "#0"}
			}
		},
		{
			"from": [7.76073, 18.7, 9.44073],
			"to": [8.16073, 20.8, 9.74073],
			"faces": {
				"north": {"uv": [10, 9, 15, 15], "texture": "#0"},
				"east": {"uv": [0, 0, 16, 16], "texture": "#0"},
				"south": {"uv": [10, 9, 15, 15], "texture": "#0"},
				"west": {"uv": [10, 9, 15, 15], "texture": "#0"},
				"up": {"uv": [10, 9, 15, 15], "texture": "#0"},
				"down": {"uv": [10, 9, 15, 15], "texture": "#0"}
			}
		},
		{
			"from": [7.8, 18.7, 5.8],
			"to": [8.2, 19.6, 6.1],
			"faces": {
				"north": {"uv": [10, 9, 15, 15], "texture": "#0"},
				"east": {"uv": [0, 0, 16, 16], "texture": "#0"},
				"south": {"uv": [10, 9, 15, 15], "texture": "#0"},
				"west": {"uv": [10, 9, 15, 15], "texture": "#0"},
				"up": {"uv": [10, 9, 15, 15], "texture": "#0"},
				"down": {"uv": [10, 9, 15, 15], "texture": "#0"}
			}
		},
		{
			"from": [7.8, 18.7, 6.1],
			"to": [8.2, 19.9, 6.4],
			"faces": {
				"north": {"uv": [10, 9, 15, 15], "texture": "#0"},
				"east": {"uv": [0, 0, 16, 16], "texture": "#0"},
				"south": {"uv": [10, 9, 15, 15], "texture": "#0"},
				"west": {"uv": [10, 9, 15, 15], "texture": "#0"},
				"up": {"uv": [10, 9, 15, 15], "texture": "#0"},
				"down": {"uv": [10, 9, 15, 15], "texture": "#0"}
			}
		},
		{
			"from": [7.8, 18.7, 6.4],
			"to": [8.2, 20.2, 6.7],
			"faces": {
				"north": {"uv": [10, 9, 15, 15], "texture": "#0"},
				"east": {"uv": [0, 0, 16, 16], "texture": "#0"},
				"south": {"uv": [10, 9, 15, 15], "texture": "#0"},
				"west": {"uv": [10, 9, 15, 15], "texture": "#0"},
				"up": {"uv": [10, 9, 15, 15], "texture": "#0"},
				"down": {"uv": [10, 9, 15, 15], "texture": "#0"}
			}
		},
		{
			"from": [7.8, 18.7, 6.7],
			"to": [8.2, 20.5, 7],
			"faces": {
				"north": {"uv": [10, 9, 15, 15], "texture": "#0"},
				"east": {"uv": [0, 0, 16, 16], "texture": "#0"},
				"south": {"uv": [10, 9, 15, 15], "texture": "#0"},
				"west": {"uv": [10, 9, 15, 15], "texture": "#0"},
				"up": {"uv": [10, 9, 15, 15], "texture": "#0"},
				"down": {"uv": [10, 9, 15, 15], "texture": "#0"}
			}
		},
		{
			"from": [7.9, 21.2, 6.6],
			"to": [8.1, 21.3, 6.7],
			"faces": {
				"north": {"uv": [13, 14, 15, 15], "texture": "#0"},
				"east": {"uv": [13, 14, 15, 15], "texture": "#0"},
				"south": {"uv": [13, 14, 15, 15], "texture": "#0"},
				"west": {"uv": [13, 14, 15, 15], "texture": "#0"},
				"up": {"uv": [13, 14, 15, 15], "texture": "#0"},
				"down": {"uv": [13, 14, 15, 15], "texture": "#0"}
			}
		},
		{
			"from": [7.9, 21.3, 6.7],
			"to": [8.1, 21.5, 6.8],
			"faces": {
				"north": {"uv": [13, 14, 15, 15], "texture": "#0"},
				"east": {"uv": [13, 14, 15, 15], "texture": "#0"},
				"south": {"uv": [13, 14, 15, 15], "texture": "#0"},
				"west": {"uv": [13, 14, 15, 15], "texture": "#0"},
				"up": {"uv": [13, 14, 15, 15], "texture": "#0"},
				"down": {"uv": [13, 14, 15, 15], "texture": "#0"}
			}
		},
		{
			"from": [7.9, 21.5, 6.8],
			"to": [8.1, 21.6, 7],
			"faces": {
				"north": {"uv": [13, 14, 15, 15], "texture": "#0"},
				"east": {"uv": [13, 14, 15, 15], "texture": "#0"},
				"south": {"uv": [13, 14, 15, 15], "texture": "#0"},
				"west": {"uv": [13, 14, 15, 15], "texture": "#0"},
				"up": {"uv": [13, 14, 15, 15], "texture": "#0"},
				"down": {"uv": [13, 14, 15, 15], "texture": "#0"}
			}
		},
		{
			"from": [7.9, 21.6, 7],
			"to": [8.1, 21.7, 7.1],
			"faces": {
				"north": {"uv": [13, 14, 15, 15], "texture": "#0"},
				"east": {"uv": [13, 14, 15, 15], "texture": "#0"},
				"south": {"uv": [13, 14, 15, 15], "texture": "#0"},
				"west": {"uv": [13, 14, 15, 15], "texture": "#0"},
				"up": {"uv": [13, 14, 15, 15], "texture": "#0"},
				"down": {"uv": [13, 14, 15, 15], "texture": "#0"}
			}
		},
		{
			"from": [7.9, 21.7, 7.1],
			"to": [8.1, 21.8, 7.6],
			"faces": {
				"north": {"uv": [13, 14, 15, 15], "texture": "#0"},
				"east": {"uv": [13, 14, 15, 15], "texture": "#0"},
				"south": {"uv": [13, 14, 15, 15], "texture": "#0"},
				"west": {"uv": [13, 14, 15, 15], "texture": "#0"},
				"up": {"uv": [13, 14, 15, 15], "texture": "#0"},
				"down": {"uv": [13, 14, 15, 15], "texture": "#0"}
			}
		},
		{
			"from": [7.8, 21.6, 7.4],
			"to": [8.2, 21.9, 7.6],
			"faces": {
				"north": {"uv": [13, 14, 15, 15], "texture": "#0"},
				"east": {"uv": [13, 14, 15, 15], "texture": "#0"},
				"south": {"uv": [13, 14, 15, 15], "texture": "#0"},
				"west": {"uv": [13, 14, 15, 15], "texture": "#0"},
				"up": {"uv": [13, 14, 15, 15], "texture": "#0"},
				"down": {"uv": [13, 14, 15, 15], "texture": "#0"}
			}
		},
		{
			"from": [7.9, 20.4, 6.5],
			"to": [8.1, 21.2, 6.6],
			"faces": {
				"north": {"uv": [13, 14, 15, 15], "texture": "#0"},
				"east": {"uv": [13, 14, 15, 15], "texture": "#0"},
				"south": {"uv": [13, 14, 15, 15], "texture": "#0"},
				"west": {"uv": [13, 14, 15, 15], "texture": "#0"},
				"up": {"uv": [13, 14, 15, 15], "texture": "#0"},
				"down": {"uv": [13, 14, 15, 15], "texture": "#0"}
			}
		},
		{
			"from": [7.8, 20.2, 6.4],
			"to": [8.2, 20.6, 6.7],
			"faces": {
				"north": {"uv": [13, 14, 15, 15], "texture": "#0"},
				"east": {"uv": [13, 14, 15, 15], "texture": "#0"},
				"south": {"uv": [13, 14, 15, 15], "texture": "#0"},
				"west": {"uv": [13, 14, 15, 15], "texture": "#0"},
				"up": {"uv": [13, 14, 15, 15], "texture": "#0"},
				"down": {"uv": [13, 14, 15, 15], "texture": "#0"}
			}
		},
		{
			"from": [10.19795, 21.2, 8.34525],
			"to": [10.29795, 21.3, 8.54525],
			"rotation": {"angle": -22.5, "axis": "y", "origin": [7.97635, 20.15206, 6.8216]},
			"faces": {
				"north": {"uv": [13, 14, 15, 15], "texture": "#0"},
				"east": {"uv": [13, 14, 15, 15], "texture": "#0"},
				"south": {"uv": [13, 14, 15, 15], "texture": "#0"},
				"west": {"uv": [13, 14, 15, 15], "texture": "#0"},
				"up": {"uv": [13, 14, 15, 15], "rotation": 90, "texture": "#0"},
				"down": {"uv": [13, 14, 15, 15], "rotation": 270, "texture": "#0"}
			}
		},
		{
			"from": [10.09795, 21.3, 8.34525],
			"to": [10.19795, 21.5, 8.54525],
			"rotation": {"angle": -22.5, "axis": "y", "origin": [7.97635, 20.15206, 6.8216]},
			"faces": {
				"north": {"uv": [13, 14, 15, 15], "texture": "#0"},
				"east": {"uv": [13, 14, 15, 15], "texture": "#0"},
				"south": {"uv": [13, 14, 15, 15], "texture": "#0"},
				"west": {"uv": [13, 14, 15, 15], "texture": "#0"},
				"up": {"uv": [13, 14, 15, 15], "rotation": 90, "texture": "#0"},
				"down": {"uv": [13, 14, 15, 15], "rotation": 270, "texture": "#0"}
			}
		},
		{
			"from": [9.89795, 21.5, 8.34525],
			"to": [10.09795, 21.6, 8.54525],
			"rotation": {"angle": -22.5, "axis": "y", "origin": [7.97635, 20.15206, 6.8216]},
			"faces": {
				"north": {"uv": [13, 14, 15, 15], "texture": "#0"},
				"east": {"uv": [13, 14, 15, 15], "texture": "#0"},
				"south": {"uv": [13, 14, 15, 15], "texture": "#0"},
				"west": {"uv": [13, 14, 15, 15], "texture": "#0"},
				"up": {"uv": [13, 14, 15, 15], "rotation": 90, "texture": "#0"},
				"down": {"uv": [13, 14, 15, 15], "rotation": 270, "texture": "#0"}
			}
		},
		{
			"from": [9.79795, 21.6, 8.34525],
			"to": [9.89795, 21.7, 8.54525],
			"rotation": {"angle": -22.5, "axis": "y", "origin": [7.97635, 20.15206, 6.8216]},
			"faces": {
				"north": {"uv": [13, 14, 15, 15], "texture": "#0"},
				"east": {"uv": [13, 14, 15, 15], "texture": "#0"},
				"south": {"uv": [13, 14, 15, 15], "texture": "#0"},
				"west": {"uv": [13, 14, 15, 15], "texture": "#0"},
				"up": {"uv": [13, 14, 15, 15], "rotation": 90, "texture": "#0"},
				"down": {"uv": [13, 14, 15, 15], "rotation": 270, "texture": "#0"}
			}
		},
		{
			"from": [9.39795, 21.6, 8.24525],
			"to": [9.79795, 21.9, 8.64525],
			"rotation": {"angle": -22.5, "axis": "y", "origin": [7.97635, 20.15206, 6.8216]},
			"faces": {
				"north": {"uv": [13, 14, 15, 15], "texture": "#0"},
				"east": {"uv": [13, 14, 15, 15], "texture": "#0"},
				"south": {"uv": [13, 14, 15, 15], "texture": "#0"},
				"west": {"uv": [13, 14, 15, 15], "texture": "#0"},
				"up": {"uv": [13, 14, 15, 15], "rotation": 90, "texture": "#0"},
				"down": {"uv": [13, 14, 15, 15], "rotation": 270, "texture": "#0"}
			}
		},
		{
			"from": [10.29795, 20.4, 8.34525],
			"to": [10.39795, 21.2, 8.54525],
			"rotation": {"angle": -22.5, "axis": "y", "origin": [7.97635, 20.15206, 6.8216]},
			"faces": {
				"north": {"uv": [13, 14, 15, 15], "texture": "#0"},
				"east": {"uv": [13, 14, 15, 15], "texture": "#0"},
				"south": {"uv": [13, 14, 15, 15], "texture": "#0"},
				"west": {"uv": [13, 14, 15, 15], "texture": "#0"},
				"up": {"uv": [13, 14, 15, 15], "rotation": 90, "texture": "#0"},
				"down": {"uv": [13, 14, 15, 15], "rotation": 270, "texture": "#0"}
			}
		},
		{
			"from": [10.19795, 20.2, 8.24525],
			"to": [10.49795, 20.6, 8.64525],
			"rotation": {"angle": -22.5, "axis": "y", "origin": [7.97635, 20.15206, 6.8216]},
			"faces": {
				"north": {"uv": [13, 14, 15, 15], "texture": "#0"},
				"east": {"uv": [13, 14, 15, 15], "texture": "#0"},
				"south": {"uv": [13, 14, 15, 15], "texture": "#0"},
				"west": {"uv": [13, 14, 15, 15], "texture": "#0"},
				"up": {"uv": [13, 14, 15, 15], "rotation": 90, "texture": "#0"},
				"down": {"uv": [13, 14, 15, 15], "rotation": 270, "texture": "#0"}
			}
		},
		{
			"from": [6.56864, 21.2, 7.97912],
			"to": [6.66864, 21.3, 8.17912],
			"rotation": {"angle": 22.5, "axis": "y", "origin": [9.28734, 21.25742, 9.15171]},
			"faces": {
				"north": {"uv": [13, 14, 15, 15], "texture": "#0"},
				"east": {"uv": [13, 14, 15, 15], "texture": "#0"},
				"south": {"uv": [13, 14, 15, 15], "texture": "#0"},
				"west": {"uv": [13, 14, 15, 15], "texture": "#0"},
				"up": {"uv": [13, 14, 15, 15], "rotation": 270, "texture": "#0"},
				"down": {"uv": [13, 14, 15, 15], "rotation": 90, "texture": "#0"}
			}
		},
		{
			"from": [6.66864, 21.3, 7.97912],
			"to": [6.76864, 21.5, 8.17912],
			"rotation": {"angle": 22.5, "axis": "y", "origin": [9.28734, 21.25742, 9.15171]},
			"faces": {
				"north": {"uv": [13, 14, 15, 15], "texture": "#0"},
				"east": {"uv": [13, 14, 15, 15], "texture": "#0"},
				"south": {"uv": [13, 14, 15, 15], "texture": "#0"},
				"west": {"uv": [13, 14, 15, 15], "texture": "#0"},
				"up": {"uv": [13, 14, 15, 15], "rotation": 270, "texture": "#0"},
				"down": {"uv": [13, 14, 15, 15], "rotation": 90, "texture": "#0"}
			}
		},
		{
			"from": [6.76864, 21.5, 7.97912],
			"to": [6.96864, 21.6, 8.17912],
			"rotation": {"angle": 22.5, "axis": "y", "origin": [9.28734, 21.25742, 9.15171]},
			"faces": {
				"north": {"uv": [13, 14, 15, 15], "texture": "#0"},
				"east": {"uv": [13, 14, 15, 15], "texture": "#0"},
				"south": {"uv": [13, 14, 15, 15], "texture": "#0"},
				"west": {"uv": [13, 14, 15, 15], "texture": "#0"},
				"up": {"uv": [13, 14, 15, 15], "rotation": 270, "texture": "#0"},
				"down": {"uv": [13, 14, 15, 15], "rotation": 90, "texture": "#0"}
			}
		},
		{
			"from": [6.96864, 21.6, 7.97912],
			"to": [7.06864, 21.7, 8.17912],
			"rotation": {"angle": 22.5, "axis": "y", "origin": [9.28734, 21.25742, 9.15171]},
			"faces": {
				"north": {"uv": [13, 14, 15, 15], "texture": "#0"},
				"east": {"uv": [13, 14, 15, 15], "texture": "#0"},
				"south": {"uv": [13, 14, 15, 15], "texture": "#0"},
				"west": {"uv": [13, 14, 15, 15], "texture": "#0"},
				"up": {"uv": [13, 14, 15, 15], "rotation": 270, "texture": "#0"},
				"down": {"uv": [13, 14, 15, 15], "rotation": 90, "texture": "#0"}
			}
		},
		{
			"from": [7.06864, 21.6, 7.87912],
			"to": [7.46864, 21.9, 8.27912],
			"rotation": {"angle": 22.5, "axis": "y", "origin": [9.28734, 21.25742, 9.15171]},
			"faces": {
				"north": {"uv": [13, 14, 15, 15], "texture": "#0"},
				"east": {"uv": [13, 14, 15, 15], "texture": "#0"},
				"south": {"uv": [13, 14, 15, 15], "texture": "#0"},
				"west": {"uv": [13, 14, 15, 15], "texture": "#0"},
				"up": {"uv": [13, 14, 15, 15], "rotation": 270, "texture": "#0"},
				"down": {"uv": [13, 14, 15, 15], "rotation": 90, "texture": "#0"}
			}
		},
		{
			"from": [6.46864, 20.4, 7.97912],
			"to": [6.56864, 21.2, 8.17912],
			"rotation": {"angle": 22.5, "axis": "y", "origin": [9.28734, 21.25742, 9.15171]},
			"faces": {
				"north": {"uv": [13, 14, 15, 15], "texture": "#0"},
				"east": {"uv": [13, 14, 15, 15], "texture": "#0"},
				"south": {"uv": [13, 14, 15, 15], "texture": "#0"},
				"west": {"uv": [13, 14, 15, 15], "texture": "#0"},
				"up": {"uv": [13, 14, 15, 15], "rotation": 270, "texture": "#0"},
				"down": {"uv": [13, 14, 15, 15], "rotation": 90, "texture": "#0"}
			}
		},
		{
			"from": [6.36864, 20.2, 7.87912],
			"to": [6.66864, 20.6, 8.27912],
			"rotation": {"angle": 22.5, "axis": "y", "origin": [9.28734, 21.25742, 9.15171]},
			"faces": {
				"north": {"uv": [13, 14, 15, 15], "texture": "#0"},
				"east": {"uv": [13, 14, 15, 15], "texture": "#0"},
				"south": {"uv": [13, 14, 15, 15], "texture": "#0"},
				"west": {"uv": [13, 14, 15, 15], "texture": "#0"},
				"up": {"uv": [13, 14, 15, 15], "rotation": 270, "texture": "#0"},
				"down": {"uv": [13, 14, 15, 15], "rotation": 90, "texture": "#0"}
			}
		},
		{
			"from": [7.8, 18.7, 7],
			"to": [8.2, 20.8, 7.3],
			"faces": {
				"north": {"uv": [10, 9, 15, 15], "texture": "#0"},
				"east": {"uv": [0, 0, 16, 16], "texture": "#0"},
				"south": {"uv": [10, 9, 15, 15], "texture": "#0"},
				"west": {"uv": [10, 9, 15, 15], "texture": "#0"},
				"up": {"uv": [10, 9, 15, 15], "texture": "#0"},
				"down": {"uv": [10, 9, 15, 15], "texture": "#0"}
			}
		},
		{
			"from": [10.20073, 18.7, 8.34],
			"to": [10.50073, 19.6, 8.74],
			"rotation": {"angle": -22.5, "axis": "y", "origin": [7.98037, 19.64927, 8.42037]},
			"faces": {
				"north": {"uv": [10, 9, 15, 15], "texture": "#0"},
				"east": {"uv": [0, 0, 16, 16], "texture": "#0"},
				"south": {"uv": [10, 9, 15, 15], "texture": "#0"},
				"west": {"uv": [10, 9, 15, 15], "texture": "#0"},
				"up": {"uv": [10, 9, 15, 15], "texture": "#0"},
				"down": {"uv": [10, 9, 15, 15], "texture": "#0"}
			}
		},
		{
			"from": [9.30073, 18.7, 8.34],
			"to": [9.60073, 20.5, 8.74],
			"rotation": {"angle": -22.5, "axis": "y", "origin": [7.98037, 19.64927, 8.42037]},
			"faces": {
				"north": {"uv": [10, 9, 15, 15], "texture": "#0"},
				"east": {"uv": [0, 0, 16, 16], "texture": "#0"},
				"south": {"uv": [10, 9, 15, 15], "texture": "#0"},
				"west": {"uv": [10, 9, 15, 15], "texture": "#0"},
				"up": {"uv": [10, 9, 15, 15], "texture": "#0"},
				"down": {"uv": [10, 9, 15, 15], "texture": "#0"}
			}
		},
		{
			"from": [9.00073, 18.7, 8.34],
			"to": [9.30073, 20.8, 8.74],
			"rotation": {"angle": -22.5, "axis": "y", "origin": [7.98037, 19.64927, 8.42037]},
			"faces": {
				"north": {"uv": [10, 9, 15, 15], "texture": "#0"},
				"east": {"uv": [0, 0, 16, 16], "texture": "#0"},
				"south": {"uv": [10, 9, 15, 15], "texture": "#0"},
				"west": {"uv": [10, 9, 15, 15], "texture": "#0"},
				"up": {"uv": [10, 9, 15, 15], "texture": "#0"},
				"down": {"uv": [10, 9, 15, 15], "texture": "#0"}
			}
		},
		{
			"from": [9.60073, 18.7, 8.34],
			"to": [9.90073, 20.2, 8.74],
			"rotation": {"angle": -22.5, "axis": "y", "origin": [7.98037, 19.64927, 8.42037]},
			"faces": {
				"north": {"uv": [10, 9, 15, 15], "texture": "#0"},
				"east": {"uv": [0, 0, 16, 16], "texture": "#0"},
				"south": {"uv": [10, 9, 15, 15], "texture": "#0"},
				"west": {"uv": [10, 9, 15, 15], "texture": "#0"},
				"up": {"uv": [10, 9, 15, 15], "texture": "#0"},
				"down": {"uv": [10, 9, 15, 15], "texture": "#0"}
			}
		},
		{
			"from": [9.90073, 18.7, 8.34],
			"to": [10.20073, 19.9, 8.74],
			"rotation": {"angle": -22.5, "axis": "y", "origin": [7.98037, 19.64927, 8.42037]},
			"faces": {
				"north": {"uv": [10, 9, 15, 15], "texture": "#0"},
				"east": {"uv": [0, 0, 16, 16], "texture": "#0"},
				"south": {"uv": [10, 9, 15, 15], "texture": "#0"},
				"west": {"uv": [10, 9, 15, 15], "texture": "#0"},
				"up": {"uv": [10, 9, 15, 15], "texture": "#0"},
				"down": {"uv": [10, 9, 15, 15], "texture": "#0"}
			}
		},
		{
			"from": [6.56, 18.7, 8.30073],
			"to": [6.86, 20.8, 8.70073],
			"rotation": {"angle": 22.5, "axis": "y", "origin": [7.98037, 19.64927, 8.42037]},
			"faces": {
				"north": {"uv": [10, 9, 15, 15], "texture": "#0"},
				"east": {"uv": [0, 0, 16, 16], "texture": "#0"},
				"south": {"uv": [10, 9, 15, 15], "texture": "#0"},
				"west": {"uv": [10, 9, 15, 15], "texture": "#0"},
				"up": {"uv": [10, 9, 15, 15], "texture": "#0"},
				"down": {"uv": [10, 9, 15, 15], "texture": "#0"}
			}
		},
		{
			"from": [6.26, 18.7, 8.30073],
			"to": [6.56, 20.5, 8.70073],
			"rotation": {"angle": 22.5, "axis": "y", "origin": [7.98037, 19.64927, 8.42037]},
			"faces": {
				"north": {"uv": [10, 9, 15, 15], "texture": "#0"},
				"east": {"uv": [0, 0, 16, 16], "texture": "#0"},
				"south": {"uv": [10, 9, 15, 15], "texture": "#0"},
				"west": {"uv": [10, 9, 15, 15], "texture": "#0"},
				"up": {"uv": [10, 9, 15, 15], "texture": "#0"},
				"down": {"uv": [10, 9, 15, 15], "texture": "#0"}
			}
		},
		{
			"from": [5.96, 18.7, 8.30073],
			"to": [6.26, 20.2, 8.70073],
			"rotation": {"angle": 22.5, "axis": "y", "origin": [7.98037, 19.64927, 8.42037]},
			"faces": {
				"north": {"uv": [10, 9, 15, 15], "texture": "#0"},
				"east": {"uv": [0, 0, 16, 16], "texture": "#0"},
				"south": {"uv": [10, 9, 15, 15], "texture": "#0"},
				"west": {"uv": [10, 9, 15, 15], "texture": "#0"},
				"up": {"uv": [10, 9, 15, 15], "texture": "#0"},
				"down": {"uv": [10, 9, 15, 15], "texture": "#0"}
			}
		},
		{
			"from": [5.66, 18.7, 8.30073],
			"to": [5.96, 19.9, 8.70073],
			"rotation": {"angle": 22.5, "axis": "y", "origin": [7.98037, 19.64927, 8.42037]},
			"faces": {
				"north": {"uv": [10, 9, 15, 15], "texture": "#0"},
				"east": {"uv": [0, 0, 16, 16], "texture": "#0"},
				"south": {"uv": [10, 9, 15, 15], "texture": "#0"},
				"west": {"uv": [10, 9, 15, 15], "texture": "#0"},
				"up": {"uv": [10, 9, 15, 15], "texture": "#0"},
				"down": {"uv": [10, 9, 15, 15], "texture": "#0"}
			}
		},
		{
			"from": [5.36, 18.7, 8.30073],
			"to": [5.66, 19.6, 8.70073],
			"rotation": {"angle": 22.5, "axis": "y", "origin": [7.98037, 19.64927, 8.42037]},
			"faces": {
				"north": {"uv": [10, 9, 15, 15], "texture": "#0"},
				"east": {"uv": [0, 0, 16, 16], "texture": "#0"},
				"south": {"uv": [10, 9, 15, 15], "texture": "#0"},
				"west": {"uv": [10, 9, 15, 15], "texture": "#0"},
				"up": {"uv": [10, 9, 15, 15], "texture": "#0"},
				"down": {"uv": [10, 9, 15, 15], "texture": "#0"}
			}
		},
		{
			"from": [7, 17.8, 7.4],
			"to": [9, 18, 9.4],
			"faces": {
				"north": {"uv": [13, 13, 15.2, 14.6], "texture": "#0"},
				"east": {"uv": [0, 0, 16, 16], "texture": "#0"},
				"south": {"uv": [13, 13, 15.2, 14.6], "texture": "#0"},
				"west": {"uv": [13, 13, 15.2, 14.6], "texture": "#0"},
				"up": {"uv": [13, 13, 15.2, 14.6], "texture": "#0"},
				"down": {"uv": [13, 13, 15.2, 14.6], "texture": "#0"}
			}
		},
		{
			"from": [6.36, 7.7, 7.80073],
			"to": [6.86, 17.3, 8.60073],
			"rotation": {"angle": -22.5, "axis": "y", "origin": [7.98037, 9.64927, 8.42037]},
			"faces": {
				"north": {"uv": [0, 11, 16, 16], "rotation": 90, "texture": "#1"},
				"east": {"uv": [0, 0, 16, 16], "rotation": 90, "texture": "#1"},
				"south": {"uv": [0, 0, 16, 16], "rotation": 90, "texture": "#1"},
				"west": {"uv": [0, 0, 16, 16], "rotation": 90, "texture": "#1"},
				"up": {"uv": [0, 11, 16, 16], "rotation": 90, "texture": "#1"},
				"down": {"uv": [0, 11, 16, 16], "rotation": 90, "texture": "#1"}
			}
		},
		{
			"from": [6.36, 7.7, 8.10073],
			"to": [6.86, 17.3, 8.90073],
			"rotation": {"angle": 22.5, "axis": "y", "origin": [7.98037, 26.64927, 8.42037]},
			"faces": {
				"north": {"uv": [0, 11, 16, 16], "rotation": 90, "texture": "#1"},
				"east": {"uv": [0, 0, 16, 16], "rotation": 90, "texture": "#1"},
				"south": {"uv": [0, 0, 16, 16], "rotation": 90, "texture": "#1"},
				"west": {"uv": [0, 0, 16, 16], "rotation": 90, "texture": "#1"},
				"up": {"uv": [0, 11, 16, 16], "rotation": 90, "texture": "#1"},
				"down": {"uv": [0, 11, 16, 16], "rotation": 90, "texture": "#1"}
			}
		},
		{
			"from": [7.5, 7.7, 9.4],
			"to": [8.6, 17.3, 9.9],
			"faces": {
				"north": {"uv": [0, 11, 16, 16], "rotation": 90, "texture": "#1"},
				"east": {"uv": [0, 0, 16, 16], "rotation": 90, "texture": "#1"},
				"south": {"uv": [0, 0, 16, 16], "rotation": 90, "texture": "#1"},
				"west": {"uv": [0, 11, 16, 16], "rotation": 90, "texture": "#1"},
				"up": {"uv": [0, 11, 16, 16], "rotation": 90, "texture": "#1"},
				"down": {"uv": [0, 11, 16, 16], "rotation": 90, "texture": "#1"}
			}
		},
		{
			"from": [9.30114, 7.7, 7.43227],
			"to": [9.80114, 17.3, 8.23227],
			"rotation": {"angle": 22.5, "axis": "y", "origin": [9.08007, 12.4474, 8.37532]},
			"faces": {
				"north": {"uv": [0, 11, 16, 16], "rotation": 90, "texture": "#1"},
				"east": {"uv": [0, 0, 16, 16], "rotation": 90, "texture": "#1"},
				"south": {"uv": [0, 0, 16, 16], "rotation": 90, "texture": "#1"},
				"west": {"uv": [0, 11, 16, 16], "rotation": 90, "texture": "#1"},
				"up": {"uv": [0, 11, 16, 16], "rotation": 270, "texture": "#1"},
				"down": {"uv": [0, 11, 16, 16], "rotation": 270, "texture": "#1"}
			}
		},
		{
			"from": [9.16666, 7.7, 8.5744],
			"to": [9.66666, 17.3, 9.3744],
			"rotation": {"angle": -22.5, "axis": "y", "origin": [9.08007, 12.4474, 8.37532]},
			"faces": {
				"north": {"uv": [0, 11, 16, 16], "rotation": 90, "texture": "#1"},
				"east": {"uv": [0, 0, 16, 16], "rotation": 90, "texture": "#1"},
				"south": {"uv": [0, 0, 16, 16], "rotation": 90, "texture": "#1"},
				"west": {"uv": [0, 11, 16, 16], "rotation": 90, "texture": "#1"},
				"up": {"uv": [0, 11, 16, 16], "rotation": 270, "texture": "#1"},
				"down": {"uv": [0, 11, 16, 16], "rotation": 270, "texture": "#1"}
			}
		},
		{
			"from": [7.8, 12.3, 6.9],
			"to": [8.3, 12.8, 9.2],
			"faces": {
				"north": {"uv": [13, 13, 15.2, 14.6], "texture": "#0"},
				"east": {"uv": [0, 0, 16, 16], "texture": "#0"},
				"south": {"uv": [13, 13, 15.2, 14.6], "texture": "#0"},
				"west": {"uv": [13, 13, 15.2, 14.6], "texture": "#0"},
				"up": {"uv": [13, 13, 15.2, 14.6], "texture": "#0"},
				"down": {"uv": [13, 13, 15.2, 14.6], "texture": "#0"}
			}
		},
		{
			"from": [7.5, 7.7, 7],
			"to": [8.6, 13.3, 7.2],
			"faces": {
				"north": {"uv": [0, 0, 16, 16], "rotation": 90, "texture": "#1"},
				"east": {"uv": [0, 0, 16, 16], "rotation": 90, "texture": "#1"},
				"south": {"uv": [0, 0, 16, 16], "rotation": 90, "texture": "#1"},
				"west": {"uv": [0, 11, 16, 16], "rotation": 90, "texture": "#1"},
				"up": {"uv": [0, 11, 16, 16], "rotation": 90, "texture": "#1"},
				"down": {"uv": [0, 11, 16, 16], "rotation": 90, "texture": "#1"}
			}
		},
		{
			"from": [7.8, 8.2, 6.9],
			"to": [8.3, 8.7, 9.2],
			"faces": {
				"north": {"uv": [13, 13, 15.2, 14.6], "texture": "#0"},
				"east": {"uv": [0, 0, 16, 16], "texture": "#0"},
				"south": {"uv": [13, 13, 15.2, 14.6], "texture": "#0"},
				"west": {"uv": [13, 13, 15.2, 14.6], "texture": "#0"},
				"up": {"uv": [13, 13, 15.2, 14.6], "texture": "#0"},
				"down": {"uv": [13, 13, 15.2, 14.6], "texture": "#0"}
			}
		},
		{
			"from": [7.7, 9.7, 7.8],
			"to": [8.2, 10.2, 10.1],
			"faces": {
				"north": {"uv": [13, 13, 15.2, 14.6], "texture": "#0"},
				"east": {"uv": [0, 0, 16, 16], "texture": "#0"},
				"south": {"uv": [13, 13, 15.2, 14.6], "texture": "#0"},
				"west": {"uv": [13, 13, 15.2, 14.6], "texture": "#0"},
				"up": {"uv": [13, 13, 15.2, 14.6], "rotation": 180, "texture": "#0"},
				"down": {"uv": [13, 13, 15.2, 14.6], "rotation": 180, "texture": "#0"}
			}
		},
		{
			"from": [7.7, 14.8, 7.8],
			"to": [8.2, 15.3, 10.1],
			"faces": {
				"north": {"uv": [13, 13, 15.2, 14.6], "texture": "#0"},
				"east": {"uv": [0, 0, 16, 16], "texture": "#0"},
				"south": {"uv": [13, 13, 15.2, 14.6], "texture": "#0"},
				"west": {"uv": [13, 13, 15.2, 14.6], "texture": "#0"},
				"up": {"uv": [13, 13, 15.2, 14.6], "rotation": 180, "texture": "#0"},
				"down": {"uv": [13, 13, 15.2, 14.6], "rotation": 180, "texture": "#0"}
			}
		},
		{
			"from": [6.31907, 14.8, 7.7133],
			"to": [8.71907, 15.3, 8.2133],
			"rotation": {"angle": -22.5, "axis": "y", "origin": [7.59745, 12.50022, 8.37816]},
			"faces": {
				"north": {"uv": [13, 13, 15.2, 14.6], "texture": "#0"},
				"east": {"uv": [0, 0, 16, 16], "texture": "#0"},
				"south": {"uv": [13, 13, 15.2, 14.6], "texture": "#0"},
				"west": {"uv": [13, 13, 15.2, 14.6], "texture": "#0"},
				"up": {"uv": [13, 13, 15.2, 14.6], "rotation": 90, "texture": "#0"},
				"down": {"uv": [13, 13, 15.2, 14.6], "rotation": 270, "texture": "#0"}
			}
		},
		{
			"from": [6.31907, 9.7, 7.7133],
			"to": [8.71907, 10.2, 8.2133],
			"rotation": {"angle": -22.5, "axis": "y", "origin": [7.59745, 12.50022, 8.37816]},
			"faces": {
				"north": {"uv": [13, 13, 15.2, 14.6], "texture": "#0"},
				"east": {"uv": [0, 0, 16, 16], "texture": "#0"},
				"south": {"uv": [13, 13, 15.2, 14.6], "texture": "#0"},
				"west": {"uv": [13, 13, 15.2, 14.6], "texture": "#0"},
				"up": {"uv": [13, 13, 15.2, 14.6], "rotation": 90, "texture": "#0"},
				"down": {"uv": [13, 13, 15.2, 14.6], "rotation": 270, "texture": "#0"}
			}
		},
		{
			"from": [6.14085, 14.8, 8.48434],
			"to": [8.54085, 15.3, 8.98434],
			"rotation": {"angle": 22.5, "axis": "y", "origin": [7.59745, 12.50022, 8.37816]},
			"faces": {
				"north": {"uv": [13, 13, 15.2, 14.6], "texture": "#0"},
				"east": {"uv": [0, 0, 16, 16], "texture": "#0"},
				"south": {"uv": [13, 13, 15.2, 14.6], "texture": "#0"},
				"west": {"uv": [13, 13, 15.2, 14.6], "texture": "#0"},
				"up": {"uv": [13, 13, 15.2, 14.6], "rotation": 90, "texture": "#0"},
				"down": {"uv": [13, 13, 15.2, 14.6], "rotation": 270, "texture": "#0"}
			}
		},
		{
			"from": [6.14085, 9.7, 8.48434],
			"to": [8.54085, 10.2, 8.98434],
			"rotation": {"angle": 22.5, "axis": "y", "origin": [7.59745, 12.50022, 8.37816]},
			"faces": {
				"north": {"uv": [13, 13, 15.2, 14.6], "texture": "#0"},
				"east": {"uv": [0, 0, 16, 16], "texture": "#0"},
				"south": {"uv": [13, 13, 15.2, 14.6], "texture": "#0"},
				"west": {"uv": [13, 13, 15.2, 14.6], "texture": "#0"},
				"up": {"uv": [13, 13, 15.2, 14.6], "rotation": 90, "texture": "#0"},
				"down": {"uv": [13, 13, 15.2, 14.6], "rotation": 270, "texture": "#0"}
			}
		},
		{
			"from": [7.45405, 14.8, 7.77199],
			"to": [9.85405, 15.3, 8.27199],
			"rotation": {"angle": 22.5, "axis": "y", "origin": [8.39745, 12.50022, 8.37816]},
			"faces": {
				"north": {"uv": [13, 13, 15.2, 14.6], "texture": "#0"},
				"east": {"uv": [0, 0, 16, 16], "texture": "#0"},
				"south": {"uv": [13, 13, 15.2, 14.6], "texture": "#0"},
				"west": {"uv": [13, 13, 15.2, 14.6], "texture": "#0"},
				"up": {"uv": [13, 13, 15.2, 14.6], "rotation": 270, "texture": "#0"},
				"down": {"uv": [13, 13, 15.2, 14.6], "rotation": 90, "texture": "#0"}
			}
		},
		{
			"from": [7.45405, 9.7, 7.77199],
			"to": [9.85405, 10.2, 8.27199],
			"rotation": {"angle": 22.5, "axis": "y", "origin": [8.39745, 12.50022, 8.37816]},
			"faces": {
				"north": {"uv": [13, 13, 15.2, 14.6], "texture": "#0"},
				"east": {"uv": [0, 0, 16, 16], "texture": "#0"},
				"south": {"uv": [13, 13, 15.2, 14.6], "texture": "#0"},
				"west": {"uv": [13, 13, 15.2, 14.6], "texture": "#0"},
				"up": {"uv": [13, 13, 15.2, 14.6], "rotation": 270, "texture": "#0"},
				"down": {"uv": [13, 13, 15.2, 14.6], "rotation": 90, "texture": "#0"}
			}
		},
		{
			"from": [7.27583, 14.8, 8.54303],
			"to": [9.67583, 15.3, 9.04303],
			"rotation": {"angle": -22.5, "axis": "y", "origin": [8.39745, 12.50022, 8.37816]},
			"faces": {
				"north": {"uv": [13, 13, 15.2, 14.6], "texture": "#0"},
				"east": {"uv": [0, 0, 16, 16], "texture": "#0"},
				"south": {"uv": [13, 13, 15.2, 14.6], "texture": "#0"},
				"west": {"uv": [13, 13, 15.2, 14.6], "texture": "#0"},
				"up": {"uv": [13, 13, 15.2, 14.6], "rotation": 270, "texture": "#0"},
				"down": {"uv": [13, 13, 15.2, 14.6], "rotation": 90, "texture": "#0"}
			}
		},
		{
			"from": [7.27583, 9.7, 8.54303],
			"to": [9.67583, 10.2, 9.04303],
			"rotation": {"angle": -22.5, "axis": "y", "origin": [8.39745, 12.50022, 8.37816]},
			"faces": {
				"north": {"uv": [13, 13, 15.2, 14.6], "texture": "#0"},
				"east": {"uv": [0, 0, 16, 16], "texture": "#0"},
				"south": {"uv": [13, 13, 15.2, 14.6], "texture": "#0"},
				"west": {"uv": [13, 13, 15.2, 14.6], "texture": "#0"},
				"up": {"uv": [13, 13, 15.2, 14.6], "rotation": 270, "texture": "#0"},
				"down": {"uv": [13, 13, 15.2, 14.6], "rotation": 90, "texture": "#0"}
			}
		},
		{
			"from": [7.2, 21.1, 7.7],
			"to": [8.7, 22.2, 9.2],
			"faces": {
				"north": {"uv": [0, 0, 1, 8], "texture": "#2"},
				"east": {"uv": [0, 0, 1, 8], "texture": "#2"},
				"south": {"uv": [0, 0, 1, 8], "texture": "#2"},
				"west": {"uv": [0, 0, 1, 8], "texture": "#2"},
				"up": {"uv": [0, 0, 1, 8], "texture": "#2"},
				"down": {"uv": [0, 0, 1, 8], "texture": "#2"}
			}
		},
		{
			"from": [7.3, 20.8, 7.8],
			"to": [8.6, 22.6, 9.1],
			"faces": {
				"north": {"uv": [0, 0, 1, 8], "texture": "#2"},
				"east": {"uv": [0, 0, 1, 8], "texture": "#2"},
				"south": {"uv": [0, 0, 1, 8], "texture": "#2"},
				"west": {"uv": [0, 0, 1, 8], "texture": "#2"},
				"up": {"uv": [0, 0, 1, 8], "texture": "#2"},
				"down": {"uv": [0, 0, 1, 8], "texture": "#2"}
			}
		},
		{
			"from": [7.4, 20.5, 7.9],
			"to": [8.5, 22.9, 9],
			"faces": {
				"north": {"uv": [0, 0, 1, 8], "texture": "#2"},
				"east": {"uv": [0, 0, 1, 8], "texture": "#2"},
				"south": {"uv": [0, 0, 1, 8], "texture": "#2"},
				"west": {"uv": [0, 0, 1, 8], "texture": "#2"},
				"up": {"uv": [0, 0, 1, 8], "texture": "#2"},
				"down": {"uv": [0, 0, 1, 8], "texture": "#2"}
			}
		},
		{
			"from": [7.5, 20.4, 8],
			"to": [8.4, 23, 8.9],
			"faces": {
				"north": {"uv": [0, 0, 1, 8], "texture": "#2"},
				"east": {"uv": [0, 0, 1, 8], "texture": "#2"},
				"south": {"uv": [0, 0, 1, 8], "texture": "#2"},
				"west": {"uv": [0, 0, 1, 8], "texture": "#2"},
				"up": {"uv": [0, 0, 1, 8], "texture": "#2"},
				"down": {"uv": [0, 0, 1, 8], "texture": "#2"}
			}
		},
		{
			"from": [7.6, 20.3, 8.1],
			"to": [8.3, 23.1, 8.8],
			"faces": {
				"north": {"uv": [0, 0, 1, 8], "texture": "#2"},
				"east": {"uv": [0, 0, 1, 8], "texture": "#2"},
				"south": {"uv": [0, 0, 1, 8], "texture": "#2"},
				"west": {"uv": [0, 0, 1, 8], "texture": "#2"},
				"up": {"uv": [0, 0, 1, 8], "texture": "#2"},
				"down": {"uv": [0, 0, 1, 8], "texture": "#2"}
			}
		},
		{
			"from": [7.7, 20.2, 8.2],
			"to": [8.2, 23.2, 8.7],
			"faces": {
				"north": {"uv": [0, 0, 1, 8], "texture": "#2"},
				"east": {"uv": [0, 0, 1, 8], "texture": "#2"},
				"south": {"uv": [0, 0, 1, 8], "texture": "#2"},
				"west": {"uv": [0, 0, 1, 8], "texture": "#2"},
				"up": {"uv": [0, 0, 1, 8], "texture": "#2"},
				"down": {"uv": [0, 0, 1, 8], "texture": "#2"}
			}
		},
		{
			"from": [7.1, 21.4, 7.6],
			"to": [8.8, 22, 9.3],
			"faces": {
				"north": {"uv": [0, 0, 1, 8], "texture": "#2"},
				"east": {"uv": [0, 0, 1, 8], "texture": "#2"},
				"south": {"uv": [0, 0, 1, 8], "texture": "#2"},
				"west": {"uv": [0, 0, 1, 8], "texture": "#2"},
				"up": {"uv": [0, 0, 1, 8], "texture": "#2"},
				"down": {"uv": [0, 0, 1, 8], "texture": "#2"}
			}
		},
		{
			"from": [7.2, 21.5, 7.5],
			"to": [8.7, 21.8, 9.4],
			"faces": {
				"north": {"uv": [0, 0, 1, 8], "texture": "#2"},
				"east": {"uv": [0, 0, 1, 8], "texture": "#2"},
				"south": {"uv": [0, 0, 1, 8], "texture": "#2"},
				"west": {"uv": [0, 0, 1, 8], "texture": "#2"},
				"up": {"uv": [0, 0, 1, 8], "texture": "#2"},
				"down": {"uv": [0, 0, 1, 8], "texture": "#2"}
			}
		},
		{
			"from": [7.00075, 21.5, 7.75834],
			"to": [8.90075, 21.8, 9.25834],
			"faces": {
				"north": {"uv": [0, 0, 1, 8], "texture": "#2"},
				"east": {"uv": [0, 0, 1, 8], "texture": "#2"},
				"south": {"uv": [0, 0, 1, 8], "texture": "#2"},
				"west": {"uv": [0, 0, 1, 8], "texture": "#2"},
				"up": {"uv": [0, 0, 1, 8], "rotation": 90, "texture": "#2"},
				"down": {"uv": [0, 0, 1, 8], "rotation": 270, "texture": "#2"}
			}
		}
	],
	"display": {
		"thirdperson_righthand": {
			"translation": [-1, -2, 0.75],
			"scale": [0.4, 0.4, 0.4]
		},
		"thirdperson_lefthand": {
			"translation": [-1, -2, 0.75],
			"scale": [0.4, 0.4, 0.4]
		},
		"firstperson_righthand": {
			"translation": [1, 0.25, 0.75],
			"scale": [0.4, 0.4, 0.4]
		},
		"firstperson_lefthand": {
			"translation": [1.5, 0.25, 0.75],
			"scale": [0.4, 0.4, 0.4]
		},
		"ground": {
			"rotation": [90, 0, 0],
			"translation": [0, -2.5, -2.75],
			"scale": [0.47, 0.47, 0.48]
		},
		"gui": {
			"rotation": [0, 45, 45],
			"translation": [1.5, -2.25, 0],
			"scale": [0.87, 0.88, 0.84]
		}
	},
	"groups": [
		{
			"name": "ring",
			"origin": [8, 7.3, 8],
			"children": []
		},
		{
			"name": "ring",
			"origin": [8, 7.3, 8],
			"children": [
				{
					"name": "group",
					"origin": [8, 23.5, 8],
					"children": [
						{
							"name": "fin1",
							"origin": [7.98037, 19.64927, 8.42037],
							"children": []
						},
						{
							"name": "fin1",
							"origin": [7.98037, 19.64927, 8.42037],
							"children": []
						},
						{
							"name": "fin1",
							"origin": [7.98037, 19.64927, 8.42037],
							"children": []
						},
						{
							"name": "fin1",
							"origin": [7.98037, 19.64927, 8.42037],
							"children": []
						},
						{
							"name": "wood",
							"origin": [7.98037, 24.64927, 8.42037],
							"children": []
						}
					]
				},
				{
					"name": "group",
					"origin": [8, 23.4, 8],
					"children": [
						{
							"name": "group",
							"origin": [8.39745, 12.50022, 8.37816],
							"children": [0, 1, 2, 3, 4, 5, 6, 7, 8, 9, 10, 11, 12, 13, 14, 15, 16, 17, 18, 19, 20, 21, 22, 23, 24, 25, 26, 27, 28, 29, 30, 31, 32, 33, 34, 35, 36, 37, 38, 39, 40, 41, 42, 43, 44, 45, 46, 47, 48, 49, 50, 51, 52, 53, 54, 55, 56, 57, 58, 59,
								{
									"name": "group",
									"origin": [7.97635, 20.35206, 6.8216],
									"children": [60, 61, 62, 63, 64, 65, 66, 67]
								},
								{
									"name": "group",
									"origin": [7.97635, 20.35206, 6.8216],
									"children": [68, 69, 70, 71, 72, 73, 74]
								},
								{
									"name": "group",
									"origin": [7.97635, 20.35206, 6.8216],
									"children": [75, 76, 77, 78, 79, 80, 81]
								}, 82, 83, 84, 85, 86, 87, 88, 89, 90, 91, 92, 93, 94, 95, 96, 97, 98, 99, 100, 101, 102, 103, 104, 105, 106, 107, 108, 109, 110, 111]
						}
					]
				}
			]
		},
		{
			"name": "crystal",
			"origin": [8, 8, 8],
			"children": [112, 113, 114, 115, 116, 117, 118, 119, 120]
		}
	]
}