{
	"credit": "Made with Blockbench",
	"textures": {
		"0": "block/yellow_shulker_box",
		"2": "block/light_gray_shulker_box",
		"3": "block/red_stained_glass",
		"particle": "block/yellow_shulker_box"
	},
	"elements": [
		{
			"from": [7, -0.1, 6],
			"to": [10, 5, 9],
			"faces": {
				"north": {"uv": [0, 0, 0.77, 16], "rotation": 90, "texture": "#0"},
				"east": {"uv": [0, 0, 0.77, 16], "rotation": 90, "texture": "#0"},
				"south": {"uv": [0, 0, 0.77, 16], "rotation": 90, "texture": "#0"},
				"west": {"uv": [0, 0, 0.77, 16], "rotation": 90, "texture": "#0"},
				"up": {"uv": [4.308, 3.539, 12.308, 12.539], "rotation": 90, "texture": "#0"},
				"down": {"uv": [0, 0, 16, 16], "rotation": 90, "texture": "#0"}
			}
		},
		{
			"from": [7.4, 0, 5.8],
			"to": [9.7, 5, 9.2],
			"faces": {
				"north": {"uv": [0, 0, 0.77, 16], "rotation": 90, "texture": "#0"},
				"east": {"uv": [0, 0, 0.77, 16], "rotation": 90, "texture": "#0"},
				"south": {"uv": [0, 0, 0.77, 16], "rotation": 90, "texture": "#0"},
				"west": {"uv": [0, 0, 0.77, 16], "rotation": 90, "texture": "#0"},
				"up": {"uv": [4.308, 3.539, 12.308, 12.539], "rotation": 90, "texture": "#0"},
				"down": {"uv": [0, 0, 16, 16], "rotation": 90, "texture": "#0"}
			}
		},
		{
			"from": [7.5, 5, 6],
			"to": [9.6, 5.7, 9],
			"faces": {
				"north": {"uv": [0, 0, 0.77, 16], "rotation": 90, "texture": "#0"},
				"east": {"uv": [0, 0, 0.77, 16], "rotation": 90, "texture": "#0"},
				"south": {"uv": [0, 0, 0.77, 16], "rotation": 90, "texture": "#0"},
				"west": {"uv": [0, 0, 0.77, 16], "rotation": 90, "texture": "#0"},
				"up": {"uv": [4.308, 3.539, 12.308, 12.539], "rotation": 90, "texture": "#0"},
				"down": {"uv": [0, 0, 16, 16], "rotation": 90, "texture": "#0"}
			}
		},
		{
			"from": [7.5, 5.7, 6.2],
			"to": [9.5, 6.4, 8.8],
			"faces": {
				"north": {"uv": [0, 0, 0.77, 16], "rotation": 90, "texture": "#0"},
				"east": {"uv": [0, 0, 0.77, 16], "rotation": 90, "texture": "#0"},
				"south": {"uv": [0, 0, 0.77, 16], "rotation": 90, "texture": "#0"},
				"west": {"uv": [0, 0, 0.77, 16], "rotation": 90, "texture": "#0"},
				"up": {"uv": [4.308, 3.539, 12.308, 12.539], "rotation": 90, "texture": "#0"},
				"down": {"uv": [0, 0, 16, 16], "rotation": 90, "texture": "#0"}
			}
		},
		{
			"from": [7.04816, 5, 6.44066],
			"to": [10.04816, 5.7, 8.54066],
			"faces": {
				"north": {"uv": [0, 0, 0.77, 16], "rotation": 90, "texture": "#0"},
				"east": {"uv": [0, 0, 0.77, 16], "rotation": 90, "texture": "#0"},
				"south": {"uv": [0, 0, 0.77, 16], "rotation": 90, "texture": "#0"},
				"west": {"uv": [0, 0, 0.77, 16], "rotation": 90, "texture": "#0"},
				"up": {"uv": [4.308, 3.539, 12.308, 12.539], "rotation": 180, "texture": "#0"},
				"down": {"uv": [0, 0, 16, 16], "texture": "#0"}
			}
		},
		{
			"from": [7.24816, 5.7, 6.54066],
			"to": [9.84816, 6.4, 8.44066],
			"faces": {
				"north": {"uv": [0, 0, 0.77, 16], "rotation": 90, "texture": "#0"},
				"east": {"uv": [0, 0, 0.77, 16], "rotation": 90, "texture": "#0"},
				"south": {"uv": [0, 0, 0.77, 16], "rotation": 90, "texture": "#0"},
				"west": {"uv": [0, 0, 0.77, 16], "rotation": 90, "texture": "#0"},
				"up": {"uv": [4.308, 3.539, 12.308, 12.539], "rotation": 180, "texture": "#0"},
				"down": {"uv": [0, 0, 16, 16], "texture": "#0"}
			}
		},
		{
			"from": [7.34816, 6.4, 6.74066],
			"to": [9.64816, 9.5, 8.24066],
			"faces": {
				"north": {"uv": [0, 0, 0.77, 16], "rotation": 90, "texture": "#0"},
				"east": {"uv": [0, 3.236, 0.886, 13.294], "rotation": 90, "texture": "#0"},
				"south": {"uv": [0, 0, 0.77, 16], "rotation": 90, "texture": "#0"},
				"west": {"uv": [0, 0, 0.77, 16], "rotation": 90, "texture": "#0"},
				"up": {"uv": [4.308, 3.539, 12.308, 12.539], "rotation": 180, "texture": "#0"},
				"down": {"uv": [0, 0, 16, 16], "texture": "#0"}
			}
		},
		{
			"from": [7.7464, 6.4, 6.34051],
			"to": [9.2464, 9.5, 8.64051],
			"faces": {
				"north": {"uv": [0, 0, 0.77, 16], "rotation": 90, "texture": "#0"},
				"east": {"uv": [0, 0, 0.77, 16], "rotation": 90, "texture": "#0"},
				"south": {"uv": [0, 3.236, 0.886, 13.294], "rotation": 90, "texture": "#0"},
				"west": {"uv": [0, 0, 0.77, 16], "rotation": 90, "texture": "#0"},
				"up": {"uv": [4.308, 3.539, 12.308, 12.539], "rotation": 270, "texture": "#0"},
				"down": {"uv": [0, 0, 16, 16], "rotation": 270, "texture": "#0"}
			}
		},
		{
			"from": [6.8, 0, 6.34815],
			"to": [10.2, 5, 8.64815],
			"faces": {
				"north": {"uv": [0, 0, 0.77, 16], "rotation": 90, "texture": "#0"},
				"east": {"uv": [0, 0, 0.77, 16], "rotation": 90, "texture": "#0"},
				"south": {"uv": [0, 0, 0.77, 16], "rotation": 90, "texture": "#0"},
				"west": {"uv": [0, 0, 0.77, 16], "rotation": 90, "texture": "#0"},
				"up": {"uv": [4.308, 3.539, 12.308, 12.539], "texture": "#0"},
				"down": {"uv": [0, 0, 16, 16], "rotation": 180, "texture": "#0"}
			}
		},
		{
			"from": [7.2, 3, 6.1],
			"to": [9.9, 5.7, 8.9],
			"faces": {
				"north": {"uv": [0, 0, 0.77, 16], "rotation": 90, "texture": "#0"},
				"east": {"uv": [0, 0, 0.77, 16], "rotation": 90, "texture": "#0"},
				"south": {"uv": [0, 0, 0.77, 16], "rotation": 90, "texture": "#0"},
				"west": {"uv": [0, 0, 0.77, 16], "rotation": 90, "texture": "#0"},
				"up": {"uv": [4.308, 3.539, 12.308, 12.539], "rotation": 90, "texture": "#0"},
				"down": {"uv": [0, 0, 0.77, 16], "rotation": 90, "texture": "#0"}
			}
		},
		{
			"from": [7.3, 4.8, 6.4],
			"to": [9.7, 6.3, 8.6],
			"faces": {
				"north": {"uv": [0, 0, 0.77, 16], "rotation": 90, "texture": "#0"},
				"east": {"uv": [0, 0, 0.77, 16], "rotation": 90, "texture": "#0"},
				"south": {"uv": [0, 0, 0.77, 16], "rotation": 90, "texture": "#0"},
				"west": {"uv": [0, 0, 0.77, 16], "rotation": 90, "texture": "#0"},
				"up": {"uv": [4.308, 3.539, 12.308, 12.539], "rotation": 90, "texture": "#0"},
				"down": {"uv": [0, 0, 0.77, 16], "rotation": 90, "texture": "#0"}
			}
		},
		{
			"from": [7.5, 4, 6.5],
			"to": [9.5, 8.7, 8.5],
			"faces": {
				"north": {"uv": [0, 0, 0.77, 16], "rotation": 90, "texture": "#0"},
				"east": {"uv": [0, 0, 0.77, 16], "rotation": 90, "texture": "#0"},
				"south": {"uv": [0, 0, 0.77, 16], "rotation": 90, "texture": "#0"},
				"west": {"uv": [0, 0, 0.77, 16], "rotation": 90, "texture": "#0"},
				"up": {"uv": [4.308, 3.539, 12.308, 12.539], "rotation": 90, "texture": "#0"},
				"down": {"uv": [0, 0, 0.77, 16], "rotation": 90, "texture": "#0"}
			}
		},
		{
			"from": [7.5, 8.7, 6.5],
			"to": [7.9, 9.7, 8.5],
			"faces": {
				"north": {"uv": [0, 16, 0.77, 12.846], "rotation": 90, "texture": "#0"},
				"east": {"uv": [0, 0, 0.77, 16], "rotation": 90, "texture": "#0"},
				"south": {"uv": [0, 12.846, 0.77, 16], "rotation": 90, "texture": "#0"},
				"west": {"uv": [0, 0, 0.77, 16], "rotation": 90, "texture": "#0"},
				"up": {"uv": [4.308, 3.539, 12.308, 12.539], "rotation": 90, "texture": "#0"},
				"down": {"uv": [0, 0, 0.77, 16], "rotation": 90, "texture": "#0"}
			}
		},
		{
			"from": [9.1, 8.7, 6.5],
			"to": [9.5, 9.7, 8.5],
			"faces": {
				"north": {"uv": [0, 12.846, 0.77, 16], "rotation": 90, "texture": "#0"},
				"east": {"uv": [0, 0, 0.77, 16], "rotation": 90, "texture": "#0"},
				"south": {"uv": [0, 16, 0.77, 12.846], "rotation": 90, "texture": "#0"},
				"west": {"uv": [0, 0, 0.77, 16], "rotation": 90, "texture": "#0"},
				"up": {"uv": [4.308, 3.539, 12.308, 12.539], "rotation": 90, "texture": "#0"},
				"down": {"uv": [0, 0, 0.77, 16], "rotation": 90, "texture": "#0"}
			}
		},
		{
			"from": [7.9, 8.7, 6.5],
			"to": [9.1, 9.7, 6.9],
			"faces": {
				"north": {"uv": [0, 3.258, 0.592, 12.704], "rotation": 90, "texture": "#0"},
				"east": {"uv": [0, 0, 0.77, 16], "rotation": 90, "texture": "#0"},
				"south": {"uv": [0, 3.258, 0.592, 12.704], "rotation": 90, "texture": "#0"},
				"west": {"uv": [0, 0, 0.77, 16], "rotation": 90, "texture": "#0"},
				"up": {"uv": [4.308, 3.539, 12.308, 12.539], "rotation": 90, "texture": "#0"},
				"down": {"uv": [0, 0, 0.77, 16], "rotation": 90, "texture": "#0"}
			}
		},
		{
			"from": [7.9, 8.7, 8.1],
			"to": [9.1, 9.7, 8.5],
			"faces": {
				"north": {"uv": [0, 3.258, 0.592, 12.704], "rotation": 90, "texture": "#0"},
				"east": {"uv": [0, 0, 0.77, 16], "rotation": 90, "texture": "#0"},
				"south": {"uv": [0, 3.258, 0.592, 12.704], "rotation": 90, "texture": "#0"},
				"west": {"uv": [0, 0, 0.77, 16], "rotation": 90, "texture": "#0"},
				"up": {"uv": [4.308, 3.539, 12.308, 12.539], "rotation": 90, "texture": "#0"},
				"down": {"uv": [0, 0, 0.77, 16], "rotation": 90, "texture": "#0"}
			}
		},
		{
			"from": [8.1, 8.7, 7.1],
			"to": [8.9, 10.5, 7.9],
			"faces": {
				"north": {"uv": [2, 4.058, 2.763, 10.878], "rotation": 180, "texture": "#2"},
				"east": {"uv": [2, 4.058, 2.763, 10.878], "rotation": 180, "texture": "#2"},
				"south": {"uv": [2, 4.058, 2.763, 10.878], "rotation": 180, "texture": "#2"},
				"west": {"uv": [2, 4.058, 2.763, 10.878], "rotation": 180, "texture": "#2"},
				"up": {"uv": [4.118, 4, 8.881, 10.82], "rotation": 180, "texture": "#2"},
				"down": {"uv": [2, 4.058, 2.763, 10.878], "rotation": 180, "texture": "#2"}
			}
		},
		{
			"from": [8, 8.7, 7.2],
			"to": [9, 10.5, 7.8],
			"faces": {
				"north": {"uv": [2, 4.058, 2.763, 10.878], "rotation": 180, "texture": "#2"},
				"east": {"uv": [2, 4.058, 2.763, 10.878], "rotation": 180, "texture": "#2"},
				"south": {"uv": [2, 4.058, 2.763, 10.878], "rotation": 180, "texture": "#2"},
				"west": {"uv": [2, 4.058, 2.763, 10.878], "rotation": 180, "texture": "#2"},
				"up": {"uv": [4.118, 4, 8.881, 10.82], "rotation": 180, "texture": "#2"},
				"down": {"uv": [2, 4.058, 2.763, 10.878], "rotation": 180, "texture": "#2"}
			}
		},
		{
			"from": [8.19826, 8.7, 7.00559],
			"to": [8.79826, 10.5, 8.00559],
			"faces": {
				"north": {"uv": [2, 4.058, 2.763, 10.878], "rotation": 180, "texture": "#2"},
				"east": {"uv": [2, 4.058, 2.763, 10.878], "rotation": 180, "texture": "#2"},
				"south": {"uv": [2, 4.058, 2.763, 10.878], "rotation": 180, "texture": "#2"},
				"west": {"uv": [2, 4.058, 2.763, 10.878], "rotation": 180, "texture": "#2"},
				"up": {"uv": [4.118, 4, 8.881, 10.82], "rotation": 270, "texture": "#2"},
				"down": {"uv": [2, 4.058, 2.763, 10.878], "rotation": 90, "texture": "#2"}
			}
		},
		{
			"from": [8.2, 11.3, 7.2],
			"to": [8.8, 11.4, 7.8],
			"faces": {
				"north": {"uv": [0, 0, 0.881, 0.703], "rotation": 180, "texture": "#3"},
				"east": {"uv": [0, 0, 0.881, 0.703], "rotation": 180, "texture": "#3"},
				"south": {"uv": [0, 0, 0.881, 0.703], "rotation": 180, "texture": "#3"},
				"west": {"uv": [0, 0, 0.881, 0.703], "rotation": 180, "texture": "#3"},
				"up": {"uv": [0, 0, 0.881, 0.703], "rotation": 180, "texture": "#3"},
				"down": {"uv": [0, 0, 0.881, 0.703], "rotation": 180, "texture": "#3"}
			}
		},
		{
			"from": [8.1, 10.5, 7.1],
			"to": [8.9, 11.3, 7.9],
			"faces": {
				"north": {"uv": [0, 0, 0.881, 0.703], "rotation": 180, "texture": "#3"},
				"east": {"uv": [0, 0, 0.881, 0.703], "rotation": 180, "texture": "#3"},
				"south": {"uv": [0, 0, 0.881, 0.703], "rotation": 180, "texture": "#3"},
				"west": {"uv": [0, 0, 0.881, 0.703], "rotation": 180, "texture": "#3"},
				"up": {"uv": [0, 0, 0.881, 0.703], "rotation": 180, "texture": "#3"},
				"down": {"uv": [0, 0, 0.881, 0.703], "rotation": 180, "texture": "#3"}
			}
		},
		{
			"from": [8.3, 10.3, 6.9],
			"to": [8.7, 11.1, 7.1],
			"faces": {
				"north": {"uv": [5, 4, 10.175, 10.82], "rotation": 180, "texture": "#2"},
				"east": {"uv": [5, 4, 10.175, 10.82], "rotation": 180, "texture": "#2"},
				"south": {"uv": [5, 4, 10.175, 10.82], "rotation": 180, "texture": "#2"},
				"west": {"uv": [5, 4, 10.175, 10.82], "rotation": 180, "texture": "#2"},
				"up": {"uv": [5, 4, 10.175, 10.82], "rotation": 180, "texture": "#2"},
				"down": {"uv": [5, 4, 10.175, 10.82], "rotation": 180, "texture": "#2"}
			}
		},
		{
			"from": [8.3, 10.3, 7.9],
			"to": [8.7, 11.1, 8.1],
			"faces": {
				"north": {"uv": [5, 4, 10.175, 10.82], "rotation": 180, "texture": "#2"},
				"east": {"uv": [5, 4, 10.175, 10.82], "rotation": 180, "texture": "#2"},
				"south": {"uv": [5, 4, 10.175, 10.82], "rotation": 180, "texture": "#2"},
				"west": {"uv": [5, 4, 10.175, 10.82], "rotation": 180, "texture": "#2"},
				"up": {"uv": [5, 4, 10.175, 10.82], "rotation": 180, "texture": "#2"},
				"down": {"uv": [5, 4, 10.175, 10.82], "rotation": 180, "texture": "#2"}
			}
		},
		{
			"from": [8.89424, 10.30174, 7.30403],
			"to": [9.09424, 11.10174, 7.70403],
			"faces": {
				"north": {"uv": [5, 4, 10.175, 10.82], "rotation": 180, "texture": "#2"},
				"east": {"uv": [5, 4, 10.175, 10.82], "rotation": 180, "texture": "#2"},
				"south": {"uv": [5, 4, 10.175, 10.82], "rotation": 180, "texture": "#2"},
				"west": {"uv": [5, 4, 10.175, 10.82], "rotation": 180, "texture": "#2"},
				"up": {"uv": [5, 4, 10.175, 10.82], "rotation": 90, "texture": "#2"},
				"down": {"uv": [5, 4, 10.175, 10.82], "rotation": 270, "texture": "#2"}
			}
		},
		{
			"from": [7.89424, 10.30174, 7.30403],
			"to": [8.19424, 11.10174, 7.70403],
			"faces": {
				"north": {"uv": [5, 4, 10.175, 10.82], "rotation": 180, "texture": "#2"},
				"east": {"uv": [5, 4, 10.175, 10.82], "rotation": 180, "texture": "#2"},
				"south": {"uv": [5, 4, 10.175, 10.82], "rotation": 180, "texture": "#2"},
				"west": {"uv": [5, 4, 10.175, 10.82], "rotation": 180, "texture": "#2"},
				"up": {"uv": [5, 4, 10.175, 10.82], "rotation": 90, "texture": "#2"},
				"down": {"uv": [5, 4, 10.175, 10.82], "rotation": 270, "texture": "#2"}
			}
		},
		{
			"from": [10.19424, 2.60174, 7.20403],
			"to": [10.29424, 3.70174, 7.80403],
			"faces": {
				"north": {"uv": [1.177, 1.118, 1.822, 2.467], "rotation": 180, "texture": "#0"},
				"east": {"uv": [1.177, 1.118, 1.822, 2.467], "rotation": 180, "texture": "#0"},
				"south": {"uv": [1.177, 1.118, 1.822, 2.467], "rotation": 180, "texture": "#0"},
				"west": {"uv": [1.177, 1.118, 1.822, 2.467], "rotation": 180, "texture": "#0"},
				"up": {"uv": [1.177, 1.118, 1.822, 2.467], "rotation": 180, "texture": "#0"},
				"down": {"uv": [1.177, 1.118, 1.822, 2.467], "rotation": 180, "texture": "#0"}
			}
		}
	],
	"display": {
		"thirdperson_righthand": {
			"translation": [-1, 1.5, 1.25],
			"scale": [0.5, 0.5, 0.5]
		},
		"thirdperson_lefthand": {
			"translation": [-1, 1.5, 1.25],
			"scale": [0.5, 0.5, 0.5]
		},
		"firstperson_righthand": {
			"translation": [-1, 3, 1.25],
			"scale": [0.5, 0.5, 0.5]
		},
		"firstperson_lefthand": {
			"translation": [0, 2, 0]
		},
		"ground": {
			"scale": [0.5, 0.5, 0.5]
		},
		"gui": {
			"rotation": [0, 45, 45],
			"translation": [0, 0.75, 0]
		},
		"fixed": {
			"translation": [0, 1.25, 0]
		}
	}
}