{
	"credit": "Made with Blockbench",
	"textures": {
		"0": "block/sonic2"
	},
	"elements": [
		{
			"name": "Cube",
			"from": [7.5, 0, 7.5],
			"to": [8.5, 4, 8.5],
			"faces": {
				"north": {"uv": [0.5, 6, 3, 15.5], "texture": "#0"},
				"east": {"uv": [0.5, 6, 3, 15.5], "texture": "#0"},
				"south": {"uv": [0.5, 6, 3, 15.5], "texture": "#0"},
				"west": {"uv": [0.5, 6, 3, 15.5], "texture": "#0"},
				"up": {"uv": [0.5, 6, 3, 7.5], "texture": "#0"},
				"down": {"uv": [0.5, 6, 3, 8.5], "texture": "#0"}
			}
		},
		{
			"name": "Cube",
			"from": [7.4, 0.1, 7.6],
			"to": [8.6, 3.9, 8.4],
			"faces": {
				"north": {"uv": [0.5, 6, 3, 15.5], "texture": "#0"},
				"east": {"uv": [0.5, 6, 3.5, 15.5], "texture": "#0"},
				"south": {"uv": [0.5, 6, 3, 15.5], "texture": "#0"},
				"west": {"uv": [0.5, 6, 3, 15.5], "texture": "#0"},
				"up": {"uv": [0.5, 6, 3.5, 8.5], "texture": "#0"},
				"down": {"uv": [0.5, 6, 3, 8.5], "texture": "#0"}
			}
		},
		{
			"name": "Cube",
			"from": [7.59998, 0.1, 7.37904],
			"to": [8.39998, 3.9, 8.57904],
			"faces": {
				"north": {"uv": [0.5, 6, 3, 15.5], "texture": "#0"},
				"east": {"uv": [0.5, 6, 3.5, 15.5], "texture": "#0"},
				"south": {"uv": [0.5, 6, 3, 15.5], "texture": "#0"},
				"west": {"uv": [0.5, 6, 3, 15.5], "texture": "#0"},
				"up": {"uv": [0.5, 6, 3, 15.5], "texture": "#0"},
				"down": {"uv": [0.5, 6, 3, 15.5], "texture": "#0"}
			}
		},
		{
			"name": "Cube",
			"from": [7.7, 4, 7.7],
			"to": [8.3, 6, 8.3],
			"faces": {
				"north": {"uv": [1, 10, 2, 14], "texture": "#0"},
				"east": {"uv": [1, 10, 2, 14], "texture": "#0"},
				"south": {"uv": [1, 10, 2, 14], "texture": "#0"},
				"west": {"uv": [1, 10, 2, 14], "texture": "#0"},
				"up": {"uv": [1, 10, 2, 14], "texture": "#0"},
				"down": {"uv": [1, 10, 2, 14], "texture": "#0"}
			}
		},
		{
			"name": "Cube",
			"from": [7.8, 4, 7.6],
			"to": [8.2, 6, 8.4],
			"faces": {
				"north": {"uv": [1, 10, 2, 14], "texture": "#0"},
				"east": {"uv": [1, 10, 2, 14], "texture": "#0"},
				"south": {"uv": [1, 10, 2, 14], "texture": "#0"},
				"west": {"uv": [1, 10, 2, 14], "texture": "#0"},
				"up": {"uv": [1, 10, 2, 14], "texture": "#0"},
				"down": {"uv": [1, 10, 2, 14], "texture": "#0"}
			}
		},
		{
			"name": "Cube",
			"from": [7.59999, 4, 7.78952],
			"to": [8.39999, 6, 8.18952],
			"faces": {
				"north": {"uv": [1, 10, 2, 14], "texture": "#0"},
				"east": {"uv": [1, 10, 2, 14], "texture": "#0"},
				"south": {"uv": [1, 10, 2, 14], "texture": "#0"},
				"west": {"uv": [1, 10, 2, 14], "texture": "#0"},
				"up": {"uv": [1, 10, 2, 14], "texture": "#0"},
				"down": {"uv": [1, 10, 2, 14], "texture": "#0"}
			}
		},
		{
			"name": "Cube",
			"from": [7.6, 6, 7.6],
			"to": [8.4, 6.1, 8.4],
			"faces": {
				"north": {"uv": [6, 7, 7, 7.2], "texture": "#0"},
				"east": {"uv": [5, 6, 6, 6.2], "texture": "#0"},
				"south": {"uv": [6, 6, 7, 6.2], "texture": "#0"},
				"west": {"uv": [5, 7, 6, 7.2], "texture": "#0"},
				"up": {"uv": [7, 8, 8, 9], "texture": "#0"},
				"down": {"uv": [6, 8, 7, 9], "texture": "#0"}
			}
		},
		{
			"name": "Cube",
			"from": [7.6, 6, 7.5],
			"to": [8.4, 6.2, 8.5],
			"faces": {
				"north": {"uv": [5, 0, 8.2, 4.5], "rotation": 90, "texture": "#0"},
				"east": {"uv": [5, 0, 8.2, 4.5], "rotation": 90, "texture": "#0"},
				"south": {"uv": [5, 0, 8.2, 4.5], "rotation": 90, "texture": "#0"},
				"west": {"uv": [5, 0, 8.2, 4.5], "rotation": 90, "texture": "#0"},
				"up": {"uv": [5, 0, 8.2, 4.5], "rotation": 90, "texture": "#0"},
				"down": {"uv": [5, 0, 8.2, 4.5], "rotation": 90, "texture": "#0"}
			}
		},
		{
			"name": "Cube",
			"from": [7.6, 5.9, 7.5],
			"to": [8.4, 6, 8.5],
			"faces": {
				"north": {"uv": [5, 1, 8.699, 4], "rotation": 90, "texture": "#0"},
				"east": {"uv": [5, 1, 8.699, 4], "rotation": 90, "texture": "#0"},
				"south": {"uv": [5, 1, 8.699, 4], "rotation": 90, "texture": "#0"},
				"west": {"uv": [5, 1, 8.699, 4], "rotation": 90, "texture": "#0"},
				"up": {"uv": [5, 1, 8.699, 4], "rotation": 90, "texture": "#0"},
				"down": {"uv": [5, 1, 8.699, 4], "rotation": 90, "texture": "#0"}
			}
		},
		{
			"name": "Cube",
			"from": [7.5, 6, 7.6],
			"to": [8.5, 6.2, 8.4],
			"faces": {
				"north": {"uv": [5, 1, 8.699, 4], "texture": "#0"},
				"east": {"uv": [5, 1, 8.699, 4], "texture": "#0"},
				"south": {"uv": [5, 1, 8.699, 4], "texture": "#0"},
				"west": {"uv": [5, 1, 8.699, 4], "texture": "#0"},
				"up": {"uv": [5, 1, 8.699, 4], "texture": "#0"},
				"down": {"uv": [5, 1, 8.699, 4], "texture": "#0"}
			}
		},
		{
			"name": "Cube",
			"from": [7.5, 5.9, 7.6],
			"to": [8.5, 6, 8.4],
			"faces": {
				"north": {"uv": [5, 1, 8.699, 4], "texture": "#0"},
				"east": {"uv": [5, 1, 8.699, 4], "texture": "#0"},
				"south": {"uv": [5, 1, 8.699, 4], "texture": "#0"},
				"west": {"uv": [5, 1, 8.699, 4], "texture": "#0"},
				"up": {"uv": [5, 1, 8.699, 4], "texture": "#0"},
				"down": {"uv": [5, 1, 8.699, 4], "texture": "#0"}
			}
		},
		{
			"name": "Cube",
			"from": [7.7, 6, 7.7],
			"to": [7.9, 6.6, 8.3],
			"rotation": {"angle": -22.5, "axis": "z", "origin": [8, 6.5, 8]},
			"faces": {
				"north": {"uv": [5, 0, 8.2, 4.5], "texture": "#0"},
				"east": {"uv": [5, 0, 8.2, 4.5], "texture": "#0"},
				"south": {"uv": [5, 0, 8.2, 4.5], "texture": "#0"},
				"west": {"uv": [5, 0, 8.2, 4.5], "texture": "#0"},
				"up": {"uv": [5, 0, 8.2, 4.5], "texture": "#0"},
				"down": {"uv": [5, 0, 8.2, 4.5], "texture": "#0"}
			}
		},
		{
			"name": "Cube",
			"from": [8.1, 6, 7.7],
			"to": [8.3, 6.6, 8.3],
			"rotation": {"angle": 22.5, "axis": "z", "origin": [8, 6.5, 8]},
			"faces": {
				"north": {"uv": [5, 0, 8.2, 4.5], "texture": "#0"},
				"east": {"uv": [5, 0, 8.2, 4.5], "texture": "#0"},
				"south": {"uv": [5, 0, 8.2, 4.5], "texture": "#0"},
				"west": {"uv": [5, 0, 8.2, 4.5], "texture": "#0"},
				"up": {"uv": [5, 0, 8.2, 4.5], "texture": "#0"},
				"down": {"uv": [5, 0, 8.2, 4.5], "texture": "#0"}
			}
		},
		{
			"name": "Cube",
			"from": [7.7, 6, 7.7],
			"to": [8.3, 6.6, 7.9],
			"rotation": {"angle": 22.5, "axis": "x", "origin": [8, 6.5, 8]},
			"faces": {
				"north": {"uv": [5, 0, 8.2, 4.5], "texture": "#0"},
				"east": {"uv": [5, 0, 8.2, 4.5], "texture": "#0"},
				"south": {"uv": [5, 0, 8.2, 4.5], "texture": "#0"},
				"west": {"uv": [5, 0, 8.2, 4.5], "texture": "#0"},
				"up": {"uv": [5, 0, 8.2, 4.5], "texture": "#0"},
				"down": {"uv": [5, 0, 8.2, 4.5], "texture": "#0"}
			}
		},
		{
			"name": "Cube",
			"from": [7.7, 6, 8.1],
			"to": [8.3, 6.6, 8.3],
			"rotation": {"angle": -22.5, "axis": "x", "origin": [8, 6.5, 8]},
			"faces": {
				"north": {"uv": [5, 0, 8.2, 4.5], "texture": "#0"},
				"east": {"uv": [5, 0, 8.2, 4.5], "texture": "#0"},
				"south": {"uv": [5, 0, 8.2, 4.5], "texture": "#0"},
				"west": {"uv": [5, 0, 8.2, 4.5], "texture": "#0"},
				"up": {"uv": [5, 0, 8.2, 4.5], "texture": "#0"},
				"down": {"uv": [5, 0, 8.2, 4.5], "texture": "#0"}
			}
		},
		{
			"name": "Cube",
			"from": [7.9, 6.3, 7.9],
			"to": [8.1, 6.7, 8.1],
			"faces": {
				"north": {"uv": [7, 14, 7.2, 14.4], "texture": "#0"},
				"east": {"uv": [6, 12, 6.2, 12.4], "texture": "#0"},
				"south": {"uv": [7, 13, 7.2, 13.4], "texture": "#0"},
				"west": {"uv": [8, 12, 8.2, 12.4], "texture": "#0"},
				"up": {"uv": [8, 11, 8.2, 11.2], "texture": "#0"},
				"down": {"uv": [8, 11, 8.2, 11.2], "texture": "#0"}
			}
		},
		{
			"name": "Cube",
			"from": [7.85, 7.05, 7.9],
			"to": [8.15, 7.35, 8.1],
			"faces": {
				"north": {"uv": [5.5, 6, 5.7, 6.2], "texture": "#0"},
				"east": {"uv": [5.5, 2, 5.7, 2.2], "texture": "#0"},
				"south": {"uv": [5.5, 2, 5.7, 2.2], "texture": "#0"},
				"west": {"uv": [5.5, 2, 5.7, 2.2], "texture": "#0"},
				"up": {"uv": [5.5, 2, 5.7, 2.2], "texture": "#0"},
				"down": {"uv": [5.5, 2, 5.7, 2.2], "texture": "#0"}
			}
		},
		{
			"name": "Cube",
			"from": [7.9, 6.9, 7.95],
			"to": [8.1, 7.1, 8.05],
			"faces": {
				"north": {"uv": [5, 6.5, 5.2, 6.7], "texture": "#0"},
				"east": {"uv": [5, 6.5, 5.2, 6.7], "texture": "#0"},
				"south": {"uv": [5, 6.5, 5.2, 6.7], "texture": "#0"},
				"west": {"uv": [5, 6.5, 5.2, 6.7], "texture": "#0"},
				"up": {"uv": [5, 6.5, 5.2, 6.7], "texture": "#0"},
				"down": {"uv": [5, 6.5, 5.2, 6.7], "texture": "#0"}
			}
		},
		{
			"name": "Cube",
			"from": [7.9, 7.3, 7.95],
			"to": [8.1, 7.5, 8.05],
			"rotation": {"angle": -45, "axis": "z", "origin": [8, 7.2, 8.9]},
			"faces": {
				"north": {"uv": [5, 6.5, 5.2, 6.7], "texture": "#0"},
				"east": {"uv": [5, 6.5, 5.2, 6.7], "texture": "#0"},
				"south": {"uv": [5, 6.5, 5.2, 6.7], "texture": "#0"},
				"west": {"uv": [5, 6.5, 5.2, 6.7], "texture": "#0"},
				"up": {"uv": [5, 6.5, 5.2, 6.7], "texture": "#0"},
				"down": {"uv": [5, 6.5, 5.2, 6.7], "texture": "#0"}
			}
		},
		{
			"name": "Cube",
			"from": [7.9, 7.3, 7.95],
			"to": [8.1, 7.5, 8.05],
			"rotation": {"angle": 45, "axis": "z", "origin": [8, 7.2, 8.9]},
			"faces": {
				"north": {"uv": [5, 6.5, 5.2, 6.7], "texture": "#0"},
				"east": {"uv": [5, 6.5, 5.2, 6.7], "texture": "#0"},
				"south": {"uv": [5, 6.5, 5.2, 6.7], "texture": "#0"},
				"west": {"uv": [5, 6.5, 5.2, 6.7], "texture": "#0"},
				"up": {"uv": [5, 6.5, 5.2, 6.7], "texture": "#0"},
				"down": {"uv": [5, 6.5, 5.2, 6.7], "texture": "#0"}
			}
		},
		{
			"name": "Cube",
			"from": [7.8, 7.5, 7.9],
			"to": [8.2, 7.7, 8.1],
			"faces": {
				"north": {"uv": [5, 6.5, 5.2, 6.7], "texture": "#0"},
				"east": {"uv": [5, 6.5, 5.2, 6.7], "texture": "#0"},
				"south": {"uv": [5, 6.5, 5.2, 6.7], "texture": "#0"},
				"west": {"uv": [5, 6.5, 5.2, 6.7], "texture": "#0"},
				"up": {"uv": [5, 6.5, 5.2, 6.7], "texture": "#0"},
				"down": {"uv": [5, 6.5, 5.2, 6.7], "texture": "#0"}
			}
		},
		{
			"name": "Cube",
			"from": [7.8, 7.5, 7.9],
			"to": [8.2, 7.7, 8.1],
			"rotation": {"angle": 45, "axis": "z", "origin": [8, 7.2, 8]},
			"faces": {
				"north": {"uv": [5, 6.5, 5.2, 6.7], "texture": "#0"},
				"east": {"uv": [5, 6.5, 5.2, 6.7], "texture": "#0"},
				"south": {"uv": [5, 6.5, 5.2, 6.7], "texture": "#0"},
				"west": {"uv": [5, 6.5, 5.2, 6.7], "texture": "#0"},
				"up": {"uv": [5, 6.5, 5.2, 6.7], "texture": "#0"},
				"down": {"uv": [5, 6.5, 5.2, 6.7], "texture": "#0"}
			}
		},
		{
			"name": "Cube",
			"from": [7.8, 7.5, 7.9],
			"to": [8.2, 7.7, 8.1],
			"rotation": {"angle": -45, "axis": "z", "origin": [8, 7.2, 8]},
			"faces": {
				"north": {"uv": [5, 6.5, 5.2, 6.7], "texture": "#0"},
				"east": {"uv": [5, 6.5, 5.2, 6.7], "texture": "#0"},
				"south": {"uv": [5, 6.5, 5.2, 6.7], "texture": "#0"},
				"west": {"uv": [5, 6.5, 5.2, 6.7], "texture": "#0"},
				"up": {"uv": [5, 6.5, 5.2, 6.7], "texture": "#0"},
				"down": {"uv": [5, 6.5, 5.2, 6.7], "texture": "#0"}
			}
		},
		{
			"name": "Cube",
			"from": [7.8, 6.7, 7.9],
			"to": [8.2, 6.9, 8.1],
			"faces": {
				"north": {"uv": [5, 6.5, 5.2, 6.7], "texture": "#0"},
				"east": {"uv": [5, 6.5, 5.2, 6.7], "texture": "#0"},
				"south": {"uv": [5, 6.5, 5.2, 6.7], "texture": "#0"},
				"west": {"uv": [5, 6.5, 5.2, 6.7], "texture": "#0"},
				"up": {"uv": [5, 6.5, 5.2, 6.7], "texture": "#0"},
				"down": {"uv": [5, 6.5, 5.2, 6.7], "texture": "#0"}
			}
		},
		{
			"name": "Cube",
			"from": [7.8, 6.7, 7.9],
			"to": [8.2, 6.9, 8.1],
			"rotation": {"angle": -45, "axis": "z", "origin": [8, 7.2, 8]},
			"faces": {
				"north": {"uv": [5, 6.5, 5.2, 6.7], "texture": "#0"},
				"east": {"uv": [5, 6.5, 5.2, 6.7], "texture": "#0"},
				"south": {"uv": [5, 6.5, 5.2, 6.7], "texture": "#0"},
				"west": {"uv": [5, 6.5, 5.2, 6.7], "texture": "#0"},
				"up": {"uv": [5, 6.5, 5.2, 6.7], "texture": "#0"},
				"down": {"uv": [5, 6.5, 5.2, 6.7], "texture": "#0"}
			}
		},
		{
			"name": "Cube",
			"from": [7.8, 6.7, 7.9],
			"to": [8.2, 6.9, 8.1],
			"rotation": {"angle": 45, "axis": "z", "origin": [8, 7.2, 8]},
			"faces": {
				"north": {"uv": [5, 6.5, 5.2, 6.7], "texture": "#0"},
				"east": {"uv": [5, 6.5, 5.2, 6.7], "texture": "#0"},
				"south": {"uv": [5, 6.5, 5.2, 6.7], "texture": "#0"},
				"west": {"uv": [5, 6.5, 5.2, 6.7], "texture": "#0"},
				"up": {"uv": [5, 6.5, 5.2, 6.7], "texture": "#0"},
				"down": {"uv": [5, 6.5, 5.2, 6.7], "texture": "#0"}
			}
		},
		{
			"name": "Cube",
			"from": [8.3, 7, 7.9],
			"to": [8.5, 7.4, 8.1],
			"faces": {
				"north": {"uv": [5, 6.5, 5.2, 6.7], "texture": "#0"},
				"east": {"uv": [5, 6.5, 5.2, 6.7], "texture": "#0"},
				"south": {"uv": [5, 6.5, 5.2, 6.7], "texture": "#0"},
				"west": {"uv": [5, 6.5, 5.2, 6.7], "texture": "#0"},
				"up": {"uv": [5, 6.5, 5.2, 6.7], "texture": "#0"},
				"down": {"uv": [5, 6.5, 5.2, 6.7], "texture": "#0"}
			}
		},
		{
			"name": "Cube",
			"from": [7.5, 7, 7.9],
			"to": [7.7, 7.4, 8.1],
			"faces": {
				"north": {"uv": [5, 6.5, 5.2, 6.7], "texture": "#0"},
				"east": {"uv": [5, 6.5, 5.2, 6.7], "texture": "#0"},
				"south": {"uv": [5, 6.5, 5.2, 6.7], "texture": "#0"},
				"west": {"uv": [5, 6.5, 5.2, 6.7], "texture": "#0"},
				"up": {"uv": [5, 6.5, 5.2, 6.7], "texture": "#0"},
				"down": {"uv": [5, 6.5, 5.2, 6.7], "texture": "#0"}
			}
		}
	],
	"display": {
		"thirdperson_righthand": {
			"translation": [-1.25, 5, 1]
		},
		"thirdperson_lefthand": {
			"translation": [-1.25, 5, 1]
		},
		"firstperson_righthand": {
			"translation": [0.25, 5, 1]
		},
		"firstperson_lefthand": {
			"translation": [0.25, 5, 1]
		},
		"ground": {
			"rotation": [80, 0, 0],
			"translation": [0, 1, 0]
		},
		"gui": {
			"rotation": [0, 10, 45],
			"translation": [-7.5, 7.5, 6],
			"scale": [2.5, 2.5, 2.5]
		},
		"fixed": {
			"translation": [0, 8, 0],
			"scale": [2, 2, 2]
		}
	}
}