{
	"credit": "Made with Blockbench",
	"textures": {
		"0": "block/sonic4",
		"1": "block/gold_block",
		"2": "block/blue_stained_glass",
		"3": "block/cobblestone",
		"4": "block/lime_concrete_powder",
		"5": "block/white_stained_glass",
		"6": "block/light_gray_concrete_powder",
		"7": "block/red_stained_glass",
		"8": "block/orange_terracotta",
		"particle": "block/cobblestone"
	},
	"elements": [
		{
			"name": "Cube",
			"from": [7.6, 2.8, 7.4],
			"to": [8.4, 6, 8.6],
			"faces": {
				"north": {"uv": [12, 0, 16, 16], "texture": "#3"},
				"east": {"uv": [12, 0, 16, 16], "texture": "#3"},
				"south": {"uv": [12, 0, 16, 16], "texture": "#3"},
				"west": {"uv": [12, 0, 16, 16], "texture": "#3"},
				"up": {"uv": [12, 0, 16, 16], "texture": "#3"},
				"down": {"uv": [12, 0, 16, 16], "texture": "#3"}
			}
		},
		{
			"name": "Cube",
			"from": [7.39999, 2.8, 7.58742],
			"to": [8.59999, 6, 8.38742],
			"faces": {
				"north": {"uv": [12, 0, 16, 16], "texture": "#3"},
				"east": {"uv": [12, 0, 16, 16], "texture": "#3"},
				"south": {"uv": [12, 0, 16, 16], "texture": "#3"},
				"west": {"uv": [12, 0, 16, 16], "texture": "#3"},
				"up": {"uv": [12, 0, 16, 16], "rotation": 90, "texture": "#3"},
				"down": {"uv": [12, 0, 16, 16], "rotation": 270, "texture": "#3"}
			}
		},
		{
			"name": "Cube",
			"from": [7.5, 2.8, 7.5],
			"to": [8.5, 6, 8.5],
			"faces": {
				"north": {"uv": [12, 0, 16, 16], "texture": "#3"},
				"east": {"uv": [12, 0, 16, 16], "texture": "#3"},
				"south": {"uv": [12, 0, 16, 16], "texture": "#3"},
				"west": {"uv": [12, 0, 16, 16], "texture": "#3"},
				"up": {"uv": [12, 0, 16, 16], "texture": "#3"},
				"down": {"uv": [12, 0, 16, 16], "texture": "#3"}
			}
		},
		{
			"name": "Cube",
			"from": [7.5, 6, 7.5],
			"to": [7.6, 6.1, 8.5],
			"faces": {
				"north": {"uv": [1.294, 1.177, 14.883, 14.941], "rotation": 270, "texture": "#1"},
				"east": {"uv": [1.294, 1.177, 14.883, 14.941], "rotation": 270, "texture": "#1"},
				"south": {"uv": [1.294, 1.177, 14.883, 14.941], "rotation": 270, "texture": "#1"},
				"west": {"uv": [1.294, 1.177, 14.883, 14.941], "rotation": 270, "texture": "#1"},
				"up": {"uv": [1.294, 1.177, 14.883, 14.941], "rotation": 270, "texture": "#1"},
				"down": {"uv": [1.294, 1.177, 14.883, 14.941], "rotation": 270, "texture": "#1"}
			}
		},
		{
			"name": "Cube",
			"from": [8.4, 6, 7.5],
			"to": [8.5, 6.1, 8.5],
			"faces": {
				"north": {"uv": [1.294, 1.177, 14.883, 14.941], "rotation": 270, "texture": "#1"},
				"east": {"uv": [1.294, 1.177, 14.883, 14.941], "rotation": 270, "texture": "#1"},
				"south": {"uv": [1.294, 1.177, 14.883, 14.941], "rotation": 270, "texture": "#1"},
				"west": {"uv": [1.294, 1.177, 14.883, 14.941], "rotation": 270, "texture": "#1"},
				"up": {"uv": [1.294, 1.177, 14.883, 14.941], "rotation": 270, "texture": "#1"},
				"down": {"uv": [1.294, 1.177, 14.883, 14.941], "rotation": 270, "texture": "#1"}
			}
		},
		{
			"name": "Cube",
			"from": [7.59984, 6.4, 7.60017],
			"to": [8.39984, 6.6, 8.40017],
			"rotation": {"angle": -45, "axis": "y", "origin": [7.99984, 7.09444, 8.00017]},
			"faces": {
				"north": {"uv": [1.294, 1.177, 14.883, 14.941], "texture": "#1"},
				"east": {"uv": [1.294, 1.177, 14.883, 14.941], "texture": "#1"},
				"south": {"uv": [1.294, 1.177, 14.883, 14.941], "texture": "#1"},
				"west": {"uv": [1.294, 1.177, 14.883, 14.941], "texture": "#1"},
				"up": {"uv": [1.294, 1.177, 14.883, 14.941], "texture": "#1"},
				"down": {"uv": [1.294, 1.177, 14.883, 14.941], "texture": "#1"}
			}
		},
		{
			"name": "Cube",
			"from": [7.59984, 7.4, 7.60017],
			"to": [8.39984, 7.7, 8.40017],
			"rotation": {"angle": -45, "axis": "y", "origin": [7.99984, 7.09444, 8.00017]},
			"faces": {
				"north": {"uv": [0, 0, 16, 16], "texture": "#1"},
				"east": {"uv": [0, 0, 16, 16], "texture": "#1"},
				"south": {"uv": [0, 0, 16, 16], "texture": "#1"},
				"west": {"uv": [0, 0, 16, 16], "texture": "#1"},
				"up": {"uv": [0, 0, 16, 16], "texture": "#1"},
				"down": {"uv": [0, 0, 16, 16], "texture": "#1"}
			}
		},
		{
			"name": "Cube",
			"from": [7.49984, 6.5, 7.50017],
			"to": [7.79984, 7.3, 7.80017],
			"rotation": {"angle": -45, "axis": "y", "origin": [7.99984, 7.09444, 8.00017]},
			"faces": {
				"north": {"uv": [1.294, 1.177, 14.883, 14.941], "texture": "#1"},
				"east": {"uv": [1.294, 1.177, 14.883, 14.941], "texture": "#1"},
				"south": {"uv": [1.294, 1.177, 14.883, 14.941], "texture": "#1"},
				"west": {"uv": [1.294, 1.177, 14.883, 14.941], "texture": "#1"},
				"up": {"uv": [1.294, 1.177, 14.883, 14.941], "texture": "#1"},
				"down": {"uv": [1.294, 1.177, 14.883, 14.941], "texture": "#1"}
			}
		},
		{
			"name": "Cube",
			"from": [7.49984, 6.5, 8.20017],
			"to": [7.79984, 7.3, 8.50017],
			"rotation": {"angle": -45, "axis": "y", "origin": [7.99984, 7.09444, 8.00017]},
			"faces": {
				"north": {"uv": [1.294, 1.177, 14.883, 14.941], "texture": "#1"},
				"east": {"uv": [1.294, 1.177, 14.883, 14.941], "texture": "#1"},
				"south": {"uv": [1.294, 1.177, 14.883, 14.941], "texture": "#1"},
				"west": {"uv": [1.294, 1.177, 14.883, 14.941], "texture": "#1"},
				"up": {"uv": [1.294, 1.177, 14.883, 14.941], "texture": "#1"},
				"down": {"uv": [1.294, 1.177, 14.883, 14.941], "texture": "#1"}
			}
		},
		{
			"name": "Cube",
			"from": [8.19984, 6.5, 8.20017],
			"to": [8.49984, 7.3, 8.50017],
			"rotation": {"angle": -45, "axis": "y", "origin": [7.99984, 7.09444, 8.00017]},
			"faces": {
				"north": {"uv": [1.294, 1.177, 14.883, 14.941], "texture": "#1"},
				"east": {"uv": [1.294, 1.177, 14.883, 14.941], "texture": "#1"},
				"south": {"uv": [1.294, 1.177, 14.883, 14.941], "texture": "#1"},
				"west": {"uv": [1.294, 1.177, 14.883, 14.941], "texture": "#1"},
				"up": {"uv": [1.294, 1.177, 14.883, 14.941], "texture": "#1"},
				"down": {"uv": [1.294, 1.177, 14.883, 14.941], "texture": "#1"}
			}
		},
		{
			"name": "Cube",
			"from": [8.19984, 6.5, 7.50017],
			"to": [8.49984, 7.3, 7.80017],
			"rotation": {"angle": -45, "axis": "y", "origin": [7.99984, 7.09444, 8.00017]},
			"faces": {
				"north": {"uv": [1.294, 1.177, 14.883, 14.941], "texture": "#1"},
				"east": {"uv": [1.294, 1.177, 14.883, 14.941], "texture": "#1"},
				"south": {"uv": [1.294, 1.177, 14.883, 14.941], "texture": "#1"},
				"west": {"uv": [1.294, 1.177, 14.883, 14.941], "texture": "#1"},
				"up": {"uv": [1.294, 1.177, 14.883, 14.941], "texture": "#1"},
				"down": {"uv": [1.294, 1.177, 14.883, 14.941], "texture": "#1"}
			}
		},
		{
			"name": "Cube",
			"from": [7.59984, 7.7, 7.60017],
			"to": [8.39984, 7.8, 8.40017],
			"rotation": {"angle": -45, "axis": "y", "origin": [7.99984, 7.09444, 8.00017]},
			"faces": {
				"north": {"uv": [11, 4, 13, 5], "texture": "#2"},
				"east": {"uv": [9, 9, 11, 10], "texture": "#2"},
				"south": {"uv": [13, 3, 15, 4], "texture": "#2"},
				"west": {"uv": [9, 3, 11, 4], "texture": "#2"},
				"up": {"uv": [13, 3, 13, 5], "texture": "#2"},
				"down": {"uv": [13, 2, 14, 3], "texture": "#2"}
			}
		},
		{
			"name": "Cube",
			"from": [7.69984, 7.8, 7.70017],
			"to": [8.29984, 7.9, 8.30017],
			"rotation": {"angle": -45, "axis": "y", "origin": [7.99984, 7.09444, 8.00017]},
			"faces": {
				"north": {"uv": [11, 4, 13, 5], "texture": "#2"},
				"east": {"uv": [9, 9, 11, 10], "texture": "#2"},
				"south": {"uv": [13, 3, 15, 4], "texture": "#2"},
				"west": {"uv": [9, 3, 11, 4], "texture": "#2"},
				"up": {"uv": [13, 3, 13, 5], "texture": "#2"},
				"down": {"uv": [13, 2, 14, 3], "texture": "#2"}
			}
		},
		{
			"name": "Cube",
			"from": [7.6, 0.9, 7.6],
			"to": [8.4, 2, 8.4],
			"faces": {
				"north": {"uv": [3.5, 13, 16, 14.5], "texture": "#0"},
				"east": {"uv": [3.5, 13, 16, 14.5], "texture": "#0"},
				"south": {"uv": [3.5, 13, 16, 14.5], "texture": "#0"},
				"west": {"uv": [3.5, 13, 16, 14.5], "texture": "#0"},
				"up": {"uv": [3.5, 13, 16, 14.5], "texture": "#0"},
				"down": {"uv": [3.5, 13, 16, 14.5], "texture": "#0"}
			}
		},
		{
			"name": "Cube",
			"from": [7.7, 0.9, 7.5],
			"to": [8.3, 2, 8.5],
			"faces": {
				"north": {"uv": [3.5, 13, 16, 14.5], "texture": "#0"},
				"east": {"uv": [3.5, 13, 16, 14.5], "texture": "#0"},
				"south": {"uv": [3.5, 13, 16, 14.5], "texture": "#0"},
				"west": {"uv": [3.5, 13, 16, 14.5], "texture": "#0"},
				"up": {"uv": [3.5, 13, 16, 14.5], "texture": "#0"},
				"down": {"uv": [3.5, 13, 16, 14.5], "texture": "#0"}
			}
		},
		{
			"name": "Cube",
			"from": [7.49998, 0.9, 7.67712],
			"to": [8.49998, 2, 8.27712],
			"faces": {
				"north": {"uv": [3.5, 13, 16, 14.5], "texture": "#0"},
				"east": {"uv": [3.5, 13, 16, 14.5], "texture": "#0"},
				"south": {"uv": [3.5, 13, 16, 14.5], "texture": "#0"},
				"west": {"uv": [3.5, 13, 16, 14.5], "texture": "#0"},
				"up": {"uv": [3.5, 13, 16, 14.5], "rotation": 90, "texture": "#0"},
				"down": {"uv": [3.5, 13, 16, 14.5], "rotation": 270, "texture": "#0"}
			}
		},
		{
			"name": "Cube",
			"from": [7.5, 1.3, 7.5],
			"to": [8.5, 1.8, 8.5],
			"faces": {
				"north": {"uv": [1.53, 1.353, 14.589, 14.53], "texture": "#1"},
				"east": {"uv": [1.53, 1.353, 14.589, 14.53], "texture": "#1"},
				"south": {"uv": [1.53, 1.353, 14.589, 14.53], "texture": "#1"},
				"west": {"uv": [1.53, 1.353, 14.589, 14.53], "texture": "#1"},
				"up": {"uv": [1.53, 1.353, 14.589, 14.53], "texture": "#1"},
				"down": {"uv": [1.53, 1.353, 14.589, 14.53], "texture": "#1"}
			}
		},
		{
			"name": "Cube",
			"from": [7.6, 1.3, 7.4],
			"to": [8.4, 1.8, 7.5],
			"faces": {
				"north": {"uv": [0, 0, 16, 16], "texture": "#1"},
				"east": {"uv": [0, 0, 16, 16], "texture": "#1"},
				"south": {"uv": [0, 0, 16, 16], "texture": "#1"},
				"west": {"uv": [0, 0, 16, 16], "texture": "#1"},
				"up": {"uv": [0, 0, 16, 16], "texture": "#1"},
				"down": {"uv": [0, 0, 16, 16], "texture": "#1"}
			}
		},
		{
			"name": "Cube",
			"from": [7.6, 1, 7.4],
			"to": [8.4, 1.2, 7.5],
			"faces": {
				"north": {"uv": [0, 0, 16, 16], "texture": "#1"},
				"east": {"uv": [0, 0, 16, 16], "texture": "#1"},
				"south": {"uv": [0, 0, 16, 16], "texture": "#1"},
				"west": {"uv": [0, 0, 16, 16], "texture": "#1"},
				"up": {"uv": [0, 0, 16, 16], "texture": "#1"},
				"down": {"uv": [0, 0, 16, 16], "texture": "#1"}
			}
		},
		{
			"name": "Cube",
			"from": [7.42253, 1.3, 7.59998],
			"to": [7.52253, 1.8, 8.39998],
			"faces": {
				"north": {"uv": [1.53, 1.353, 14.589, 14.53], "texture": "#1"},
				"east": {"uv": [1.53, 1.353, 14.589, 14.53], "texture": "#1"},
				"south": {"uv": [1.53, 1.353, 14.589, 14.53], "texture": "#1"},
				"west": {"uv": [1.53, 1.353, 14.589, 14.53], "texture": "#1"},
				"up": {"uv": [1.53, 1.353, 14.589, 14.53], "texture": "#1"},
				"down": {"uv": [1.53, 1.353, 14.589, 14.53], "texture": "#1"}
			}
		},
		{
			"name": "Cube",
			"from": [7.42253, 1, 7.59998],
			"to": [7.52253, 1.2, 8.39998],
			"faces": {
				"north": {"uv": [1.53, 1.353, 14.589, 14.53], "texture": "#1"},
				"east": {"uv": [1.53, 1.353, 14.589, 14.53], "texture": "#1"},
				"south": {"uv": [1.53, 1.353, 14.589, 14.53], "texture": "#1"},
				"west": {"uv": [1.53, 1.353, 14.589, 14.53], "texture": "#1"},
				"up": {"uv": [1.53, 1.353, 14.589, 14.53], "texture": "#1"},
				"down": {"uv": [1.53, 1.353, 14.589, 14.53], "texture": "#1"}
			}
		},
		{
			"name": "Cube",
			"from": [7.6, 1.3, 8.5],
			"to": [8.4, 1.8, 8.6],
			"faces": {
				"north": {"uv": [1.53, 1.353, 14.589, 14.53], "texture": "#1"},
				"east": {"uv": [1.53, 1.353, 14.589, 14.53], "texture": "#1"},
				"south": {"uv": [1.53, 1.353, 14.589, 14.53], "texture": "#1"},
				"west": {"uv": [1.53, 1.353, 14.589, 14.53], "texture": "#1"},
				"up": {"uv": [1.53, 1.353, 14.589, 14.53], "texture": "#1"},
				"down": {"uv": [1.53, 1.353, 14.589, 14.53], "texture": "#1"}
			}
		},
		{
			"name": "Cube",
			"from": [7.6, 1, 8.5],
			"to": [8.4, 1.2, 8.6],
			"faces": {
				"north": {"uv": [1.53, 1.353, 14.589, 14.53], "texture": "#1"},
				"east": {"uv": [1.53, 1.353, 14.589, 14.53], "texture": "#1"},
				"south": {"uv": [1.53, 1.353, 14.589, 14.53], "texture": "#1"},
				"west": {"uv": [1.53, 1.353, 14.589, 14.53], "texture": "#1"},
				"up": {"uv": [1.53, 1.353, 14.589, 14.53], "texture": "#1"},
				"down": {"uv": [1.53, 1.353, 14.589, 14.53], "texture": "#1"}
			}
		},
		{
			"name": "Cube",
			"from": [8.5, 1.3, 7.59998],
			"to": [8.6, 1.8, 8.39998],
			"faces": {
				"north": {"uv": [0, 0, 16, 16], "texture": "#1"},
				"east": {"uv": [0, 0, 16, 16], "texture": "#1"},
				"south": {"uv": [0, 0, 16, 16], "texture": "#1"},
				"west": {"uv": [0, 0, 16, 16], "texture": "#1"},
				"up": {"uv": [0, 0, 16, 16], "rotation": 270, "texture": "#1"},
				"down": {"uv": [0, 0, 16, 16], "rotation": 90, "texture": "#1"}
			}
		},
		{
			"name": "Cube",
			"from": [8.5, 1, 7.59998],
			"to": [8.6, 1.2, 8.39998],
			"faces": {
				"north": {"uv": [0, 0, 16, 16], "texture": "#1"},
				"east": {"uv": [0, 0, 16, 16], "texture": "#1"},
				"south": {"uv": [0, 0, 16, 16], "texture": "#1"},
				"west": {"uv": [0, 0, 16, 16], "texture": "#1"},
				"up": {"uv": [0, 0, 16, 16], "rotation": 270, "texture": "#1"},
				"down": {"uv": [0, 0, 16, 16], "rotation": 90, "texture": "#1"}
			}
		},
		{
			"name": "Cube",
			"from": [7.5, -0.9, 7.5],
			"to": [8.5, -0.2, 8.5],
			"faces": {
				"north": {"uv": [0, 12, 8, 15], "texture": "#0"},
				"east": {"uv": [0, 12, 8, 15], "texture": "#0"},
				"south": {"uv": [0, 12, 8, 15], "texture": "#0"},
				"west": {"uv": [0, 12, 8, 15], "texture": "#0"},
				"up": {"uv": [0, 12, 8, 15], "texture": "#0"},
				"down": {"uv": [0, 12, 8, 15], "texture": "#0"}
			}
		},
		{
			"name": "Cube",
			"from": [7.6, -0.3, 7.6],
			"to": [8.4, 0.9, 8.4],
			"faces": {
				"north": {"uv": [0, 12, 8, 15], "texture": "#0"},
				"east": {"uv": [0, 12, 8, 15], "texture": "#0"},
				"south": {"uv": [0, 12, 8, 15], "texture": "#0"},
				"west": {"uv": [0, 12, 8, 15], "texture": "#0"},
				"up": {"uv": [0, 12, 8, 15], "texture": "#0"},
				"down": {"uv": [0, 12, 8, 15], "texture": "#0"}
			}
		},
		{
			"name": "Cube",
			"from": [8.5, -0.8, 7.7],
			"to": [8.6, 0.3, 8.3],
			"faces": {
				"north": {"uv": [0, 12, 8, 15], "texture": "#0"},
				"east": {"uv": [0, 12, 8, 15], "texture": "#0"},
				"south": {"uv": [0, 12, 8, 15], "texture": "#0"},
				"west": {"uv": [0, 12, 8, 15], "texture": "#0"},
				"up": {"uv": [0, 12, 8, 15], "texture": "#0"},
				"down": {"uv": [0, 12, 8, 15], "texture": "#0"}
			}
		},
		{
			"name": "Cube",
			"from": [7.4, -0.8, 7.7],
			"to": [7.5, 0.3, 8.3],
			"faces": {
				"north": {"uv": [0, 12, 8, 15], "texture": "#0"},
				"east": {"uv": [0, 12, 8, 15], "texture": "#0"},
				"south": {"uv": [0, 12, 8, 15], "texture": "#0"},
				"west": {"uv": [0, 12, 8, 15], "texture": "#0"},
				"up": {"uv": [0, 12, 8, 15], "texture": "#0"},
				"down": {"uv": [0, 12, 8, 15], "texture": "#0"}
			}
		},
		{
			"name": "Cube",
			"from": [7.7, -0.8, 7.4],
			"to": [8.3, 0.3, 7.5],
			"faces": {
				"north": {"uv": [0, 12, 8, 15], "texture": "#0"},
				"east": {"uv": [0, 12, 8, 15], "texture": "#0"},
				"south": {"uv": [0, 12, 8, 15], "texture": "#0"},
				"west": {"uv": [0, 12, 8, 15], "texture": "#0"},
				"up": {"uv": [0, 12, 8, 15], "texture": "#0"},
				"down": {"uv": [0, 12, 8, 15], "texture": "#0"}
			}
		},
		{
			"name": "Cube",
			"from": [7.7, -0.8, 8.5],
			"to": [8.3, 0.3, 8.6],
			"faces": {
				"north": {"uv": [0, 12, 8, 15], "texture": "#0"},
				"east": {"uv": [0, 12, 8, 15], "texture": "#0"},
				"south": {"uv": [0, 12, 8, 15], "texture": "#0"},
				"west": {"uv": [0, 12, 8, 15], "texture": "#0"},
				"up": {"uv": [0, 12, 8, 15], "texture": "#0"},
				"down": {"uv": [0, 12, 8, 15], "texture": "#0"}
			}
		},
		{
			"name": "Cube",
			"from": [7.6, -1, 7.6],
			"to": [8.4, 0.1, 8.4],
			"faces": {
				"north": {"uv": [0, 12, 8, 15], "texture": "#0"},
				"east": {"uv": [0, 12, 8, 15], "texture": "#0"},
				"south": {"uv": [0, 12, 8, 15], "texture": "#0"},
				"west": {"uv": [0, 12, 8, 15], "texture": "#0"},
				"up": {"uv": [0, 12, 8, 15], "texture": "#0"},
				"down": {"uv": [0, 12, 8, 15], "texture": "#0"}
			}
		},
		{
			"name": "Cube",
			"from": [7.5, -0.3, 7.7],
			"to": [8.5, 0.9, 8.3],
			"faces": {
				"north": {"uv": [0, 12, 8, 15], "texture": "#0"},
				"east": {"uv": [0, 12, 8, 15], "texture": "#0"},
				"south": {"uv": [0, 12, 8, 15], "texture": "#0"},
				"west": {"uv": [0, 12, 8, 15], "texture": "#0"},
				"up": {"uv": [0, 12, 8, 15], "texture": "#0"},
				"down": {"uv": [0, 12, 8, 15], "texture": "#0"}
			}
		},
		{
			"name": "Cube",
			"from": [7.7, -0.3, 7.5],
			"to": [8.3, 0.9, 8.5],
			"faces": {
				"north": {"uv": [0, 12, 8, 15], "texture": "#0"},
				"east": {"uv": [0, 12, 8, 15], "texture": "#0"},
				"south": {"uv": [0, 12, 8, 15], "texture": "#0"},
				"west": {"uv": [0, 12, 8, 15], "texture": "#0"},
				"up": {"uv": [0, 12, 8, 15], "rotation": 90, "texture": "#0"},
				"down": {"uv": [0, 12, 8, 15], "rotation": 270, "texture": "#0"}
			}
		},
		{
			"name": "Cube",
			"from": [7.6, 0.6, 7.6],
			"to": [8.4, 0.7, 8.4],
			"rotation": {"angle": -45, "axis": "y", "origin": [8, 0.35, 8]},
			"faces": {
				"north": {"uv": [1.53, 1.353, 14.589, 14.53], "texture": "#1"},
				"east": {"uv": [1.53, 1.353, 14.589, 14.53], "texture": "#1"},
				"south": {"uv": [1.53, 1.353, 14.589, 14.53], "texture": "#1"},
				"west": {"uv": [1.53, 1.353, 14.589, 14.53], "texture": "#1"},
				"up": {"uv": [1.53, 1.353, 14.589, 14.53], "texture": "#1"},
				"down": {"uv": [1.53, 1.353, 14.589, 14.53], "texture": "#1"}
			}
		},
		{
			"name": "Cube",
			"from": [7.8, 4.9, 8.5],
			"to": [8.2, 5.5, 9],
			"faces": {
				"north": {"uv": [3, 3, 11, 10], "texture": "#1"},
				"east": {"uv": [3, 3, 11, 10], "texture": "#1"},
				"south": {"uv": [3, 3, 11, 10], "texture": "#1"},
				"west": {"uv": [3, 3, 11, 10], "texture": "#1"},
				"up": {"uv": [3, 3, 11, 10], "texture": "#1"},
				"down": {"uv": [3, 3, 11, 10], "texture": "#1"}
			}
		},
		{
			"name": "Cube",
			"from": [7.8, 5.4, 8.3],
			"to": [8.2, 5.9, 9.3],
			"rotation": {"angle": 45, "axis": "x", "origin": [8, 5.75, 8.65]},
			"faces": {
				"north": {"uv": [4, 4, 11, 13], "rotation": 270, "texture": "#1"},
				"east": {"uv": [4, 4, 11, 13], "rotation": 270, "texture": "#1"},
				"south": {"uv": [4, 4, 11, 13], "rotation": 270, "texture": "#1"},
				"west": {"uv": [4, 4, 11, 13], "rotation": 270, "texture": "#1"},
				"up": {"uv": [4, 4, 11, 13], "rotation": 270, "texture": "#1"},
				"down": {"uv": [4, 4, 11, 13], "rotation": 270, "texture": "#1"}
			}
		},
		{
			"name": "Cube",
			"from": [7.9, 1.4, 8.5],
			"to": [8.2, 1.7, 8.9],
			"faces": {
				"north": {"uv": [11, 4, 12, 7], "texture": "#1"},
				"east": {"uv": [9, 9, 10, 12], "texture": "#1"},
				"south": {"uv": [13, 3, 14, 6], "texture": "#1"},
				"west": {"uv": [9, 3, 9, 6], "texture": "#1"},
				"up": {"uv": [13, 3, 14, 3], "texture": "#1"},
				"down": {"uv": [13, 2, 14, 3], "texture": "#1"}
			}
		},
		{
			"name": "Cube",
			"from": [7.5, 2, 7.5],
			"to": [8.5, 2.3, 8.5],
			"faces": {
				"north": {"uv": [7, 13, 11, 15], "texture": "#3"},
				"east": {"uv": [7, 13, 11, 15], "texture": "#3"},
				"south": {"uv": [7, 13, 11, 15], "texture": "#3"},
				"west": {"uv": [7, 13, 11, 15], "texture": "#3"},
				"up": {"uv": [7, 13, 11, 15], "texture": "#3"},
				"down": {"uv": [7, 13, 11, 15], "texture": "#3"}
			}
		},
		{
			"name": "Cube",
			"from": [7.6, 2.4, 7.4],
			"to": [8.4, 2.7, 8.6],
			"faces": {
				"north": {"uv": [12, 11, 16, 12], "texture": "#3"},
				"east": {"uv": [12, 11, 16, 12], "texture": "#3"},
				"south": {"uv": [12, 11, 16, 12], "texture": "#3"},
				"west": {"uv": [12, 11, 16, 12], "texture": "#3"},
				"up": {"uv": [12, 11, 16, 12], "texture": "#3"},
				"down": {"uv": [12, 11, 16, 12], "texture": "#3"}
			}
		},
		{
			"name": "Cube",
			"from": [7.6, 2, 7.4],
			"to": [8.4, 2.3, 8.6],
			"faces": {
				"north": {"uv": [12, 11, 16, 12], "texture": "#3"},
				"east": {"uv": [12, 11, 16, 12], "texture": "#3"},
				"south": {"uv": [12, 11, 16, 12], "texture": "#3"},
				"west": {"uv": [12, 11, 16, 12], "texture": "#3"},
				"up": {"uv": [12, 11, 16, 12], "texture": "#3"},
				"down": {"uv": [12, 11, 16, 12], "texture": "#3"}
			}
		},
		{
			"name": "Cube",
			"from": [7.39998, 2.4, 7.58096],
			"to": [8.59998, 2.7, 8.38096],
			"faces": {
				"north": {"uv": [12, 11, 16, 12], "texture": "#3"},
				"east": {"uv": [12, 11, 16, 12], "texture": "#3"},
				"south": {"uv": [12, 11, 16, 12], "texture": "#3"},
				"west": {"uv": [12, 11, 16, 12], "texture": "#3"},
				"up": {"uv": [12, 11, 16, 12], "rotation": 90, "texture": "#3"},
				"down": {"uv": [12, 11, 16, 12], "rotation": 270, "texture": "#3"}
			}
		},
		{
			"name": "Cube",
			"from": [7.39998, 2, 7.58096],
			"to": [8.59998, 2.3, 8.38096],
			"faces": {
				"north": {"uv": [12, 11, 16, 12], "texture": "#3"},
				"east": {"uv": [12, 11, 16, 12], "texture": "#3"},
				"south": {"uv": [12, 11, 16, 12], "texture": "#3"},
				"west": {"uv": [12, 11, 16, 12], "texture": "#3"},
				"up": {"uv": [12, 11, 16, 12], "rotation": 90, "texture": "#3"},
				"down": {"uv": [12, 11, 16, 12], "rotation": 270, "texture": "#3"}
			}
		},
		{
			"name": "Cube",
			"from": [7.5, 2.4, 7.5],
			"to": [8.5, 2.7, 8.5],
			"faces": {
				"north": {"uv": [12, 11, 16, 12], "texture": "#3"},
				"east": {"uv": [12, 11, 16, 12], "texture": "#3"},
				"south": {"uv": [12, 11, 16, 12], "texture": "#3"},
				"west": {"uv": [12, 11, 16, 12], "texture": "#3"},
				"up": {"uv": [12, 11, 16, 12], "texture": "#3"},
				"down": {"uv": [12, 11, 16, 12], "texture": "#3"}
			}
		},
		{
			"name": "Cube",
			"from": [7.6, 2, 7.6],
			"to": [8.4, 4, 8.4],
			"faces": {
				"north": {"uv": [12, 11, 16, 12], "texture": "#3"},
				"east": {"uv": [12, 11, 16, 12], "texture": "#3"},
				"south": {"uv": [6, 0, 8, 16], "texture": "#3"},
				"west": {"uv": [12, 11, 16, 12], "texture": "#3"},
				"up": {"uv": [12, 11, 16, 12], "texture": "#3"},
				"down": {"uv": [12, 11, 16, 12], "texture": "#3"}
			}
		},
		{
			"name": "Cube",
			"from": [7.5, 2, 7.7],
			"to": [8.5, 4, 8.3],
			"faces": {
				"north": {"uv": [12, 11, 16, 12], "texture": "#3"},
				"east": {"uv": [12, 11, 16, 12], "texture": "#3"},
				"south": {"uv": [6, 0, 8, 16], "texture": "#3"},
				"west": {"uv": [12, 11, 16, 12], "texture": "#3"},
				"up": {"uv": [12, 11, 16, 12], "texture": "#3"},
				"down": {"uv": [12, 11, 16, 12], "texture": "#3"}
			}
		},
		{
			"name": "Cube",
			"from": [7.69998, 2, 7.48253],
			"to": [8.29998, 4, 8.48253],
			"faces": {
				"north": {"uv": [12, 11, 16, 12], "texture": "#3"},
				"east": {"uv": [12, 11, 16, 12], "texture": "#3"},
				"south": {"uv": [12, 11, 16, 12], "texture": "#3"},
				"west": {"uv": [6, 0, 8, 16], "texture": "#3"},
				"up": {"uv": [12, 11, 16, 12], "rotation": 90, "texture": "#3"},
				"down": {"uv": [12, 11, 16, 12], "rotation": 270, "texture": "#3"}
			}
		},
		{
			"name": "Cube",
			"from": [7.3, 3.3, 7.9],
			"to": [8.7, 3.5, 8.1],
			"faces": {
				"north": {"uv": [11, 4, 12, 7], "texture": "#1"},
				"east": {"uv": [9, 9, 10, 12], "texture": "#4"},
				"south": {"uv": [13, 3, 14, 6], "texture": "#1"},
				"west": {"uv": [9, 3, 9, 6], "texture": "#4"},
				"up": {"uv": [13, 3, 14, 3], "texture": "#1"},
				"down": {"uv": [13, 2, 14, 3], "texture": "#1"}
			}
		},
		{
			"name": "Cube",
			"from": [7.8, 2.4, 8.7],
			"to": [8.2, 3, 9.1],
			"faces": {
				"north": {"uv": [14.5, 1.5, 15.5, 2.5], "texture": "#0"},
				"east": {"uv": [14.5, 1.5, 15.5, 2.5], "texture": "#0"},
				"south": {"uv": [14.5, 1.5, 15.5, 2.5], "texture": "#0"},
				"west": {"uv": [14.5, 1.5, 15.5, 2.5], "texture": "#0"},
				"up": {"uv": [14.5, 1.5, 15.5, 2.5], "texture": "#0"},
				"down": {"uv": [14.5, 1.5, 15.5, 2.5], "texture": "#0"}
			}
		},
		{
			"name": "Cube",
			"from": [7.9, 2.8, 8.8],
			"to": [8.1, 4.9, 9],
			"faces": {
				"north": {"uv": [0, 12, 1, 16], "texture": "#5"},
				"east": {"uv": [0, 12, 1, 16], "texture": "#5"},
				"south": {"uv": [0, 12, 1, 16], "texture": "#5"},
				"west": {"uv": [0, 12, 1, 16], "texture": "#5"},
				"up": {"uv": [0, 12, 1, 16], "texture": "#5"},
				"down": {"uv": [0, 12, 1, 16], "texture": "#5"}
			}
		},
		{
			"name": "Cube",
			"from": [7.8, 1.8, 8.7],
			"to": [8.2, 2.4, 9.1],
			"faces": {
				"north": {"uv": [1.53, 1.353, 14.589, 14.53], "texture": "#1"},
				"east": {"uv": [1.53, 1.353, 14.589, 14.53], "texture": "#1"},
				"south": {"uv": [1.53, 1.353, 14.589, 14.53], "texture": "#1"},
				"west": {"uv": [1.53, 1.353, 14.589, 14.53], "texture": "#1"},
				"up": {"uv": [1.53, 1.353, 14.589, 14.53], "texture": "#1"},
				"down": {"uv": [1.53, 1.353, 14.589, 14.53], "texture": "#1"}
			}
		},
		{
			"name": "Cube",
			"from": [7.8, 2, 9],
			"to": [8.2, 2.2, 10],
			"faces": {
				"north": {"uv": [1.53, 1.353, 14.589, 14.53], "texture": "#1"},
				"east": {"uv": [1.53, 1.353, 14.589, 14.53], "texture": "#1"},
				"south": {"uv": [1.53, 1.353, 14.589, 14.53], "texture": "#1"},
				"west": {"uv": [1.53, 1.353, 14.589, 14.53], "texture": "#1"},
				"up": {"uv": [1.53, 1.353, 14.589, 14.53], "texture": "#1"},
				"down": {"uv": [1.53, 1.353, 14.589, 14.53], "texture": "#1"}
			}
		},
		{
			"name": "Cube",
			"from": [7.8, 1.8, 9.9],
			"to": [8.2, 2.1, 10.2],
			"faces": {
				"north": {"uv": [1.53, 1.353, 14.589, 14.53], "texture": "#1"},
				"east": {"uv": [1.53, 1.353, 14.589, 14.53], "texture": "#1"},
				"south": {"uv": [1.53, 1.353, 14.589, 14.53], "texture": "#1"},
				"west": {"uv": [1.53, 1.353, 14.589, 14.53], "texture": "#1"},
				"up": {"uv": [1.53, 1.353, 14.589, 14.53], "texture": "#1"},
				"down": {"uv": [1.53, 1.353, 14.589, 14.53], "texture": "#1"}
			}
		},
		{
			"name": "Cube",
			"from": [7.8, 0.9, 10.1],
			"to": [8.2, 1.9, 10.3],
			"faces": {
				"north": {"uv": [1.53, 1.353, 14.589, 14.53], "texture": "#1"},
				"east": {"uv": [1.53, 1.353, 14.589, 14.53], "texture": "#1"},
				"south": {"uv": [1.53, 1.353, 14.589, 14.53], "texture": "#1"},
				"west": {"uv": [1.53, 1.353, 14.589, 14.53], "texture": "#1"},
				"up": {"uv": [1.53, 1.353, 14.589, 14.53], "texture": "#1"},
				"down": {"uv": [1.53, 1.353, 14.589, 14.53], "texture": "#1"}
			}
		},
		{
			"name": "Cube",
			"from": [7.8, 0.7, 9.9],
			"to": [8.2, 1, 10.2],
			"faces": {
				"north": {"uv": [1.53, 1.353, 14.589, 14.53], "texture": "#1"},
				"east": {"uv": [1.53, 1.353, 14.589, 14.53], "texture": "#1"},
				"south": {"uv": [1.53, 1.353, 14.589, 14.53], "texture": "#1"},
				"west": {"uv": [1.53, 1.353, 14.589, 14.53], "texture": "#1"},
				"up": {"uv": [1.53, 1.353, 14.589, 14.53], "texture": "#1"},
				"down": {"uv": [1.53, 1.353, 14.589, 14.53], "texture": "#1"}
			}
		},
		{
			"name": "Cube",
			"from": [7.8, 0.2, 9.4],
			"to": [8.2, 0.6, 9.5],
			"faces": {
				"north": {"uv": [1.53, 1.353, 14.589, 14.53], "texture": "#1"},
				"east": {"uv": [1.53, 1.353, 14.589, 14.53], "texture": "#1"},
				"south": {"uv": [1.53, 1.353, 14.589, 14.53], "texture": "#1"},
				"west": {"uv": [1.53, 1.353, 14.589, 14.53], "texture": "#1"},
				"up": {"uv": [1.53, 1.353, 14.589, 14.53], "texture": "#1"},
				"down": {"uv": [1.53, 1.353, 14.589, 14.53], "texture": "#1"}
			}
		},
		{
			"name": "Cube",
			"from": [7.8, 0.6, 9],
			"to": [8.2, 0.7, 9.1],
			"faces": {
				"north": {"uv": [1.53, 1.353, 14.589, 14.53], "texture": "#1"},
				"east": {"uv": [1.53, 1.353, 14.589, 14.53], "texture": "#1"},
				"south": {"uv": [1.53, 1.353, 14.589, 14.53], "texture": "#1"},
				"west": {"uv": [1.53, 1.353, 14.589, 14.53], "texture": "#1"},
				"up": {"uv": [1.53, 1.353, 14.589, 14.53], "texture": "#1"},
				"down": {"uv": [1.53, 1.353, 14.589, 14.53], "texture": "#1"}
			}
		},
		{
			"name": "Cube",
			"from": [7.8, 0.7, 8.8],
			"to": [8.2, 1, 9.1],
			"faces": {
				"north": {"uv": [1.53, 1.353, 14.589, 14.53], "texture": "#1"},
				"east": {"uv": [1.53, 1.353, 14.589, 14.53], "texture": "#1"},
				"south": {"uv": [1.53, 1.353, 14.589, 14.53], "texture": "#1"},
				"west": {"uv": [1.53, 1.353, 14.589, 14.53], "texture": "#1"},
				"up": {"uv": [1.53, 1.353, 14.589, 14.53], "texture": "#1"},
				"down": {"uv": [1.53, 1.353, 14.589, 14.53], "texture": "#1"}
			}
		},
		{
			"name": "Cube",
			"from": [7.8, 0.8, 8.7],
			"to": [8.2, 1.9, 8.9],
			"faces": {
				"north": {"uv": [1.53, 1.353, 14.589, 14.53], "texture": "#1"},
				"east": {"uv": [1.53, 1.353, 14.589, 14.53], "texture": "#1"},
				"south": {"uv": [1.53, 1.353, 14.589, 14.53], "texture": "#1"},
				"west": {"uv": [1.53, 1.353, 14.589, 14.53], "texture": "#1"},
				"up": {"uv": [1.53, 1.353, 14.589, 14.53], "texture": "#1"},
				"down": {"uv": [1.53, 1.353, 14.589, 14.53], "texture": "#1"}
			}
		},
		{
			"name": "Cube",
			"from": [7.8, 0.2, 8.9],
			"to": [8.2, 0.6, 9],
			"faces": {
				"north": {"uv": [1.53, 1.353, 14.589, 14.53], "texture": "#1"},
				"east": {"uv": [1.53, 1.353, 14.589, 14.53], "texture": "#1"},
				"south": {"uv": [1.53, 1.353, 14.589, 14.53], "texture": "#1"},
				"west": {"uv": [1.53, 1.353, 14.589, 14.53], "texture": "#1"},
				"up": {"uv": [1.53, 1.353, 14.589, 14.53], "texture": "#1"},
				"down": {"uv": [1.53, 1.353, 14.589, 14.53], "texture": "#1"}
			}
		},
		{
			"name": "Cube",
			"from": [7.8, 0.1, 9],
			"to": [8.2, 0.2, 9.4],
			"faces": {
				"north": {"uv": [1.53, 1.353, 14.589, 14.53], "texture": "#1"},
				"east": {"uv": [1.53, 1.353, 14.589, 14.53], "texture": "#1"},
				"south": {"uv": [1.53, 1.353, 14.589, 14.53], "texture": "#1"},
				"west": {"uv": [1.53, 1.353, 14.589, 14.53], "texture": "#1"},
				"up": {"uv": [1.53, 1.353, 14.589, 14.53], "texture": "#1"},
				"down": {"uv": [1.53, 1.353, 14.589, 14.53], "texture": "#1"}
			}
		},
		{
			"name": "Cube",
			"from": [7.8, 0.6, 9],
			"to": [8.2, 0.8, 10],
			"faces": {
				"north": {"uv": [1.53, 1.353, 14.589, 14.53], "texture": "#1"},
				"east": {"uv": [1.53, 1.353, 14.589, 14.53], "texture": "#1"},
				"south": {"uv": [1.53, 1.353, 14.589, 14.53], "texture": "#1"},
				"west": {"uv": [1.53, 1.353, 14.589, 14.53], "texture": "#1"},
				"up": {"uv": [1.53, 1.353, 14.589, 14.53], "texture": "#1"},
				"down": {"uv": [1.53, 1.353, 14.589, 14.53], "texture": "#1"}
			}
		},
		{
			"name": "Cube",
			"from": [7.3, 5.4, 7.8],
			"to": [8.7, 6.1, 8.2],
			"faces": {
				"north": {"uv": [1.294, 1.177, 14.883, 14.941], "rotation": 180, "texture": "#1"},
				"east": {"uv": [1.294, 1.177, 14.883, 14.941], "rotation": 180, "texture": "#1"},
				"south": {"uv": [1.294, 1.177, 14.883, 14.941], "rotation": 180, "texture": "#1"},
				"west": {"uv": [1.294, 1.177, 14.883, 14.941], "rotation": 180, "texture": "#1"},
				"up": {"uv": [1.294, 1.177, 14.883, 14.941], "rotation": 180, "texture": "#1"},
				"down": {"uv": [1.294, 1.177, 14.883, 14.941], "rotation": 180, "texture": "#1"}
			}
		},
		{
			"name": "Cube",
			"from": [7.49984, 7.3, 7.50017],
			"to": [8.49984, 7.6, 8.50017],
			"rotation": {"angle": -45, "axis": "y", "origin": [7.99984, 7.09444, 8.00017]},
			"faces": {
				"north": {"uv": [1.294, 1.177, 14.883, 14.941], "texture": "#1"},
				"east": {"uv": [1.294, 1.177, 14.883, 14.941], "texture": "#1"},
				"south": {"uv": [1.294, 1.177, 14.883, 14.941], "texture": "#1"},
				"west": {"uv": [1.294, 1.177, 14.883, 14.941], "texture": "#1"},
				"up": {"uv": [1.294, 1.177, 14.883, 14.941], "texture": "#1"},
				"down": {"uv": [1.294, 1.177, 14.883, 14.941], "texture": "#1"}
			}
		},
		{
			"name": "Cube",
			"from": [7.69984, 6.1, 7.70017],
			"to": [8.29984, 6.4, 8.30017],
			"rotation": {"angle": -45, "axis": "y", "origin": [7.99984, 7.09444, 8.00017]},
			"faces": {
				"north": {"uv": [1.294, 1.177, 14.883, 14.941], "texture": "#1"},
				"east": {"uv": [1.294, 1.177, 14.883, 14.941], "texture": "#1"},
				"south": {"uv": [1.294, 1.177, 14.883, 14.941], "texture": "#1"},
				"west": {"uv": [1.294, 1.177, 14.883, 14.941], "texture": "#1"},
				"up": {"uv": [1.294, 1.177, 14.883, 14.941], "texture": "#1"},
				"down": {"uv": [1.294, 1.177, 14.883, 14.941], "texture": "#1"}
			}
		},
		{
			"name": "Cube",
			"from": [7.59984, 5.9, 7.60017],
			"to": [8.39984, 6.2, 8.40017],
			"rotation": {"angle": -45, "axis": "y", "origin": [7.99984, 7.09444, 8.00017]},
			"faces": {
				"north": {"uv": [1.53, 1.177, 14.765, 14.824], "texture": "#1"},
				"east": {"uv": [1.53, 1.177, 14.765, 14.824], "texture": "#1"},
				"south": {"uv": [1.53, 1.177, 14.765, 14.824], "texture": "#1"},
				"west": {"uv": [1.53, 1.177, 14.765, 14.824], "texture": "#1"},
				"up": {"uv": [1.53, 1.177, 14.765, 14.824], "texture": "#1"},
				"down": {"uv": [1.53, 1.177, 14.765, 14.824], "texture": "#1"}
			}
		},
		{
			"name": "Cube",
			"from": [7.69984, 5.9, 7.50017],
			"to": [8.29984, 6.2, 8.50017],
			"rotation": {"angle": -45, "axis": "y", "origin": [7.99984, 7.09444, 8.00017]},
			"faces": {
				"north": {"uv": [1.53, 1.177, 14.765, 14.824], "texture": "#1"},
				"east": {"uv": [1.53, 1.177, 14.765, 14.824], "texture": "#1"},
				"south": {"uv": [1.53, 1.177, 14.765, 14.824], "texture": "#1"},
				"west": {"uv": [1.53, 1.177, 14.765, 14.824], "texture": "#1"},
				"up": {"uv": [1.53, 1.177, 14.765, 14.824], "texture": "#1"},
				"down": {"uv": [1.53, 1.177, 14.765, 14.824], "texture": "#1"}
			}
		},
		{
			"name": "Cube",
			"from": [7.49843, 5.9, 7.69676],
			"to": [8.49843, 6.2, 8.29676],
			"rotation": {"angle": -45, "axis": "y", "origin": [8.00324, 6.05001, 7.99676]},
			"faces": {
				"north": {"uv": [1.53, 1.177, 14.765, 14.824], "texture": "#1"},
				"east": {"uv": [1.53, 1.177, 14.765, 14.824], "texture": "#1"},
				"south": {"uv": [1.53, 1.177, 14.765, 14.824], "texture": "#1"},
				"west": {"uv": [1.53, 1.177, 14.765, 14.824], "texture": "#1"},
				"up": {"uv": [1.53, 1.177, 14.765, 14.824], "texture": "#1"},
				"down": {"uv": [1.53, 1.177, 14.765, 14.824], "texture": "#1"}
			}
		},
		{
			"name": "Cube",
			"from": [7.59843, 6.2, 7.79676],
			"to": [8.39843, 6.4, 8.19676],
			"rotation": {"angle": -45, "axis": "y", "origin": [8.00324, 6.05001, 7.99676]},
			"faces": {
				"north": {"uv": [1.294, 1.177, 14.883, 14.941], "rotation": 90, "texture": "#1"},
				"east": {"uv": [1.294, 1.177, 14.883, 14.941], "rotation": 90, "texture": "#1"},
				"south": {"uv": [1.294, 1.177, 14.883, 14.941], "rotation": 90, "texture": "#1"},
				"west": {"uv": [1.294, 1.177, 14.883, 14.941], "rotation": 90, "texture": "#1"},
				"up": {"uv": [1.294, 1.177, 14.883, 14.941], "rotation": 90, "texture": "#1"},
				"down": {"uv": [1.294, 1.177, 14.883, 14.941], "rotation": 90, "texture": "#1"}
			}
		},
		{
			"name": "Cube",
			"from": [7.7986, 6.2, 7.5904],
			"to": [8.1986, 6.4, 8.3904],
			"rotation": {"angle": -45, "axis": "y", "origin": [8.00279, 6.30002, 7.99039]},
			"faces": {
				"north": {"uv": [1.294, 1.177, 14.883, 14.941], "rotation": 180, "texture": "#1"},
				"east": {"uv": [1.294, 1.177, 14.883, 14.941], "rotation": 180, "texture": "#1"},
				"south": {"uv": [1.294, 1.177, 14.883, 14.941], "rotation": 180, "texture": "#1"},
				"west": {"uv": [1.294, 1.177, 14.883, 14.941], "rotation": 180, "texture": "#1"},
				"up": {"uv": [1.294, 1.177, 14.883, 14.941], "rotation": 180, "texture": "#1"},
				"down": {"uv": [1.294, 1.177, 14.883, 14.941], "rotation": 180, "texture": "#1"}
			}
		},
		{
			"name": "Cube",
			"from": [7.85104, 6.99914, 8.6448],
			"to": [8.15104, 7.49914, 8.9448],
			"faces": {
				"north": {"uv": [1.294, 1.177, 14.883, 14.941], "rotation": 90, "texture": "#1"},
				"east": {"uv": [1.294, 1.177, 14.883, 14.941], "rotation": 90, "texture": "#1"},
				"south": {"uv": [1.294, 1.177, 14.883, 14.941], "rotation": 90, "texture": "#1"},
				"west": {"uv": [1.294, 1.177, 14.883, 14.941], "rotation": 90, "texture": "#1"},
				"up": {"uv": [1.294, 1.177, 14.883, 14.941], "rotation": 90, "texture": "#1"},
				"down": {"uv": [1.294, 1.177, 14.883, 14.941], "rotation": 90, "texture": "#1"}
			}
		},
		{
			"name": "Cube",
			"from": [7.85104, 6.99914, 7.0448],
			"to": [8.15104, 7.49914, 7.3448],
			"faces": {
				"north": {"uv": [1.294, 1.177, 14.883, 14.941], "rotation": 90, "texture": "#1"},
				"east": {"uv": [1.294, 1.177, 14.883, 14.941], "rotation": 90, "texture": "#1"},
				"south": {"uv": [1.294, 1.177, 14.883, 14.941], "rotation": 90, "texture": "#1"},
				"west": {"uv": [1.294, 1.177, 14.883, 14.941], "rotation": 90, "texture": "#1"},
				"up": {"uv": [1.294, 1.177, 14.883, 14.941], "rotation": 90, "texture": "#1"},
				"down": {"uv": [1.294, 1.177, 14.883, 14.941], "rotation": 90, "texture": "#1"}
			}
		},
		{
			"name": "Cube",
			"from": [8.64955, 7.00001, 7.84541],
			"to": [8.94955, 7.50001, 8.14541],
			"faces": {
				"north": {"uv": [1.294, 1.177, 14.883, 14.941], "rotation": 180, "texture": "#1"},
				"east": {"uv": [1.294, 1.177, 14.883, 14.941], "rotation": 180, "texture": "#1"},
				"south": {"uv": [1.294, 1.177, 14.883, 14.941], "rotation": 180, "texture": "#1"},
				"west": {"uv": [1.294, 1.177, 14.883, 14.941], "rotation": 180, "texture": "#1"},
				"up": {"uv": [1.294, 1.177, 14.883, 14.941], "rotation": 180, "texture": "#1"},
				"down": {"uv": [1.294, 1.177, 14.883, 14.941], "rotation": 180, "texture": "#1"}
			}
		},
		{
			"name": "Cube",
			"from": [7.04955, 7.00001, 7.84541],
			"to": [7.34955, 7.50001, 8.14541],
			"faces": {
				"north": {"uv": [1.294, 1.177, 14.883, 14.941], "rotation": 180, "texture": "#1"},
				"east": {"uv": [1.294, 1.177, 14.883, 14.941], "rotation": 180, "texture": "#1"},
				"south": {"uv": [1.294, 1.177, 14.883, 14.941], "rotation": 180, "texture": "#1"},
				"west": {"uv": [1.294, 1.177, 14.883, 14.941], "rotation": 180, "texture": "#1"},
				"up": {"uv": [1.294, 1.177, 14.883, 14.941], "rotation": 180, "texture": "#1"},
				"down": {"uv": [1.294, 1.177, 14.883, 14.941], "rotation": 180, "texture": "#1"}
			}
		},
		{
			"name": "Cube",
			"from": [7.9, 6.79914, 7.1],
			"to": [8.1, 7.59914, 7.3],
			"faces": {
				"north": {"uv": [0, 0, 3, 2], "texture": "#6"},
				"east": {"uv": [0, 0, 3, 2], "texture": "#6"},
				"south": {"uv": [0, 0, 3, 2], "texture": "#6"},
				"west": {"uv": [0, 0, 3, 2], "texture": "#6"},
				"up": {"uv": [0, 0, 3, 2], "texture": "#6"},
				"down": {"uv": [0, 0, 3, 2], "texture": "#6"}
			}
		},
		{
			"name": "Cube",
			"from": [7.9, 6.79914, 8.7],
			"to": [8.1, 7.59914, 8.9],
			"faces": {
				"north": {"uv": [0, 0, 3, 2], "texture": "#6"},
				"east": {"uv": [0, 0, 3, 2], "texture": "#6"},
				"south": {"uv": [0, 0, 3, 2], "texture": "#6"},
				"west": {"uv": [0, 0, 3, 2], "texture": "#6"},
				"up": {"uv": [0, 0, 3, 2], "texture": "#6"},
				"down": {"uv": [0, 0, 3, 2], "texture": "#6"}
			}
		},
		{
			"name": "Cube",
			"from": [7.09861, 6.8, 7.90053],
			"to": [7.29861, 7.6, 8.10053],
			"faces": {
				"north": {"uv": [0, 0, 3, 2], "texture": "#6"},
				"east": {"uv": [0, 0, 3, 2], "texture": "#6"},
				"south": {"uv": [0, 0, 3, 2], "texture": "#6"},
				"west": {"uv": [0, 0, 3, 2], "texture": "#6"},
				"up": {"uv": [0, 0, 3, 2], "rotation": 90, "texture": "#6"},
				"down": {"uv": [0, 0, 3, 2], "rotation": 270, "texture": "#6"}
			}
		},
		{
			"name": "Cube",
			"from": [8.69861, 6.8, 7.90053],
			"to": [8.89861, 7.6, 8.10053],
			"faces": {
				"north": {"uv": [0, 0, 3, 2], "texture": "#6"},
				"east": {"uv": [0, 0, 3, 2], "texture": "#6"},
				"south": {"uv": [0, 0, 3, 2], "texture": "#6"},
				"west": {"uv": [0, 0, 3, 2], "texture": "#6"},
				"up": {"uv": [0, 0, 3, 2], "rotation": 90, "texture": "#6"},
				"down": {"uv": [0, 0, 3, 2], "rotation": 270, "texture": "#6"}
			}
		},
		{
			"name": "Cube",
			"from": [7.90541, 3.29983, 7.29475],
			"to": [8.10541, 3.49983, 7.59475],
			"faces": {
				"north": {"uv": [9, 3, 9, 6], "texture": "#4"},
				"east": {"uv": [11, 4, 12, 7], "texture": "#1"},
				"south": {"uv": [9, 9, 10, 12], "texture": "#4"},
				"west": {"uv": [13, 3, 14, 6], "texture": "#1"},
				"up": {"uv": [13, 3, 14, 3], "rotation": 90, "texture": "#1"},
				"down": {"uv": [13, 2, 14, 3], "rotation": 270, "texture": "#1"}
			}
		},
		{
			"name": "Cube",
			"from": [7.60218, 4.2, 7.29781],
			"to": [8.40218, 6.1, 8.09781],
			"faces": {
				"north": {"uv": [1.294, 1.177, 14.883, 14.941], "rotation": 270, "texture": "#1"},
				"east": {"uv": [1.294, 1.177, 14.883, 14.941], "rotation": 270, "texture": "#1"},
				"south": {"uv": [1.294, 1.177, 14.883, 14.941], "rotation": 270, "texture": "#1"},
				"west": {"uv": [1.294, 1.177, 14.883, 14.941], "rotation": 270, "texture": "#1"},
				"up": {"uv": [1.294, 1.177, 14.883, 14.941], "rotation": 270, "texture": "#1"},
				"down": {"uv": [1.294, 1.177, 14.883, 14.941], "rotation": 270, "texture": "#1"}
			}
		},
		{
			"name": "Cube",
			"from": [7.5, 1, 7.5],
			"to": [8.5, 1.2, 8.5],
			"faces": {
				"north": {"uv": [1.53, 1.353, 14.589, 14.53], "texture": "#1"},
				"east": {"uv": [1.53, 1.353, 14.589, 14.53], "texture": "#1"},
				"south": {"uv": [1.53, 1.353, 14.589, 14.53], "texture": "#1"},
				"west": {"uv": [1.53, 1.353, 14.589, 14.53], "texture": "#1"},
				"up": {"uv": [1.53, 1.353, 14.589, 14.53], "texture": "#1"},
				"down": {"uv": [1.53, 1.353, 14.589, 14.53], "texture": "#1"}
			}
		},
		{
			"name": "Cube",
			"from": [7.70218, 4, 7.29781],
			"to": [8.30218, 4.5, 7.39781],
			"faces": {
				"north": {"uv": [3, 1, 15, 10], "texture": "#1"},
				"east": {"uv": [0, 0, 16, 16], "rotation": 180, "texture": "#1"},
				"south": {"uv": [0, 0, 16, 16], "rotation": 180, "texture": "#1"},
				"west": {"uv": [0, 0, 16, 16], "rotation": 180, "texture": "#1"},
				"up": {"uv": [0, 0, 16, 16], "rotation": 270, "texture": "#1"},
				"down": {"uv": [0, 0, 16, 16], "rotation": 90, "texture": "#1"}
			}
		},
		{
			"name": "Cube",
			"from": [8.20218, 3.8, 7.29781],
			"to": [8.30218, 4, 7.39781],
			"faces": {
				"north": {"uv": [3, 1, 15, 10], "texture": "#1"},
				"east": {"uv": [0, 0, 16, 16], "rotation": 180, "texture": "#1"},
				"south": {"uv": [0, 0, 16, 16], "rotation": 180, "texture": "#1"},
				"west": {"uv": [0, 0, 16, 16], "rotation": 180, "texture": "#1"},
				"up": {"uv": [0, 0, 16, 16], "rotation": 270, "texture": "#1"},
				"down": {"uv": [0, 0, 16, 16], "rotation": 90, "texture": "#1"}
			}
		},
		{
			"name": "Cube",
			"from": [7.70218, 3.8, 7.29781],
			"to": [7.80218, 4, 7.39781],
			"faces": {
				"north": {"uv": [3, 1, 15, 10], "texture": "#1"},
				"east": {"uv": [0, 0, 16, 16], "rotation": 180, "texture": "#1"},
				"south": {"uv": [0, 0, 16, 16], "rotation": 180, "texture": "#1"},
				"west": {"uv": [0, 0, 16, 16], "rotation": 180, "texture": "#1"},
				"up": {"uv": [0, 0, 16, 16], "rotation": 270, "texture": "#1"},
				"down": {"uv": [0, 0, 16, 16], "rotation": 90, "texture": "#1"}
			}
		},
		{
			"name": "Cube",
			"from": [7.80218, 3.8, 7.29781],
			"to": [8.20218, 4, 7.39781],
			"faces": {
				"north": {"uv": [0, 0, 1, 6], "texture": "#7"},
				"east": {"uv": [0, 0, 1, 6], "texture": "#7"},
				"south": {"uv": [0, 0, 1, 6], "texture": "#7"},
				"west": {"uv": [0, 0, 1, 6], "texture": "#7"},
				"up": {"uv": [0, 0, 1, 6], "texture": "#7"},
				"down": {"uv": [0, 0, 1, 6], "texture": "#7"}
			}
		},
		{
			"name": "Cube",
			"from": [7.95, 5.50114, 6.89703],
			"to": [8.05, 5.60114, 7.39703],
			"rotation": {"angle": -22.5, "axis": "x", "origin": [8.00183, 5.60114, 7.34703]},
			"faces": {
				"north": {"uv": [3, 1, 15, 10], "texture": "#8"},
				"east": {"uv": [3, 1, 15, 10], "texture": "#8"},
				"south": {"uv": [3, 1, 15, 10], "texture": "#8"},
				"west": {"uv": [3, 1, 15, 10], "texture": "#8"},
				"up": {"uv": [3, 1, 15, 10], "texture": "#8"},
				"down": {"uv": [3, 1, 15, 10], "texture": "#8"}
			}
		},
		{
			"name": "Cube",
			"from": [7.95164, 4.58586, 6.91829],
			"to": [8.05164, 4.68586, 7.51829],
			"rotation": {"angle": 22.5, "axis": "x", "origin": [8.00164, 4.63586, 7.31829]},
			"faces": {
				"north": {"uv": [3, 1, 15, 10], "rotation": 180, "texture": "#8"},
				"east": {"uv": [3, 1, 15, 10], "rotation": 180, "texture": "#8"},
				"south": {"uv": [3, 1, 15, 10], "rotation": 180, "texture": "#8"},
				"west": {"uv": [3, 1, 15, 10], "rotation": 180, "texture": "#8"},
				"up": {"uv": [3, 1, 15, 10], "texture": "#8"},
				"down": {"uv": [3, 1, 15, 10], "texture": "#8"}
			}
		},
		{
			"name": "Cube",
			"from": [7.95139, 4.75, 6.8977],
			"to": [8.05139, 5.4, 6.9977],
			"faces": {
				"north": {"uv": [3, 1, 15, 10], "rotation": 180, "texture": "#8"},
				"east": {"uv": [3, 1, 15, 10], "rotation": 270, "texture": "#8"},
				"south": {"uv": [3, 1, 15, 10], "texture": "#8"},
				"west": {"uv": [3, 1, 15, 10], "rotation": 90, "texture": "#8"},
				"up": {"uv": [3, 1, 15, 10], "rotation": 180, "texture": "#8"},
				"down": {"uv": [3, 1, 15, 10], "texture": "#8"}
			}
		}
	],
	"display": {
		"thirdperson_righthand": {
			"rotation": [0, 90, 0],
			"translation": [-1.25, 4.5, 0.75]
		},
		"thirdperson_lefthand": {
			"rotation": [0, 90, 0],
			"translation": [-1.25, 4.5, 0.75]
		},
		"firstperson_righthand": {
			"translation": [1.13, 6.75, 1.13]
		},
		"firstperson_lefthand": {
			"translation": [1.13, 6.5, 1.13]
		},
		"ground": {
			"rotation": [90, 0, 0],
			"translation": [0, -3.25, 5.5]
		},
		"gui": {
			"rotation": [0, 45, 45],
			"translation": [-4.5, 6, 6.5],
			"scale": [2, 2, 2]
		},
		"fixed": {
			"translation": [0, 8, 0],
			"scale": [2, 2, 2]
		}
	},
	"groups": [
		{
			"name": "sonic_tennant",
			"origin": [8, 8, 8],
			"children": [0, 1, 2, 3, 4, 5, 6, 7, 8, 9, 10, 11, 12, 13, 14, 15, 16, 17, 18, 19, 20, 21, 22, 23, 24, 25, 26, 27, 28, 29, 30, 31, 32, 33, 34, 35, 36, 37, 38, 39, 40, 41, 42, 43, 44, 45, 46, 47,
				{
					"name": "ring",
					"origin": [8, 8, 8],
					"children": [48, 49, 50, 51, 52, 53, 54, 55, 56, 57, 58, 59, 60, 61]
				}, 62, 63, 64, 65, 66, 67, 68, 69, 70, 71, 72, 73, 74, 75, 76, 77, 78, 79, 80, 81, 82, 83, 84, 85, 86, 87]
		}
	]
}