{
	"credit": "Made with Blockbench",
	"textures": {
		"0": "block/sonic6",
		"1": "block/red_stained_glass"
	},
	"elements": [
		{
			"name": "Cube",
			"from": [7.5, 0.7, 7.5],
			"to": [8.5, 1.7, 8.5],
			"faces": {
				"north": {"uv": [10, 0, 12, 2.5], "texture": "#0"},
				"east": {"uv": [9, 0, 13, 2.5], "texture": "#0"},
				"south": {"uv": [9, 0, 13, 2.5], "texture": "#0"},
				"west": {"uv": [9, 0, 13, 2.5], "texture": "#0"},
				"up": {"uv": [0, 0, 1, 1], "texture": "#0"},
				"down": {"uv": [9, 0, 12, 1], "texture": "#0"}
			}
		},
		{
			"name": "Cube",
			"from": [7.6, 0.5, 7.6],
			"to": [8.4, 0.6, 8.4],
			"faces": {
				"north": {"uv": [11, 8, 11.8, 8.1], "texture": "#0"},
				"east": {"uv": [11, 9, 11.8, 9.1], "texture": "#0"},
				"south": {"uv": [10, 9, 10.8, 9.1], "texture": "#0"},
				"west": {"uv": [10, 8, 10.8, 8.1], "texture": "#0"},
				"up": {"uv": [10, 9, 10.8, 9.8], "texture": "#0"},
				"down": {"uv": [10, 9, 10.8, 9.8], "texture": "#0"}
			}
		},
		{
			"name": "Cube",
			"from": [7.7, 0.5, 7.5],
			"to": [8.3, 0.6, 8.5],
			"faces": {
				"north": {"uv": [11, 8, 11.8, 8.1], "texture": "#0"},
				"east": {"uv": [11, 9, 11.8, 9.1], "texture": "#0"},
				"south": {"uv": [10, 9, 10.8, 9.1], "texture": "#0"},
				"west": {"uv": [10, 8, 10.8, 8.1], "texture": "#0"},
				"up": {"uv": [10, 9, 10.8, 9.8], "texture": "#0"},
				"down": {"uv": [10, 9, 10.8, 9.8], "texture": "#0"}
			}
		},
		{
			"name": "Cube",
			"from": [7.5, 0.5, 7.7],
			"to": [8.5, 0.6, 8.3],
			"faces": {
				"north": {"uv": [10, 8, 10.8, 8.1], "texture": "#0"},
				"east": {"uv": [11, 8, 11.8, 8.1], "texture": "#0"},
				"south": {"uv": [11, 9, 11.8, 9.1], "texture": "#0"},
				"west": {"uv": [10, 9, 10.8, 9.1], "texture": "#0"},
				"up": {"uv": [10, 9, 10.8, 9.8], "rotation": 90, "texture": "#0"},
				"down": {"uv": [10, 9, 10.8, 9.8], "rotation": 270, "texture": "#0"}
			}
		},
		{
			"name": "Cube",
			"from": [7.8, 0, 7.8],
			"to": [8.2, 0.5, 8.2],
			"faces": {
				"north": {"uv": [10, 8, 10.4, 8.5], "texture": "#0"},
				"east": {"uv": [10, 8, 10.4, 8.5], "texture": "#0"},
				"south": {"uv": [11, 8, 11.4, 8.5], "texture": "#0"},
				"west": {"uv": [10, 7, 10.4, 7.5], "texture": "#0"},
				"up": {"uv": [10, 8, 10.4, 8.4], "texture": "#0"},
				"down": {"uv": [11, 8, 11.4, 8.4], "texture": "#0"}
			}
		},
		{
			"name": "Cube",
			"from": [7.7, 0.1, 7.7],
			"to": [8.3, 0.6, 8.3],
			"faces": {
				"north": {"uv": [9, 6, 9.6, 6.5], "texture": "#0"},
				"east": {"uv": [11, 8, 11.6, 8.5], "texture": "#0"},
				"south": {"uv": [10, 8, 10.6, 8.5], "texture": "#0"},
				"west": {"uv": [10, 8, 10.6, 8.5], "texture": "#0"},
				"up": {"uv": [11, 7, 11.6, 7.6], "texture": "#0"},
				"down": {"uv": [9, 7, 9.6, 7.6], "texture": "#0"}
			}
		},
		{
			"name": "Cube",
			"from": [7.6, 0.2, 7.8],
			"to": [8.4, 0.6, 8.2],
			"faces": {
				"north": {"uv": [9, 6, 9.6, 6.5], "texture": "#0"},
				"east": {"uv": [11, 8, 11.6, 8.5], "texture": "#0"},
				"south": {"uv": [10, 8, 10.6, 8.5], "texture": "#0"},
				"west": {"uv": [10, 8, 10.6, 8.5], "texture": "#0"},
				"up": {"uv": [11, 7, 11.6, 7.6], "texture": "#0"},
				"down": {"uv": [9, 7, 9.6, 7.6], "texture": "#0"}
			}
		},
		{
			"name": "Cube",
			"from": [7.8, 0.2, 7.6],
			"to": [8.2, 0.6, 8.4],
			"faces": {
				"north": {"uv": [10, 8, 10.6, 8.5], "texture": "#0"},
				"east": {"uv": [9, 6, 9.6, 6.5], "texture": "#0"},
				"south": {"uv": [11, 8, 11.6, 8.5], "texture": "#0"},
				"west": {"uv": [10, 8, 10.6, 8.5], "texture": "#0"},
				"up": {"uv": [11, 7, 11.6, 7.6], "rotation": 90, "texture": "#0"},
				"down": {"uv": [9, 7, 9.6, 7.6], "rotation": 270, "texture": "#0"}
			}
		},
		{
			"name": "Cube",
			"from": [7.5, 1.5, 7.5],
			"to": [8.5, 2.5, 8.5],
			"faces": {
				"north": {"uv": [9, 0, 12, 0.5], "texture": "#0"},
				"east": {"uv": [9, 0, 11, 0.5], "texture": "#0"},
				"south": {"uv": [10.5, 0, 11.5, 0.5], "texture": "#0"},
				"west": {"uv": [9, 0, 12, 0.5], "texture": "#0"},
				"up": {"uv": [0, 0, 1, 1], "texture": "#0"},
				"down": {"uv": [9, 0, 13, 1], "texture": "#0"}
			}
		},
		{
			"name": "Cube",
			"from": [7.7, 2, 7.7],
			"to": [8.3, 4.1, 8.3],
			"faces": {
				"north": {"uv": [1.5, 11, 3.1, 12.299], "texture": "#0"},
				"east": {"uv": [1.5, 11, 3.1, 12.299], "texture": "#0"},
				"south": {"uv": [1.5, 11, 3.1, 12.299], "texture": "#0"},
				"west": {"uv": [1.5, 11, 3.1, 12.299], "texture": "#0"},
				"up": {"uv": [1.5, 11, 3.1, 12.299], "texture": "#0"},
				"down": {"uv": [1.5, 11, 3.1, 12.299], "texture": "#0"}
			}
		},
		{
			"name": "Cube",
			"from": [7.5, 0.6, 7.5],
			"to": [8.5, 0.9, 8.5],
			"faces": {
				"north": {"uv": [10, 0, 12, 0.5], "texture": "#0"},
				"east": {"uv": [9, 0, 13, 0.5], "texture": "#0"},
				"south": {"uv": [10.5, 0, 11.5, 0.5], "texture": "#0"},
				"west": {"uv": [9, 0, 13, 0.5], "texture": "#0"},
				"up": {"uv": [9, 0, 10, 1], "texture": "#0"},
				"down": {"uv": [9, 0, 12, 1], "texture": "#0"}
			}
		},
		{
			"name": "Cube",
			"from": [7.6, 2.5, 7.6],
			"to": [8.4, 3.6, 8.4],
			"faces": {
				"north": {"uv": [10, 0, 12, 0.5], "texture": "#0"},
				"east": {"uv": [9, 0, 13, 0.5], "texture": "#0"},
				"south": {"uv": [10.5, 0, 11.5, 0.5], "texture": "#0"},
				"west": {"uv": [9, 0, 13, 0.5], "texture": "#0"},
				"up": {"uv": [9, 0, 9.8, 0.8], "texture": "#0"},
				"down": {"uv": [9, 0, 12, 1], "texture": "#0"}
			}
		},
		{
			"name": "Cube",
			"from": [7.7, 2.5, 7.5],
			"to": [8.3, 3.5, 8.5],
			"faces": {
				"north": {"uv": [10, 0, 12, 0.5], "texture": "#0"},
				"east": {"uv": [9, 0, 13, 0.5], "texture": "#0"},
				"south": {"uv": [10.5, 0, 11.5, 0.5], "texture": "#0"},
				"west": {"uv": [9, 0, 13, 0.5], "texture": "#0"},
				"up": {"uv": [9, 0, 9.8, 0.8], "texture": "#0"},
				"down": {"uv": [9, 0, 12, 1], "texture": "#0"}
			}
		},
		{
			"name": "Cube",
			"from": [7.6, 0.7, 7.4],
			"to": [8.4, 1.7, 8.6],
			"faces": {
				"north": {"uv": [9, 0, 13, 2.5], "texture": "#0"},
				"east": {"uv": [9, 0, 13, 2.5], "texture": "#0"},
				"south": {"uv": [9, 0, 13, 2.5], "texture": "#0"},
				"west": {"uv": [9, 0, 13, 2.5], "texture": "#0"},
				"up": {"uv": [9, 0, 9.8, 0.8], "texture": "#0"},
				"down": {"uv": [9, 0, 12, 1], "texture": "#0"}
			}
		},
		{
			"name": "Cube",
			"from": [7.6, 1.7, 7.4],
			"to": [8.4, 2.4, 8.6],
			"faces": {
				"north": {"uv": [1, 10.5, 3, 13.5], "texture": "#0"},
				"east": {"uv": [1, 10.5, 3, 13.5], "texture": "#0"},
				"south": {"uv": [1, 10.5, 3, 13.5], "texture": "#0"},
				"west": {"uv": [1, 10.5, 3, 13.5], "texture": "#0"},
				"up": {"uv": [1, 10.5, 3, 13.5], "texture": "#0"},
				"down": {"uv": [1, 10.5, 3, 13.5], "texture": "#0"}
			}
		},
		{
			"name": "Cube",
			"from": [7.5, 2.5, 7.7],
			"to": [8.5, 3.5, 8.3],
			"faces": {
				"north": {"uv": [9, 0, 13, 0.5], "texture": "#0"},
				"east": {"uv": [10, 0, 12, 0.5], "texture": "#0"},
				"south": {"uv": [9, 0, 13, 0.5], "texture": "#0"},
				"west": {"uv": [10.5, 0, 11.5, 0.5], "texture": "#0"},
				"up": {"uv": [9, 0, 9.8, 0.8], "rotation": 90, "texture": "#0"},
				"down": {"uv": [9, 0, 12, 1], "rotation": 270, "texture": "#0"}
			}
		},
		{
			"name": "Cube",
			"from": [7.4, 0.7, 7.6],
			"to": [8.6, 1.7, 8.4],
			"faces": {
				"north": {"uv": [9, 0, 13, 2.5], "texture": "#0"},
				"east": {"uv": [9, 0, 13, 2.5], "texture": "#0"},
				"south": {"uv": [9, 0, 13, 2.5], "texture": "#0"},
				"west": {"uv": [9, 0, 13, 2.5], "texture": "#0"},
				"up": {"uv": [9, 0, 9.8, 0.8], "rotation": 90, "texture": "#0"},
				"down": {"uv": [9, 0, 12, 1], "rotation": 270, "texture": "#0"}
			}
		},
		{
			"name": "Cube",
			"from": [7.4, 1.7, 7.6],
			"to": [8.6, 2.4, 8.4],
			"faces": {
				"north": {"uv": [1, 10.5, 3, 13.5], "texture": "#0"},
				"east": {"uv": [1, 10.5, 3, 13.5], "texture": "#0"},
				"south": {"uv": [1, 10.5, 3, 13.5], "texture": "#0"},
				"west": {"uv": [1, 10.5, 3, 13.5], "texture": "#0"},
				"up": {"uv": [1, 10.5, 3, 13.5], "texture": "#0"},
				"down": {"uv": [1, 10.5, 3, 13.5], "texture": "#0"}
			}
		},
		{
			"name": "Cube",
			"from": [7.6, 4.1, 7.7],
			"to": [8.4, 4.2, 8.3],
			"faces": {
				"north": {"uv": [10, 0, 12, 0.5], "texture": "#0"},
				"east": {"uv": [9, 0, 13, 0.5], "texture": "#0"},
				"south": {"uv": [10.5, 0, 11.5, 0.5], "texture": "#0"},
				"west": {"uv": [9, 0, 13, 0.5], "texture": "#0"},
				"up": {"uv": [9, 0, 9.8, 0.8], "texture": "#0"},
				"down": {"uv": [9, 0, 12, 1], "texture": "#0"}
			}
		},
		{
			"name": "Cube",
			"from": [7.69999, 4.1, 7.58585],
			"to": [8.29999, 4.2, 8.38585],
			"faces": {
				"north": {"uv": [9, 0, 13, 0.5], "texture": "#0"},
				"east": {"uv": [10, 0, 12, 0.5], "texture": "#0"},
				"south": {"uv": [9, 0, 13, 0.5], "texture": "#0"},
				"west": {"uv": [10.5, 0, 11.5, 0.5], "texture": "#0"},
				"up": {"uv": [9, 0, 9.8, 0.8], "rotation": 90, "texture": "#0"},
				"down": {"uv": [9, 0, 12, 1], "rotation": 270, "texture": "#0"}
			}
		},
		{
			"name": "Cube",
			"from": [7.6, 3.9, 7.7],
			"to": [8.4, 4, 8.3],
			"faces": {
				"north": {"uv": [10, 0, 12, 0.5], "texture": "#0"},
				"east": {"uv": [9, 0, 13, 0.5], "texture": "#0"},
				"south": {"uv": [10.5, 0, 11.5, 0.5], "texture": "#0"},
				"west": {"uv": [9, 0, 13, 0.5], "texture": "#0"},
				"up": {"uv": [9, 0, 9.8, 0.8], "texture": "#0"},
				"down": {"uv": [9, 0, 12, 1], "texture": "#0"}
			}
		},
		{
			"name": "Cube",
			"from": [7.69999, 3.9, 7.58585],
			"to": [8.29999, 4, 8.38585],
			"faces": {
				"north": {"uv": [9, 0, 13, 0.5], "texture": "#0"},
				"east": {"uv": [10, 0, 12, 0.5], "texture": "#0"},
				"south": {"uv": [9, 0, 13, 0.5], "texture": "#0"},
				"west": {"uv": [10.5, 0, 11.5, 0.5], "texture": "#0"},
				"up": {"uv": [9, 0, 9.8, 0.8], "rotation": 90, "texture": "#0"},
				"down": {"uv": [9, 0, 12, 1], "rotation": 270, "texture": "#0"}
			}
		},
		{
			"name": "Cube",
			"from": [7.6, 3.7, 7.7],
			"to": [8.4, 3.8, 8.3],
			"faces": {
				"north": {"uv": [10, 0, 12, 0.5], "texture": "#0"},
				"east": {"uv": [9, 0, 13, 0.5], "texture": "#0"},
				"south": {"uv": [10.5, 0, 11.5, 0.5], "texture": "#0"},
				"west": {"uv": [9, 0, 13, 0.5], "texture": "#0"},
				"up": {"uv": [9, 0, 9.8, 0.8], "texture": "#0"},
				"down": {"uv": [9, 0, 12, 1], "texture": "#0"}
			}
		},
		{
			"name": "Cube",
			"from": [7.69999, 3.7, 7.58585],
			"to": [8.29999, 3.8, 8.38585],
			"faces": {
				"north": {"uv": [9, 0, 13, 0.5], "texture": "#0"},
				"east": {"uv": [10, 0, 12, 0.5], "texture": "#0"},
				"south": {"uv": [9, 0, 13, 0.5], "texture": "#0"},
				"west": {"uv": [10.5, 0, 11.5, 0.5], "texture": "#0"},
				"up": {"uv": [9, 0, 9.8, 0.8], "rotation": 90, "texture": "#0"},
				"down": {"uv": [9, 0, 12, 1], "rotation": 270, "texture": "#0"}
			}
		},
		{
			"name": "Cube",
			"from": [7.8, 5.8, 7.8],
			"to": [8.2, 6.9, 8.2],
			"faces": {
				"north": {"uv": [1.5, 10, 2.1, 14.8], "texture": "#0"},
				"east": {"uv": [1.5, 10, 2.1, 14.8], "texture": "#0"},
				"south": {"uv": [1.5, 10, 2.1, 14.8], "texture": "#0"},
				"west": {"uv": [1.5, 10, 2.1, 14.8], "texture": "#0"},
				"up": {"uv": [1.5, 10, 2.1, 14.8], "texture": "#0"},
				"down": {"uv": [1.5, 10, 2.1, 14.8], "texture": "#0"}
			}
		},
		{
			"name": "Cube",
			"from": [7.8, 6.9, 7.8],
			"to": [8.2, 7.4, 8.2],
			"faces": {
				"north": {"uv": [5, 0, 5.6, 4.8], "texture": "#0"},
				"east": {"uv": [5, 0, 5.6, 4.8], "texture": "#0"},
				"south": {"uv": [7, 0, 7.6, 4.8], "texture": "#0"},
				"west": {"uv": [6, 0, 6.6, 4.8], "texture": "#0"},
				"up": {"uv": [7, 0, 7.6, 4.6], "texture": "#0"},
				"down": {"uv": [5, 3, 5.4, 3.4], "texture": "#0"}
			}
		},
		{
			"name": "Cube",
			"from": [7.75, 5.8, 7.85],
			"to": [8.25, 6.8, 8.15],
			"faces": {
				"north": {"uv": [2, 10, 2.6, 14.8], "texture": "#0"},
				"east": {"uv": [2, 10, 2.6, 14.8], "texture": "#0"},
				"south": {"uv": [2, 10, 2.6, 14.8], "texture": "#0"},
				"west": {"uv": [2, 10, 2.6, 14.8], "texture": "#0"},
				"up": {"uv": [2, 10, 2.6, 14.8], "texture": "#0"},
				"down": {"uv": [2, 10, 2.6, 14.8], "texture": "#0"}
			}
		},
		{
			"name": "Cube",
			"from": [7.75, 6.9, 7.85],
			"to": [8.25, 7.3, 8.15],
			"faces": {
				"north": {"uv": [5, 0, 5.6, 4.8], "texture": "#0"},
				"east": {"uv": [5, 0, 5.6, 4.8], "texture": "#0"},
				"south": {"uv": [7, 0, 7.6, 4.8], "texture": "#0"},
				"west": {"uv": [6, 0, 6.6, 4.8], "texture": "#0"},
				"up": {"uv": [7, 0, 7.6, 4.6], "texture": "#0"},
				"down": {"uv": [5, 3, 5.4, 3.4], "texture": "#0"}
			}
		},
		{
			"name": "Cube",
			"from": [7.85, 5.8, 7.74493],
			"to": [8.15, 6.8, 8.24493],
			"faces": {
				"north": {"uv": [2, 10, 2.6, 14.8], "texture": "#0"},
				"east": {"uv": [2, 10, 2.6, 14.8], "texture": "#0"},
				"south": {"uv": [2, 10, 2.6, 14.8], "texture": "#0"},
				"west": {"uv": [2, 10, 2.6, 14.8], "texture": "#0"},
				"up": {"uv": [2, 10, 2.6, 14.8], "texture": "#0"},
				"down": {"uv": [2, 10, 2.6, 14.8], "texture": "#0"}
			}
		},
		{
			"name": "Cube",
			"from": [7.85, 6.9, 7.74493],
			"to": [8.15, 7.3, 8.24493],
			"faces": {
				"north": {"uv": [6, 0, 6.6, 4.8], "texture": "#0"},
				"east": {"uv": [5, 0, 5.6, 4.8], "texture": "#0"},
				"south": {"uv": [5, 0, 5.6, 4.8], "texture": "#0"},
				"west": {"uv": [7, 0, 7.6, 4.8], "texture": "#0"},
				"up": {"uv": [7, 0, 7.6, 4.6], "rotation": 90, "texture": "#0"},
				"down": {"uv": [5, 3, 5.4, 3.4], "rotation": 270, "texture": "#0"}
			}
		},
		{
			"name": "Cube",
			"from": [7.8, 6.6, 7.725],
			"to": [8.2, 7.2, 8.275],
			"faces": {
				"north": {"uv": [10, 0, 12, 0.5], "texture": "#0"},
				"east": {"uv": [9, 0, 13, 0.5], "texture": "#0"},
				"south": {"uv": [10, 0, 12, 0.5], "texture": "#0"},
				"west": {"uv": [9, 0, 13, 0.5], "texture": "#0"},
				"up": {"uv": [9, 0, 9.6, 0.6], "rotation": 180, "texture": "#0"},
				"down": {"uv": [9, 0, 12, 1], "rotation": 180, "texture": "#0"}
			}
		},
		{
			"name": "Cube",
			"from": [7.8, 5, 7.675],
			"to": [8.2, 5.6, 8.325],
			"faces": {
				"north": {"uv": [10, 0, 12, 0.5], "texture": "#0"},
				"east": {"uv": [9, 0, 13, 0.5], "texture": "#0"},
				"south": {"uv": [10, 0, 12, 0.5], "texture": "#0"},
				"west": {"uv": [9, 0, 13, 0.5], "texture": "#0"},
				"up": {"uv": [9, 0, 9.6, 0.6], "rotation": 180, "texture": "#0"},
				"down": {"uv": [9, 0, 12, 1], "rotation": 180, "texture": "#0"}
			}
		},
		{
			"name": "Cube",
			"from": [7.67499, 5, 7.79057],
			"to": [8.32499, 5.6, 8.19057],
			"faces": {
				"north": {"uv": [9, 0, 13, 0.5], "texture": "#0"},
				"east": {"uv": [10, 0, 12, 0.5], "texture": "#0"},
				"south": {"uv": [9, 0, 13, 0.5], "texture": "#0"},
				"west": {"uv": [10, 0, 12, 0.5], "texture": "#0"},
				"up": {"uv": [9, 0, 9.6, 0.6], "rotation": 270, "texture": "#0"},
				"down": {"uv": [9, 0, 12, 1], "rotation": 90, "texture": "#0"}
			}
		},
		{
			"name": "Cube",
			"from": [7.8, 4.2, 7.725],
			"to": [8.2, 5.8, 8.275],
			"faces": {
				"north": {"uv": [10, 0, 12, 0.5], "texture": "#0"},
				"east": {"uv": [9, 0, 13, 0.5], "texture": "#0"},
				"south": {"uv": [10, 0, 12, 0.5], "texture": "#0"},
				"west": {"uv": [9, 0, 13, 0.5], "texture": "#0"},
				"up": {"uv": [9, 0, 9.6, 0.6], "rotation": 180, "texture": "#0"},
				"down": {"uv": [9, 0, 12, 1], "rotation": 180, "texture": "#0"}
			}
		},
		{
			"name": "Cube",
			"from": [7.725, 6.6, 7.8],
			"to": [8.275, 7.2, 8.2],
			"faces": {
				"north": {"uv": [10, 0, 12, 0.5], "texture": "#0"},
				"east": {"uv": [10, 0, 12, 0.5], "texture": "#0"},
				"south": {"uv": [9, 0, 13, 0.5], "texture": "#0"},
				"west": {"uv": [10.5, 0, 11.5, 0.5], "texture": "#0"},
				"up": {"uv": [9, 0, 9.6, 0.6], "rotation": 90, "texture": "#0"},
				"down": {"uv": [9, 0, 12, 1], "rotation": 270, "texture": "#0"}
			}
		},
		{
			"name": "Cube",
			"from": [7.725, 4.2, 7.8],
			"to": [8.275, 5.8, 8.2],
			"faces": {
				"north": {"uv": [10, 0, 12, 0.5], "texture": "#0"},
				"east": {"uv": [10, 0, 12, 0.5], "texture": "#0"},
				"south": {"uv": [9, 0, 13, 0.5], "texture": "#0"},
				"west": {"uv": [10.5, 0, 11.5, 0.5], "texture": "#0"},
				"up": {"uv": [9, 0, 9.6, 0.6], "rotation": 90, "texture": "#0"},
				"down": {"uv": [9, 0, 12, 1], "rotation": 270, "texture": "#0"}
			}
		},
		{
			"name": "Cube",
			"from": [7.875, 7.1, 7.93],
			"to": [8.125, 7.55, 8.07],
			"faces": {
				"north": {"uv": [1, 0, 1.2, 0.5], "texture": "#1"},
				"east": {"uv": [1, 0, 1.2, 0.5], "texture": "#1"},
				"south": {"uv": [1, 0, 1.2, 0.5], "texture": "#1"},
				"west": {"uv": [1, 0, 1.2, 0.5], "texture": "#1"},
				"up": {"uv": [1, 0, 1.2, 0.5], "texture": "#1"},
				"down": {"uv": [1, 0, 1.2, 0.5], "texture": "#1"}
			}
		},
		{
			"name": "Cube",
			"from": [7.93, 7.1, 7.87264],
			"to": [8.07, 7.55, 8.12264],
			"faces": {
				"north": {"uv": [1, 0, 1.2, 0.5], "texture": "#1"},
				"east": {"uv": [1, 0, 1.2, 0.5], "texture": "#1"},
				"south": {"uv": [1, 0, 1.2, 0.5], "texture": "#1"},
				"west": {"uv": [1, 0, 1.2, 0.5], "texture": "#1"},
				"up": {"uv": [1, 0, 1.2, 0.5], "rotation": 90, "texture": "#1"},
				"down": {"uv": [1, 0, 1.2, 0.5], "rotation": 270, "texture": "#1"}
			}
		},
		{
			"name": "Cube",
			"from": [7.9, 7.1, 7.9],
			"to": [8.1, 7.6, 8.1],
			"faces": {
				"north": {"uv": [10, 8, 10.2, 8.5], "texture": "#1"},
				"east": {"uv": [10, 8, 10.2, 8.5], "texture": "#1"},
				"south": {"uv": [11, 8, 11.2, 8.5], "texture": "#1"},
				"west": {"uv": [10, 7, 10.2, 7.5], "texture": "#1"},
				"up": {"uv": [10, 8, 10.2, 8.2], "texture": "#1"},
				"down": {"uv": [11, 8, 11.2, 8.2], "texture": "#1"}
			}
		},
		{
			"name": "Cube",
			"from": [7.9, 7.1, 7.9],
			"to": [8.1, 7.6, 8.1],
			"faces": {
				"north": {"uv": [14, 0, 14.2, 0.5], "texture": "#1"},
				"east": {"uv": [14, 0, 14.2, 0.5], "texture": "#1"},
				"south": {"uv": [14, 0, 14.2, 0.5], "texture": "#1"},
				"west": {"uv": [14, 0, 14.2, 0.5], "texture": "#1"},
				"up": {"uv": [14, 0, 14.2, 0.5], "texture": "#1"},
				"down": {"uv": [14, 0, 14.2, 0.5], "texture": "#1"}
			}
		}
	],
	"display": {
		"thirdperson_righthand": {
			"translation": [-1, 6, 1]
		},
		"thirdperson_lefthand": {
			"translation": [-1, 6, 1]
		},
		"firstperson_righthand": {
			"translation": [0, 6, 1]
		},
		"firstperson_lefthand": {
			"translation": [0.5, 6, 1]
		},
		"ground": {
			"rotation": [90, 0, 0],
			"translation": [0, -3.5, 5]
		},
		"gui": {
			"rotation": [0, 10, 45],
			"translation": [-7, 7.75, 0],
			"scale": [2.5, 2.5, 2.5]
		},
		"fixed": {
			"translation": [0, 8, 0],
			"scale": [2, 2, 2]
		}
	}
}