{
	"credit": "Made with Blockbench",
	"textures": {
		"1": "block/stone_slab_side",
		"2": "block/blue_stained_glass",
		"3": "block/white_stained_glass",
		"4": "block/yellow_shulker_box",
		"particle": "block/white_stained_glass",
		"1_0": "block/sonic4"
	},
	"elements": [
		{
			"name": "Cube",
			"from": [7.5, 1.1, 7.5],
			"to": [9, 7, 9],
			"faces": {
				"north": {"uv": [14, 0, 16, 9], "texture": "#1_0"},
				"east": {"uv": [14, 0, 16, 9], "texture": "#1_0"},
				"south": {"uv": [14, 0, 16, 9], "texture": "#1_0"},
				"west": {"uv": [14, 0, 16, 9], "texture": "#1_0"},
				"up": {"uv": [14, 1.5, 16, 8], "texture": "#1_0"},
				"down": {"uv": [14, 2.5, 16, 9], "texture": "#1_0"}
			}
		},
		{
			"name": "Cube",
			"from": [7.6, 0.8, 7.6],
			"to": [8.9, 1, 8.9],
			"faces": {
				"north": {"uv": [0, 9, 8, 12], "texture": "#1_0"},
				"east": {"uv": [0, 9, 8, 12], "texture": "#1_0"},
				"south": {"uv": [0, 9, 8, 12], "texture": "#1_0"},
				"west": {"uv": [0, 9, 8, 12], "texture": "#1_0"},
				"up": {"uv": [0, 9, 8, 12], "texture": "#1_0"},
				"down": {"uv": [0, 9, 8, 12], "texture": "#1_0"}
			}
		},
		{
			"name": "Cube",
			"from": [7.6, 10.3, 7.8],
			"to": [8.9, 10.4, 8.7],
			"faces": {
				"north": {"uv": [8.5, 9.5, 10.5, 11.5], "rotation": 270, "texture": "#1_0"},
				"east": {"uv": [8.5, 9.5, 10.5, 11.5], "rotation": 270, "texture": "#1_0"},
				"south": {"uv": [8.5, 9.5, 10.5, 11.5], "rotation": 270, "texture": "#1_0"},
				"west": {"uv": [8.5, 9.5, 10.5, 11.5], "rotation": 270, "texture": "#1_0"},
				"up": {"uv": [8.5, 9.5, 10.5, 11.5], "rotation": 270, "texture": "#1_0"},
				"down": {"uv": [8.5, 9.5, 10.5, 11.5], "rotation": 270, "texture": "#1_0"}
			}
		},
		{
			"name": "Cube",
			"from": [7.8, 10.3, 7.6],
			"to": [8.7, 10.4, 8.9],
			"faces": {
				"north": {"uv": [8.5, 9.5, 10.5, 11.5], "rotation": 270, "texture": "#1_0"},
				"east": {"uv": [8.5, 9.5, 10.5, 11.5], "rotation": 270, "texture": "#1_0"},
				"south": {"uv": [8.5, 9.5, 10.5, 11.5], "rotation": 270, "texture": "#1_0"},
				"west": {"uv": [8.5, 9.5, 10.5, 11.5], "rotation": 270, "texture": "#1_0"},
				"up": {"uv": [8.5, 9.5, 10.5, 11.5], "rotation": 270, "texture": "#1_0"},
				"down": {"uv": [8.5, 9.5, 10.5, 11.5], "rotation": 270, "texture": "#1_0"}
			}
		},
		{
			"name": "Cube",
			"from": [7.7, 10.3, 7.7],
			"to": [8.8, 10.4, 8.8],
			"faces": {
				"north": {"uv": [8.5, 9.5, 10.5, 11.5], "rotation": 270, "texture": "#1_0"},
				"east": {"uv": [8.5, 9.5, 10.5, 11.5], "rotation": 270, "texture": "#1_0"},
				"south": {"uv": [8.5, 9.5, 10.5, 11.5], "rotation": 270, "texture": "#1_0"},
				"west": {"uv": [8.5, 9.5, 10.5, 11.5], "rotation": 270, "texture": "#1_0"},
				"up": {"uv": [8.5, 9.5, 10.5, 11.5], "rotation": 270, "texture": "#1_0"},
				"down": {"uv": [8.5, 9.5, 10.5, 11.5], "rotation": 270, "texture": "#1_0"}
			}
		},
		{
			"name": "Cube",
			"from": [7.85, 5.4, 7.3],
			"to": [8.65, 6.2, 7.4],
			"faces": {
				"north": {"uv": [5, 2, 7, 4], "texture": "#1"},
				"east": {"uv": [0, 0, 0.1, 0.8], "texture": "#1"},
				"south": {"uv": [0, 0, 0.8, 0.8], "texture": "#1"},
				"west": {"uv": [0, 0, 0.1, 0.8], "texture": "#1"},
				"up": {"uv": [0, 0, 0.8, 0.1], "texture": "#1"},
				"down": {"uv": [0, 0, 0.8, 0.1], "texture": "#1"}
			}
		},
		{
			"name": "Cube",
			"from": [7.8, 12.4, 7.8],
			"to": [8.7, 12.5, 8.7],
			"faces": {
				"north": {"uv": [5, 2, 7, 4], "texture": "#2"},
				"east": {"uv": [9, 9, 11, 10], "texture": "#2"},
				"south": {"uv": [13, 3, 15, 4], "texture": "#2"},
				"west": {"uv": [9, 3, 11, 4], "texture": "#2"},
				"up": {"uv": [13, 3, 13, 5], "texture": "#2"},
				"down": {"uv": [13, 2, 14, 3], "texture": "#2"}
			}
		},
		{
			"name": "Cube",
			"from": [7.7, 12.2, 7.7],
			"to": [8.8, 12.4, 8.8],
			"faces": {
				"north": {"uv": [5, 2, 7, 4], "texture": "#2"},
				"east": {"uv": [9, 9, 11, 10], "texture": "#2"},
				"south": {"uv": [13, 3, 15, 4], "texture": "#2"},
				"west": {"uv": [9, 3, 11, 4], "texture": "#2"},
				"up": {"uv": [13, 3, 13, 5], "texture": "#2"},
				"down": {"uv": [13, 2, 14, 3], "texture": "#2"}
			}
		},
		{
			"name": "Cube",
			"from": [7.6, 11.8, 7.6],
			"to": [8.9, 12.2, 8.9],
			"faces": {
				"north": {"uv": [5, 2, 7, 4], "texture": "#1"},
				"east": {"uv": [9, 9, 11, 10], "texture": "#1"},
				"south": {"uv": [13, 3, 15, 4], "texture": "#1"},
				"west": {"uv": [9, 3, 11, 4], "texture": "#1"},
				"up": {"uv": [13, 3, 15, 5], "texture": "#1"},
				"down": {"uv": [13, 2, 14, 3], "texture": "#1"}
			}
		},
		{
			"name": "Cube",
			"from": [7.6, 10.8, 7.6],
			"to": [8, 11.8, 8],
			"faces": {
				"north": {"uv": [5, 2, 7, 4], "texture": "#1"},
				"east": {"uv": [9, 9, 10, 12], "texture": "#1"},
				"south": {"uv": [13, 3, 14, 6], "texture": "#1"},
				"west": {"uv": [9, 3, 9, 6], "texture": "#1"},
				"up": {"uv": [13, 3, 14, 3], "texture": "#1"},
				"down": {"uv": [13, 2, 14, 3], "texture": "#1"}
			}
		},
		{
			"name": "Cube",
			"from": [7.6, 10.4, 7.6],
			"to": [8.9, 10.8, 8.9],
			"faces": {
				"north": {"uv": [5, 2, 7, 4], "texture": "#1"},
				"east": {"uv": [9, 9, 11, 10], "texture": "#1"},
				"south": {"uv": [13, 3, 15, 4], "texture": "#1"},
				"west": {"uv": [9, 3, 11, 4], "texture": "#1"},
				"up": {"uv": [13, 3, 15, 5], "texture": "#1"},
				"down": {"uv": [13, 2, 14, 3], "texture": "#1"}
			}
		},
		{
			"name": "Cube",
			"from": [7.7, 10.4, 7.5],
			"to": [8.8, 10.8, 9],
			"faces": {
				"north": {"uv": [5, 2, 7, 4], "texture": "#1"},
				"east": {"uv": [9, 9, 11, 10], "texture": "#1"},
				"south": {"uv": [13, 3, 15, 4], "texture": "#1"},
				"west": {"uv": [9, 3, 11, 4], "texture": "#1"},
				"up": {"uv": [13, 3, 15, 5], "texture": "#1"},
				"down": {"uv": [13, 2, 14, 3], "texture": "#1"}
			}
		},
		{
			"name": "Cube",
			"from": [7.7, 11.8, 7.5],
			"to": [8.8, 12.2, 9],
			"faces": {
				"north": {"uv": [5, 2, 7, 4], "texture": "#1"},
				"east": {"uv": [9, 9, 11, 10], "texture": "#1"},
				"south": {"uv": [13, 3, 15, 4], "texture": "#1"},
				"west": {"uv": [9, 3, 11, 4], "texture": "#1"},
				"up": {"uv": [13, 3, 15, 5], "texture": "#1"},
				"down": {"uv": [13, 2, 14, 3], "texture": "#1"}
			}
		},
		{
			"name": "Cube",
			"from": [7.5, 10.4, 7.7],
			"to": [9, 10.8, 8.8],
			"faces": {
				"north": {"uv": [5, 2, 7, 4], "texture": "#1"},
				"east": {"uv": [13, 3, 15, 4], "texture": "#1"},
				"south": {"uv": [9, 3, 11, 4], "texture": "#1"},
				"west": {"uv": [11, 4, 13, 5], "texture": "#1"},
				"up": {"uv": [13, 3, 15, 5], "rotation": 270, "texture": "#1"},
				"down": {"uv": [13, 2, 14, 3], "rotation": 90, "texture": "#1"}
			}
		},
		{
			"name": "Cube",
			"from": [7.5, 11.8, 7.7],
			"to": [9, 12.2, 8.8],
			"faces": {
				"north": {"uv": [5, 2, 7, 4], "texture": "#1"},
				"east": {"uv": [13, 3, 15, 4], "texture": "#1"},
				"south": {"uv": [9, 3, 11, 4], "texture": "#1"},
				"west": {"uv": [11, 4, 13, 5], "texture": "#1"},
				"up": {"uv": [13, 3, 15, 5], "rotation": 270, "texture": "#1"},
				"down": {"uv": [13, 2, 14, 3], "rotation": 90, "texture": "#1"}
			}
		},
		{
			"name": "Cube",
			"from": [8.5, 10.8, 7.6],
			"to": [8.9, 11.8, 8],
			"faces": {
				"north": {"uv": [5, 2, 7, 4], "texture": "#1"},
				"east": {"uv": [9, 9, 10, 12], "texture": "#1"},
				"south": {"uv": [13, 3, 14, 6], "texture": "#1"},
				"west": {"uv": [9, 3, 9, 6], "texture": "#1"},
				"up": {"uv": [13, 3, 14, 3], "texture": "#1"},
				"down": {"uv": [13, 2, 14, 3], "texture": "#1"}
			}
		},
		{
			"name": "Cube",
			"from": [8.5, 10.8, 8.5],
			"to": [8.9, 11.8, 8.9],
			"faces": {
				"north": {"uv": [5, 2, 7, 4], "texture": "#1"},
				"east": {"uv": [9, 9, 10, 12], "texture": "#1"},
				"south": {"uv": [13, 3, 14, 6], "texture": "#1"},
				"west": {"uv": [9, 3, 9, 6], "texture": "#1"},
				"up": {"uv": [13, 3, 14, 3], "texture": "#1"},
				"down": {"uv": [13, 2, 14, 3], "texture": "#1"}
			}
		},
		{
			"name": "Cube",
			"from": [7.5, 10.8, 8.6],
			"to": [8.1, 11.8, 8.8],
			"faces": {
				"north": {"uv": [5, 2, 7, 4], "texture": "#1"},
				"east": {"uv": [11, 4, 12, 7], "texture": "#1"},
				"south": {"uv": [9, 9, 10, 12], "texture": "#1"},
				"west": {"uv": [13, 3, 14, 6], "texture": "#1"},
				"up": {"uv": [13, 3, 14, 3], "rotation": 90, "texture": "#1"},
				"down": {"uv": [13, 2, 14, 3], "rotation": 270, "texture": "#1"}
			}
		},
		{
			"name": "Cube",
			"from": [7.5, 10.8, 8.6],
			"to": [8.1, 11.8, 8.8],
			"faces": {
				"north": {"uv": [5, 2, 7, 4], "texture": "#1"},
				"east": {"uv": [11, 4, 12, 7], "texture": "#1"},
				"south": {"uv": [9, 9, 10, 12], "texture": "#1"},
				"west": {"uv": [13, 3, 14, 6], "texture": "#1"},
				"up": {"uv": [13, 3, 14, 3], "rotation": 90, "texture": "#1"},
				"down": {"uv": [13, 2, 14, 3], "rotation": 270, "texture": "#1"}
			}
		},
		{
			"name": "Cube",
			"from": [8.4, 10.8, 8.6],
			"to": [9, 11.8, 8.8],
			"faces": {
				"north": {"uv": [5, 2, 7, 4], "texture": "#1"},
				"east": {"uv": [11, 4, 12, 7], "texture": "#1"},
				"south": {"uv": [9, 9, 10, 12], "texture": "#1"},
				"west": {"uv": [13, 3, 14, 6], "texture": "#1"},
				"up": {"uv": [13, 3, 14, 3], "rotation": 90, "texture": "#1"},
				"down": {"uv": [13, 2, 14, 3], "rotation": 270, "texture": "#1"}
			}
		},
		{
			"name": "Cube",
			"from": [8.4, 10.8, 7.7],
			"to": [9, 11.8, 7.9],
			"faces": {
				"north": {"uv": [5, 2, 7, 4], "texture": "#1"},
				"east": {"uv": [11, 4, 12, 7], "texture": "#1"},
				"south": {"uv": [9, 9, 10, 12], "texture": "#1"},
				"west": {"uv": [13, 3, 14, 6], "texture": "#1"},
				"up": {"uv": [13, 3, 14, 3], "rotation": 90, "texture": "#1"},
				"down": {"uv": [13, 2, 14, 3], "rotation": 270, "texture": "#1"}
			}
		},
		{
			"name": "Cube",
			"from": [7.5, 10.8, 7.7],
			"to": [8.1, 11.8, 7.9],
			"faces": {
				"north": {"uv": [5, 2, 7, 4], "texture": "#1"},
				"east": {"uv": [11, 4, 12, 7], "texture": "#1"},
				"south": {"uv": [9, 9, 10, 12], "texture": "#1"},
				"west": {"uv": [13, 3, 14, 6], "texture": "#1"},
				"up": {"uv": [13, 3, 14, 3], "rotation": 90, "texture": "#1"},
				"down": {"uv": [13, 2, 14, 3], "rotation": 270, "texture": "#1"}
			}
		},
		{
			"name": "Cube",
			"from": [8.6, 10.8, 8.4],
			"to": [8.8, 11.8, 9],
			"faces": {
				"north": {"uv": [5, 2, 7, 4], "texture": "#1"},
				"east": {"uv": [9, 9, 10, 12], "texture": "#1"},
				"south": {"uv": [13, 3, 14, 6], "texture": "#1"},
				"west": {"uv": [9, 3, 9, 6], "texture": "#1"},
				"up": {"uv": [13, 3, 14, 3], "texture": "#1"},
				"down": {"uv": [13, 2, 14, 3], "texture": "#1"}
			}
		},
		{
			"name": "Cube",
			"from": [7.7, 10.8, 8.4],
			"to": [7.9, 11.8, 9],
			"faces": {
				"north": {"uv": [5, 2, 7, 4], "texture": "#1"},
				"east": {"uv": [9, 9, 10, 12], "texture": "#1"},
				"south": {"uv": [13, 3, 14, 6], "texture": "#1"},
				"west": {"uv": [9, 3, 9, 6], "texture": "#1"},
				"up": {"uv": [13, 3, 14, 3], "texture": "#1"},
				"down": {"uv": [13, 2, 14, 3], "texture": "#1"}
			}
		},
		{
			"name": "Cube",
			"from": [8.6, 10.8, 7.5],
			"to": [8.8, 11.8, 8.1],
			"faces": {
				"north": {"uv": [5, 2, 7, 4], "texture": "#1"},
				"east": {"uv": [9, 9, 10, 12], "texture": "#1"},
				"south": {"uv": [13, 3, 14, 6], "texture": "#1"},
				"west": {"uv": [9, 3, 9, 6], "texture": "#1"},
				"up": {"uv": [13, 3, 14, 3], "texture": "#1"},
				"down": {"uv": [13, 2, 14, 3], "texture": "#1"}
			}
		},
		{
			"name": "Cube",
			"from": [7.7, 10.8, 7.5],
			"to": [7.9, 11.8, 8.1],
			"faces": {
				"north": {"uv": [5, 2, 7, 4], "texture": "#1"},
				"east": {"uv": [9, 9, 10, 12], "texture": "#1"},
				"south": {"uv": [13, 3, 14, 6], "texture": "#1"},
				"west": {"uv": [9, 3, 9, 6], "texture": "#1"},
				"up": {"uv": [13, 3, 14, 3], "texture": "#1"},
				"down": {"uv": [13, 2, 14, 3], "texture": "#1"}
			}
		},
		{
			"name": "Cube",
			"from": [7.6, 10.8, 8.5],
			"to": [8, 11.8, 8.9],
			"faces": {
				"north": {"uv": [5, 2, 7, 4], "texture": "#1"},
				"east": {"uv": [9, 9, 10, 12], "texture": "#1"},
				"south": {"uv": [13, 3, 14, 6], "texture": "#1"},
				"west": {"uv": [9, 3, 9, 6], "texture": "#1"},
				"up": {"uv": [13, 3, 14, 3], "texture": "#1"},
				"down": {"uv": [13, 2, 14, 3], "texture": "#1"}
			}
		},
		{
			"name": "Cube",
			"from": [8.00494, 6.793, 7.99644],
			"to": [8.50494, 10.293, 8.49644],
			"faces": {
				"north": {"uv": [0, 1, 1.5, 15], "texture": "#4"},
				"east": {"uv": [0, 1, 1.5, 15], "texture": "#4"},
				"south": {"uv": [0, 1, 1.5, 15], "texture": "#4"},
				"west": {"uv": [0, 1, 1.5, 15], "texture": "#4"},
				"up": {"uv": [0, 1, 1.5, 15], "texture": "#4"},
				"down": {"uv": [0, 1, 1.5, 15], "texture": "#4"}
			}
		},
		{
			"name": "Cube",
			"from": [7.80494, 6.993, 7.79644],
			"to": [8.00494, 10.293, 7.99644],
			"faces": {
				"north": {"uv": [0, 0, 1, 5], "texture": "#3"},
				"east": {"uv": [1, 1, 4, 3], "texture": "#3"},
				"south": {"uv": [1, 1, 4, 3], "texture": "#3"},
				"west": {"uv": [1, 1, 4, 3], "texture": "#3"},
				"up": {"uv": [1, 1, 4, 3], "texture": "#3"},
				"down": {"uv": [1, 1, 4, 3], "texture": "#3"}
			}
		},
		{
			"name": "Cube",
			"from": [8.00494, 6.993, 8.69644],
			"to": [8.50494, 10.293, 8.79644],
			"faces": {
				"north": {"uv": [0, 0, 1, 5], "texture": "#3"},
				"east": {"uv": [1, 1, 4, 3], "texture": "#3"},
				"south": {"uv": [1, 1, 4, 3], "texture": "#3"},
				"west": {"uv": [1, 1, 4, 3], "texture": "#3"},
				"up": {"uv": [1, 1, 4, 3], "texture": "#3"},
				"down": {"uv": [1, 1, 4, 3], "texture": "#3"}
			}
		},
		{
			"name": "Cube",
			"from": [8.00494, 6.993, 7.69644],
			"to": [8.50494, 10.293, 7.79644],
			"faces": {
				"north": {"uv": [0, 0, 1, 5], "texture": "#3"},
				"east": {"uv": [1, 1, 4, 3], "texture": "#3"},
				"south": {"uv": [1, 1, 4, 3], "texture": "#3"},
				"west": {"uv": [1, 1, 4, 3], "texture": "#3"},
				"up": {"uv": [1, 1, 4, 3], "texture": "#3"},
				"down": {"uv": [1, 1, 4, 3], "texture": "#3"}
			}
		},
		{
			"name": "Cube",
			"from": [8.70494, 6.993, 7.99644],
			"to": [8.80494, 10.293, 8.49644],
			"faces": {
				"north": {"uv": [0, 0, 1, 5], "texture": "#3"},
				"east": {"uv": [1, 1, 4, 3], "texture": "#3"},
				"south": {"uv": [1, 1, 4, 3], "texture": "#3"},
				"west": {"uv": [1, 1, 4, 3], "texture": "#3"},
				"up": {"uv": [1, 1, 4, 3], "rotation": 90, "texture": "#3"},
				"down": {"uv": [1, 1, 4, 3], "rotation": 270, "texture": "#3"}
			}
		},
		{
			"name": "Cube",
			"from": [7.70494, 6.993, 7.99644],
			"to": [7.80494, 10.293, 8.49644],
			"faces": {
				"north": {"uv": [0, 0, 1, 5], "texture": "#3"},
				"east": {"uv": [1, 1, 4, 3], "texture": "#3"},
				"south": {"uv": [1, 1, 4, 3], "texture": "#3"},
				"west": {"uv": [1, 1, 4, 3], "texture": "#3"},
				"up": {"uv": [1, 1, 4, 3], "rotation": 90, "texture": "#3"},
				"down": {"uv": [1, 1, 4, 3], "rotation": 270, "texture": "#3"}
			}
		},
		{
			"name": "Cube",
			"from": [7.80494, 6.993, 8.49644],
			"to": [8.00494, 10.293, 8.69644],
			"faces": {
				"north": {"uv": [0, 0, 1, 5], "texture": "#3"},
				"east": {"uv": [1, 1, 4, 3], "texture": "#3"},
				"south": {"uv": [1, 1, 4, 3], "texture": "#3"},
				"west": {"uv": [1, 1, 4, 3], "texture": "#3"},
				"up": {"uv": [1, 1, 4, 3], "texture": "#3"},
				"down": {"uv": [1, 1, 4, 3], "texture": "#3"}
			}
		},
		{
			"name": "Cube",
			"from": [8.50494, 6.993, 8.49644],
			"to": [8.70494, 10.293, 8.69644],
			"faces": {
				"north": {"uv": [0, 0, 1, 5], "texture": "#3"},
				"east": {"uv": [1, 1, 4, 3], "texture": "#3"},
				"south": {"uv": [1, 1, 4, 3], "texture": "#3"},
				"west": {"uv": [1, 1, 4, 3], "texture": "#3"},
				"up": {"uv": [1, 1, 4, 3], "texture": "#3"},
				"down": {"uv": [1, 1, 4, 3], "texture": "#3"}
			}
		},
		{
			"name": "Cube",
			"from": [8.50494, 6.993, 7.79644],
			"to": [8.70494, 10.293, 7.99644],
			"faces": {
				"north": {"uv": [0, 0, 1, 5], "texture": "#3"},
				"east": {"uv": [1, 1, 4, 3], "texture": "#3"},
				"south": {"uv": [1, 1, 4, 3], "texture": "#3"},
				"west": {"uv": [1, 1, 4, 3], "texture": "#3"},
				"up": {"uv": [1, 1, 4, 3], "texture": "#3"},
				"down": {"uv": [1, 1, 4, 3], "texture": "#3"}
			}
		},
		{
			"name": "Cube",
			"from": [7.75, -1.3, 7.75],
			"to": [8.75, -0.6, 8.75],
			"faces": {
				"north": {"uv": [0.5, 12.5, 8.5, 15.5], "texture": "#1_0"},
				"east": {"uv": [0.5, 12.5, 8.5, 15.5], "texture": "#1_0"},
				"south": {"uv": [0.5, 12.5, 8.5, 15.5], "texture": "#1_0"},
				"west": {"uv": [0.5, 12.5, 8.5, 15.5], "texture": "#1_0"},
				"up": {"uv": [0.5, 12.5, 8.5, 15.5], "texture": "#1_0"},
				"down": {"uv": [0.5, 12.5, 8.5, 15.5], "texture": "#1_0"}
			}
		},
		{
			"name": "Cube",
			"from": [7.95, -1.8, 7.95],
			"to": [8.55, -0.7, 8.55],
			"faces": {
				"north": {"uv": [0.5, 12.5, 8.5, 15.5], "texture": "#1_0"},
				"east": {"uv": [0.5, 12.5, 8.5, 15.5], "texture": "#1_0"},
				"south": {"uv": [0.5, 12.5, 8.5, 15.5], "texture": "#1_0"},
				"west": {"uv": [0.5, 12.5, 8.5, 15.5], "texture": "#1_0"},
				"up": {"uv": [0.5, 12.5, 8.5, 15.5], "texture": "#1_0"},
				"down": {"uv": [0.5, 12.5, 8.5, 15.5], "texture": "#1_0"}
			}
		},
		{
			"name": "Cube",
			"from": [7.85, -1.8, 7.95],
			"to": [8.15, -1.2, 8.55],
			"rotation": {"angle": 22.5, "axis": "z", "origin": [7.9, -1.5, 8.25]},
			"faces": {
				"north": {"uv": [0.5, 12.5, 8.5, 15.5], "texture": "#1_0"},
				"east": {"uv": [0.5, 12.5, 8.5, 15.5], "texture": "#1_0"},
				"south": {"uv": [0.5, 12.5, 8.5, 15.5], "texture": "#1_0"},
				"west": {"uv": [0.5, 12.5, 8.5, 15.5], "texture": "#1_0"},
				"up": {"uv": [0.5, 12.5, 8.5, 15.5], "texture": "#1_0"},
				"down": {"uv": [0.5, 12.5, 8.5, 15.5], "texture": "#1_0"}
			}
		},
		{
			"name": "Cube",
			"from": [8.35, -1.7, 7.95],
			"to": [8.65, -1.2, 8.55],
			"rotation": {"angle": -22.5, "axis": "z", "origin": [8.6, -1.5, 8.25]},
			"faces": {
				"north": {"uv": [0.5, 12.5, 8.5, 15.5], "texture": "#1_0"},
				"east": {"uv": [0.5, 12.5, 8.5, 15.5], "texture": "#1_0"},
				"south": {"uv": [0.5, 12.5, 8.5, 15.5], "texture": "#1_0"},
				"west": {"uv": [0.5, 12.5, 8.5, 15.5], "texture": "#1_0"},
				"up": {"uv": [0.5, 12.5, 8.5, 15.5], "texture": "#1_0"},
				"down": {"uv": [0.5, 12.5, 8.5, 15.5], "texture": "#1_0"}
			}
		},
		{
			"name": "Cube",
			"from": [7.95, -1.8, 7.85],
			"to": [8.55, -1.2, 8.25],
			"rotation": {"angle": -22.5, "axis": "x", "origin": [8.25, -1.5, 7.9]},
			"faces": {
				"north": {"uv": [0.5, 12.5, 8.5, 15.5], "texture": "#1_0"},
				"east": {"uv": [0.5, 12.5, 8.5, 15.5], "texture": "#1_0"},
				"south": {"uv": [0.5, 12.5, 8.5, 15.5], "texture": "#1_0"},
				"west": {"uv": [0.5, 12.5, 8.5, 15.5], "texture": "#1_0"},
				"up": {"uv": [0.5, 12.5, 8.5, 15.5], "texture": "#1_0"},
				"down": {"uv": [0.5, 12.5, 8.5, 15.5], "texture": "#1_0"}
			}
		},
		{
			"name": "Cube",
			"from": [7.95, -1.7, 8.55],
			"to": [8.55, -1.2, 8.75],
			"rotation": {"angle": 22.5, "axis": "x", "origin": [8.25, -1.2, 8.6]},
			"faces": {
				"north": {"uv": [0.5, 12.5, 8.5, 15.5], "texture": "#1_0"},
				"east": {"uv": [0.5, 12.5, 8.5, 15.5], "texture": "#1_0"},
				"south": {"uv": [0.5, 12.5, 8.5, 15.5], "texture": "#1_0"},
				"west": {"uv": [0.5, 12.5, 8.5, 15.5], "texture": "#1_0"},
				"up": {"uv": [0.5, 12.5, 8.5, 15.5], "texture": "#1_0"},
				"down": {"uv": [0.5, 12.5, 8.5, 15.5], "texture": "#1_0"}
			}
		},
		{
			"name": "Cube",
			"from": [7.95, -1.1, 7.65],
			"to": [8.55, -0.2, 7.75],
			"faces": {
				"north": {"uv": [0.5, 12.5, 8.5, 15.5], "texture": "#1_0"},
				"east": {"uv": [0.5, 12.5, 8.5, 15.5], "texture": "#1_0"},
				"south": {"uv": [0.5, 12.5, 8.5, 15.5], "texture": "#1_0"},
				"west": {"uv": [0.5, 12.5, 8.5, 15.5], "texture": "#1_0"},
				"up": {"uv": [0.5, 12.5, 8.5, 15.5], "texture": "#1_0"},
				"down": {"uv": [0.5, 12.5, 8.5, 15.5], "texture": "#1_0"}
			}
		},
		{
			"name": "Cube",
			"from": [7.95, -1.1, 8.75],
			"to": [8.55, -0.2, 8.85],
			"faces": {
				"north": {"uv": [0.5, 12.5, 8.5, 15.5], "texture": "#1_0"},
				"east": {"uv": [0.5, 12.5, 8.5, 15.5], "texture": "#1_0"},
				"south": {"uv": [0.5, 12.5, 8.5, 15.5], "texture": "#1_0"},
				"west": {"uv": [0.5, 12.5, 8.5, 15.5], "texture": "#1_0"},
				"up": {"uv": [0.5, 12.5, 8.5, 15.5], "texture": "#1_0"},
				"down": {"uv": [0.5, 12.5, 8.5, 15.5], "texture": "#1_0"}
			}
		},
		{
			"name": "Cube",
			"from": [7.65, -1.1, 7.95],
			"to": [7.75, -0.2, 8.55],
			"faces": {
				"north": {"uv": [0.5, 12.5, 8.5, 15.5], "texture": "#1_0"},
				"east": {"uv": [0.5, 12.5, 8.5, 15.5], "texture": "#1_0"},
				"south": {"uv": [0.5, 12.5, 8.5, 15.5], "texture": "#1_0"},
				"west": {"uv": [0.5, 12.5, 8.5, 15.5], "texture": "#1_0"},
				"up": {"uv": [0.5, 12.5, 8.5, 15.5], "texture": "#1_0"},
				"down": {"uv": [0.5, 12.5, 8.5, 15.5], "texture": "#1_0"}
			}
		},
		{
			"name": "Cube",
			"from": [8.75, -1.1, 7.95],
			"to": [8.85, -0.2, 8.55],
			"faces": {
				"north": {"uv": [0.5, 12.5, 8.5, 15.5], "texture": "#1_0"},
				"east": {"uv": [0.5, 12.5, 8.5, 15.5], "texture": "#1_0"},
				"south": {"uv": [0.5, 12.5, 8.5, 15.5], "texture": "#1_0"},
				"west": {"uv": [0.5, 12.5, 8.5, 15.5], "texture": "#1_0"},
				"up": {"uv": [0.5, 12.5, 8.5, 15.5], "texture": "#1_0"},
				"down": {"uv": [0.5, 12.5, 8.5, 15.5], "texture": "#1_0"}
			}
		},
		{
			"name": "Cube",
			"from": [7.7, 0.8, 7.5],
			"to": [8.8, 1, 9],
			"faces": {
				"north": {"uv": [0, 9, 8, 12], "texture": "#1_0"},
				"east": {"uv": [0, 9, 8, 12], "texture": "#1_0"},
				"south": {"uv": [0, 9, 8, 12], "texture": "#1_0"},
				"west": {"uv": [0, 9, 8, 12], "texture": "#1_0"},
				"up": {"uv": [0, 9, 8, 12], "texture": "#1_0"},
				"down": {"uv": [0, 9, 8, 12], "texture": "#1_0"}
			}
		},
		{
			"name": "Cube",
			"from": [7.5, 0.8, 7.7],
			"to": [9, 1, 8.8],
			"faces": {
				"north": {"uv": [0, 9, 8, 12], "texture": "#1_0"},
				"east": {"uv": [0, 9, 8, 12], "texture": "#1_0"},
				"south": {"uv": [0, 9, 8, 12], "texture": "#1_0"},
				"west": {"uv": [0, 9, 8, 12], "texture": "#1_0"},
				"up": {"uv": [0, 9, 8, 12], "rotation": 90, "texture": "#1_0"},
				"down": {"uv": [0, 9, 8, 12], "rotation": 270, "texture": "#1_0"}
			}
		},
		{
			"name": "Cube",
			"from": [7.65, 0, 7.65],
			"to": [8.85, 1.1, 8.85],
			"faces": {
				"north": {"uv": [0, 9, 8, 12], "texture": "#1_0"},
				"east": {"uv": [0, 9, 8, 12], "texture": "#1_0"},
				"south": {"uv": [0, 9, 8, 12], "texture": "#1_0"},
				"west": {"uv": [0, 9, 8, 12], "texture": "#1_0"},
				"up": {"uv": [0, 9, 8, 12], "texture": "#1_0"},
				"down": {"uv": [0, 9, 8, 12], "texture": "#1_0"}
			}
		},
		{
			"name": "Cube",
			"from": [7.6, 0.5, 7.6],
			"to": [8.9, 0.7, 8.9],
			"faces": {
				"north": {"uv": [0, 9, 8, 12], "texture": "#1_0"},
				"east": {"uv": [0, 9, 8, 12], "texture": "#1_0"},
				"south": {"uv": [0, 9, 8, 12], "texture": "#1_0"},
				"west": {"uv": [0, 9, 8, 12], "texture": "#1_0"},
				"up": {"uv": [0, 9, 8, 12], "texture": "#1_0"},
				"down": {"uv": [0, 9, 8, 12], "texture": "#1_0"}
			}
		},
		{
			"name": "Cube",
			"from": [7.95, -0.9, 7.95],
			"to": [8.55, 1, 8.55],
			"faces": {
				"north": {"uv": [0, 9, 8, 12], "texture": "#1_0"},
				"east": {"uv": [0, 9, 8, 12], "texture": "#1_0"},
				"south": {"uv": [0, 9, 8, 12], "texture": "#1_0"},
				"west": {"uv": [0, 9, 8, 12], "texture": "#1_0"},
				"up": {"uv": [0, 9, 8, 12], "texture": "#1_0"},
				"down": {"uv": [0, 9, 8, 12], "texture": "#1_0"}
			}
		},
		{
			"name": "Cube",
			"from": [7.6, 0.2, 7.6],
			"to": [8.9, 0.4, 8.9],
			"faces": {
				"north": {"uv": [0, 9, 8, 12], "texture": "#1_0"},
				"east": {"uv": [0, 9, 8, 12], "texture": "#1_0"},
				"south": {"uv": [0, 9, 8, 12], "texture": "#1_0"},
				"west": {"uv": [0, 9, 8, 12], "texture": "#1_0"},
				"up": {"uv": [0, 9, 8, 12], "texture": "#1_0"},
				"down": {"uv": [0, 9, 8, 12], "texture": "#1_0"}
			}
		},
		{
			"name": "Cube",
			"from": [7.75, -0.6, 7.75],
			"to": [8.75, 0, 8.75],
			"faces": {
				"north": {"uv": [0, 9, 8, 12], "texture": "#1_0"},
				"east": {"uv": [0, 9, 8, 12], "texture": "#1_0"},
				"south": {"uv": [0, 9, 8, 12], "texture": "#1_0"},
				"west": {"uv": [0, 9, 8, 12], "texture": "#1_0"},
				"up": {"uv": [0, 9, 8, 12], "texture": "#1_0"},
				"down": {"uv": [0, 9, 8, 12], "texture": "#1_0"}
			}
		},
		{
			"name": "Cube",
			"from": [7.4, 1.1, 7.7],
			"to": [9.1, 7, 8.8],
			"faces": {
				"north": {"uv": [14, 0, 16, 9], "texture": "#1_0"},
				"east": {"uv": [8, 0, 10, 9], "texture": "#1_0"},
				"south": {"uv": [14, 0, 16, 9], "texture": "#1_0"},
				"west": {"uv": [12, 0, 14, 9], "texture": "#1_0"},
				"up": {"uv": [14, 1.5, 16, 8], "texture": "#1_0"},
				"down": {"uv": [14, 2.5, 16, 9], "texture": "#1_0"}
			}
		},
		{
			"name": "Cube",
			"from": [7.70733, 1.10001, 7.39266],
			"to": [8.80733, 7.00001, 9.09266],
			"faces": {
				"north": {"uv": [10, 0, 12, 9], "texture": "#1_0"},
				"east": {"uv": [14, 0, 16, 9], "texture": "#1_0"},
				"south": {"uv": [14, 0, 16, 9], "texture": "#1_0"},
				"west": {"uv": [14, 0, 16, 9], "texture": "#1_0"},
				"up": {"uv": [14, 1.5, 16, 8], "texture": "#1_0"},
				"down": {"uv": [14, 2.5, 16, 9], "texture": "#1_0"}
			}
		}
	],
	"display": {
		"thirdperson_righthand": {
			"translation": [-1.25, 1.25, 0.75],
			"scale": [0.6, 0.6, 0.6]
		},
		"thirdperson_lefthand": {
			"translation": [-1.25, 1.25, 0.75],
			"scale": [0.6, 0.6, 0.6]
		},
		"firstperson_righthand": {
			"translation": [0.5, 3.5, 0.75],
			"scale": [0.6, 0.6, 0.6]
		},
		"firstperson_lefthand": {
			"translation": [0.5, 3.5, 0.75],
			"scale": [0.6, 0.6, 0.6]
		},
		"ground": {
			"rotation": [90, 0, 0],
			"translation": [-1.25, -1.25, 0]
		},
		"gui": {
			"rotation": [0, 45, 45],
			"translation": [-3.25, 3.75, 6],
			"scale": [1.5, 1.5, 1.5]
		},
		"fixed": {
			"translation": [0, 5.75, -1],
			"scale": [1.5, 1.5, 1.5]
		}
	},
	"groups": [
		{
			"name": "sonic_tennant",
			"origin": [8, 8, 8],
			"children": [0, 1,
				{
					"name": "head",
					"origin": [8, 2, 8],
					"children": [2, 3, 4, 5, 6, 7, 8, 9, 10, 11, 12, 13, 14, 15, 16, 17, 18, 19, 20, 21, 22, 23, 24, 25, 26,
						{
							"name": "glass",
							"origin": [8, 8, 8],
							"children": [27, 28, 29, 30, 31, 32, 33, 34, 35]
						}
					]
				},
				{
					"name": "cap",
					"origin": [8, 8, 8],
					"children": [36, 37, 38, 39, 40, 41, 42, 43, 44, 45]
				}, 46, 47, 48, 49, 50, 51, 52, 53, 54]
		}
	]
}