{
	"credit": "Made with Blockbench",
	"parent": "block/cube_all",
	"textures": {
		"0": "block/quartz_block_top",
		"1": "block/blue_stained_glass",
		"2": "block/red_stained_glass"
	},
	"elements": [
		{
			"name": "Cube",
			"from": [-0.5, 8, -0.5],
			"to": [0, 9, 6.5],
			"shade": false,
			"faces": {
				"north": {"uv": [0, 0, 0.5, 1], "texture": "#0"},
				"east": {"uv": [0, 0, 7, 1], "texture": "#0"},
				"south": {"uv": [0, 0, 0.5, 1], "texture": "#0"},
				"west": {"uv": [0, 0, 7, 1], "texture": "#0"},
				"up": {"uv": [0, 0, 0.5, 7], "texture": "#0"},
				"down": {"uv": [0, 0, 0.5, 7], "texture": "#0"}
			}
		},
		{
			"name": "Cube",
			"from": [-0.5, 8, -0.5],
			"to": [16.5, 9, 0],
			"shade": false,
			"faces": {
				"north": {"uv": [0, 0, 17, 1], "texture": "#0"},
				"east": {"uv": [0, 0, 0.5, 1], "texture": "#0"},
				"south": {"uv": [0, 0, 17, 1], "texture": "#0"},
				"west": {"uv": [0, 0, 0.5, 1], "texture": "#0"},
				"up": {"uv": [0, 0, 17, 0.5], "texture": "#0"},
				"down": {"uv": [0, 0, 17, 0.5], "texture": "#0"}
			}
		},
		{
			"name": "Cube",
			"from": [0.5, 5.5, -0.5],
			"to": [6.5, 6, 0],
			"shade": false,
			"faces": {
				"north": {"uv": [0, 0, 6, 0.5], "texture": "#0"},
				"east": {"uv": [0, 0, 0.5, 0.5], "texture": "#0"},
				"south": {"uv": [0, 0, 6, 0.5], "texture": "#0"},
				"west": {"uv": [0, 0, 0.5, 0.5], "texture": "#0"},
				"up": {"uv": [0, 0, 6, 0.5], "texture": "#0"},
				"down": {"uv": [0, 0, 6, 0.5], "texture": "#0"}
			}
		},
		{
			"name": "Cube",
			"from": [0, 6, -0.5],
			"to": [2, 8, 0],
			"shade": false,
			"faces": {
				"north": {"uv": [0, 0, 2, 2], "texture": "#0"},
				"east": {"uv": [0, 0, 0.5, 2], "texture": "#0"},
				"south": {"uv": [0, 0, 2, 2], "texture": "#0"},
				"west": {"uv": [0, 0, 0.5, 2], "texture": "#0"},
				"up": {"uv": [0, 0, 2, 0.5], "texture": "#0"},
				"down": {"uv": [0, 0, 2, 0.5], "texture": "#0"}
			}
		},
		{
			"name": "Cube",
			"from": [9.5, 5.5, -0.5],
			"to": [15.5, 6, 0],
			"shade": false,
			"faces": {
				"north": {"uv": [0, 0, 6, 0.5], "texture": "#0"},
				"east": {"uv": [0, 0, 0.5, 0.5], "texture": "#0"},
				"south": {"uv": [0, 0, 6, 0.5], "texture": "#0"},
				"west": {"uv": [0, 0, 0.5, 0.5], "texture": "#0"},
				"up": {"uv": [0, 0, 6, 0.5], "texture": "#0"},
				"down": {"uv": [0, 0, 6, 0.5], "texture": "#0"}
			}
		},
		{
			"name": "Cube",
			"from": [6, 6, -0.5],
			"to": [10, 8, 0],
			"shade": false,
			"faces": {
				"north": {"uv": [0, 0, 4, 2], "texture": "#0"},
				"east": {"uv": [0, 0, 0.5, 2], "texture": "#0"},
				"south": {"uv": [0, 0, 4, 2], "texture": "#0"},
				"west": {"uv": [0, 0, 0.5, 2], "texture": "#0"},
				"up": {"uv": [0, 0, 4, 0.5], "texture": "#0"},
				"down": {"uv": [0, 0, 4, 0.5], "texture": "#0"}
			}
		},
		{
			"name": "Cube",
			"from": [2, 6, -0.5],
			"to": [6, 8, 0],
			"faces": {
				"north": {"uv": [0, 0, 4, 2], "texture": "#1"},
				"east": {"uv": [0, 0, 0.5, 2], "texture": "#1"},
				"south": {"uv": [0, 0, 4, 2], "texture": "#1"},
				"west": {"uv": [0, 0, 0.5, 2], "texture": "#1"},
				"up": {"uv": [0, 0, 4, 0.5], "texture": "#1"},
				"down": {"uv": [0, 0, 4, 0.5], "texture": "#1"}
			}
		},
		{
			"name": "Cube",
			"from": [10, 6, -0.5],
			"to": [14, 8, 0],
			"faces": {
				"north": {"uv": [0, 0, 4, 2], "texture": "#2"},
				"east": {"uv": [0, 0, 0.5, 2], "texture": "#2"},
				"south": {"uv": [0, 0, 4, 2], "texture": "#2"},
				"west": {"uv": [0, 0, 0.5, 2], "texture": "#2"},
				"up": {"uv": [0, 0, 4, 0.5], "texture": "#2"},
				"down": {"uv": [0, 0, 4, 0.5], "texture": "#2"}
			}
		},
		{
			"name": "Cube",
			"from": [16, 8, 0],
			"to": [16.5, 9, 7],
			"shade": false,
			"faces": {
				"north": {"uv": [0, 0, 0.5, 1], "texture": "#0"},
				"east": {"uv": [0, 0, 7, 1], "texture": "#0"},
				"south": {"uv": [0, 0, 0.5, 1], "texture": "#0"},
				"west": {"uv": [0, 0, 7, 1], "texture": "#0"},
				"up": {"uv": [0, 0, 0.5, 7], "texture": "#0"},
				"down": {"uv": [0, 0, 0.5, 7], "texture": "#0"}
			}
		},
		{
			"name": "Cube",
			"from": [14, 6, -0.5],
			"to": [16, 8, 0],
			"shade": false,
			"faces": {
				"north": {"uv": [0, 0, 2, 2], "texture": "#0"},
				"east": {"uv": [0, 0, 0.5, 2], "texture": "#0"},
				"south": {"uv": [0, 0, 2, 2], "texture": "#0"},
				"west": {"uv": [0, 0, 0.5, 2], "texture": "#0"},
				"up": {"uv": [0, 0, 2, 0.5], "texture": "#0"},
				"down": {"uv": [0, 0, 2, 0.5], "texture": "#0"}
			}
		}
	],
	"display": {
		"gui": {
			"translation": [4, 0.5, 0],
			"rotation": [25, 125, 0]
		},
		"ground": {
			"rotation": [0, 0, 0],
			"translation": [0, -3, 0],
			"scale": [0.3, 0.3, 0.3]
		},
		"fixed": {
			"rotation": [0, 0, 0],
			"translation": [0, 0, 0]
		},
		"firstperson_righthand": {
			"rotation": [0, 90, 0],
			"translation": [0, 2, 0],
			"scale": [0.5, 0.5, 0.5]
		},
		"firstperson_lefthand": {
			"rotation": [0, 90, 0],
			"translation": [0, 2, 0],
			"scale": [0.5, 0.5, 0.5]
		},
		"thirdperson_righthand": {
			"rotation": [0, 0, 0],
			"translation": [0, 0, 4],
			"scale": [0.5, 0.5, 0.5]
		},
		"thirdperson_lefthand": {
			"rotation": [0, 0, 0],
			"translation": [0, 0, 4],
			"scale": [0.5, 0.5, 0.5]
		},
		"head": {
			"translation": [0, 12, 0]
		}
	}
}