{
    "__comment": "Model generated using MrCrayfish's Model Creator (https://mrcrayfish.com/tools?id=mc)",
    "textures": {
        "acacia_planks": "minecraft:block/acacia_planks"
    },
    "display": {
        "gui": {
            "rotation": [ 30, 45, 0 ],
            "translation": [ 0, 0, 0 ],
            "scale": [ 0.625, 0.625, 0.625 ]
        },
        "ground": {
            "rotation": [ 0, 0, 0 ],
            "translation": [ 0, 3, 0 ],
            "scale": [ 0.25, 0.25, 0.25 ]
        },
        "fixed": {
            "rotation": [ 0, 180, 0 ],
            "translation": [ 0, 0, 0 ],
            "scale": [ 1, 1, 1 ]
        },
        "head": {
            "rotation": [ 0, 180, 0 ],
            "translation": [ 0, 0, 0 ],
            "scale": [ 1, 1, 1 ]
        },
        "firstperson_righthand": {
            "rotation": [ 0, 315, 0 ],
            "translation": [ 0, 2.5, 0 ],
            "scale": [ 0.4, 0.4, 0.4 ]
        },
        "thirdperson_righthand": {
            "rotation": [ 75, 315, 0 ],
            "translation": [ 0, 2.5, 0 ],
            "scale": [ 0.375, 0.375, 0.375 ]
        }
    },
    "elements": [
        {
            "name": "Cube",
            "from": [ 0, 0, 0 ], 
            "to": [ 1, 1, 16 ], 
            "faces": {
                "east": { "texture": "#acacia_planks", "uv": [ 0, 0, 16, 1 ] },
                "west": { "texture": "#acacia_planks", "uv": [ 0, 0, 16, 1 ] },
                "up": { "texture": "#acacia_planks", "uv": [ 0, 0, 1, 16 ] },
                "down": { "texture": "#acacia_planks", "uv": [ 0, 0, 1, 16 ] }
            }
        },
        {
            "name": "Cube",
            "from": [ 15, 0, 0 ], 
            "to": [ 16, 1, 16 ], 
            "faces": {
                "east": { "texture": "#acacia_planks", "uv": [ 0, 0, 16, 1 ] },
                "west": { "texture": "#acacia_planks", "uv": [ 0, 0, 16, 1 ] },
                "up": { "texture": "#acacia_planks", "uv": [ 0, 0, 1, 16 ] },
                "down": { "texture": "#acacia_planks", "uv": [ 0, 0, 1, 16 ] }
            }
        },
        {
            "name": "Cube",
            "from": [ 0, 0, 0 ], 
            "to": [ 16, 1, 1 ], 
            "faces": {
                "north": { "texture": "#acacia_planks", "uv": [ 0, 0, 16, 1 ] },
                "south": { "texture": "#acacia_planks", "uv": [ 0, 0, 16, 1 ] },
                "up": { "texture": "#acacia_planks", "uv": [ 0, 0, 16, 1 ] },
                "down": { "texture": "#acacia_planks", "uv": [ 0, 0, 16, 1 ] }
            }
        },
        {
            "name": "Cube",
            "from": [ 0, 0, 15 ], 
            "to": [ 16, 1, 16 ], 
            "faces": {
                "north": { "texture": "#acacia_planks", "uv": [ 0, 0, 16, 1 ] },
                "south": { "texture": "#acacia_planks", "uv": [ 0, 0, 16, 1 ] },
                "up": { "texture": "#acacia_planks", "uv": [ 0, 0, 16, 1 ] },
                "down": { "texture": "#acacia_planks", "uv": [ 0, 0, 16, 1 ] }
            }
        },
        {
            "name": "Cube",
            "from": [ 0, 15, 15 ], 
            "to": [ 16, 16, 16 ], 
            "faces": {
                "north": { "texture": "#acacia_planks", "uv": [ 0, 0, 16, 1 ] },
                "south": { "texture": "#acacia_planks", "uv": [ 0, 0, 16, 1 ] },
                "up": { "texture": "#acacia_planks", "uv": [ 0, 0, 16, 1 ] },
                "down": { "texture": "#acacia_planks", "uv": [ 0, 0, 16, 1 ] }
            }
        },
        {
            "name": "Cube",
            "from": [ 0, 15, 0 ], 
            "to": [ 16, 16, 1 ], 
            "faces": {
                "north": { "texture": "#acacia_planks", "uv": [ 0, 0, 16, 1 ] },
                "south": { "texture": "#acacia_planks", "uv": [ 0, 0, 16, 1 ] },
                "up": { "texture": "#acacia_planks", "uv": [ 0, 0, 16, 1 ] },
                "down": { "texture": "#acacia_planks", "uv": [ 0, 0, 16, 1 ] }
            }
        },
        {
            "name": "Cube",
            "from": [ 0, 15, 0 ], 
            "to": [ 1, 16, 16 ], 
            "faces": {
                "east": { "texture": "#acacia_planks", "uv": [ 0, 0, 16, 1 ] },
                "west": { "texture": "#acacia_planks", "uv": [ 0, 0, 16, 1 ] },
                "up": { "texture": "#acacia_planks", "uv": [ 0, 0, 1, 16 ] },
                "down": { "texture": "#acacia_planks", "uv": [ 0, 0, 1, 16 ] }
            }
        },
        {
            "name": "Cube",
            "from": [ 15, 15, 0 ], 
            "to": [ 16, 16, 16 ], 
            "faces": {
                "east": { "texture": "#acacia_planks", "uv": [ 0, 0, 16, 1 ] },
                "west": { "texture": "#acacia_planks", "uv": [ 0, 0, 16, 1 ] },
                "up": { "texture": "#acacia_planks", "uv": [ 0, 0, 1, 16 ] },
                "down": { "texture": "#acacia_planks", "uv": [ 0, 0, 1, 16 ] }
            }
        },
        {
            "name": "Cube",
            "from": [ 0, 0, 0 ], 
            "to": [ 1, 16, 1 ], 
            "faces": {
                "north": { "texture": "#acacia_planks", "uv": [ 0, 0, 1, 16 ] },
                "east": { "texture": "#acacia_planks", "uv": [ 0, 0, 1, 16 ] },
                "south": { "texture": "#acacia_planks", "uv": [ 0, 0, 1, 16 ] },
                "west": { "texture": "#acacia_planks", "uv": [ 0, 0, 1, 16 ] }
            }
        },
        {
            "name": "Cube",
            "from": [ 15, 0, 0 ], 
            "to": [ 16, 16, 1 ], 
            "faces": {
                "north": { "texture": "#acacia_planks", "uv": [ 0, 0, 1, 16 ] },
                "east": { "texture": "#acacia_planks", "uv": [ 0, 0, 1, 16 ] },
                "south": { "texture": "#acacia_planks", "uv": [ 0, 0, 1, 16 ] },
                "west": { "texture": "#acacia_planks", "uv": [ 0, 0, 1, 16 ] }
            }
        },
        {
            "name": "Cube",
            "from": [ 15, 0, 15 ], 
            "to": [ 16, 16, 16 ], 
            "faces": {
                "north": { "texture": "#acacia_planks", "uv": [ 0, 0, 1, 16 ] },
                "east": { "texture": "#acacia_planks", "uv": [ 0, 0, 1, 16 ] },
                "south": { "texture": "#acacia_planks", "uv": [ 0, 0, 1, 16 ] },
                "west": { "texture": "#acacia_planks", "uv": [ 0, 0, 1, 16 ] }
            }
        },
        {
            "name": "Cube",
            "from": [ 0, 0, 15 ], 
            "to": [ 1, 16, 16 ], 
            "faces": {
                "north": { "texture": "#acacia_planks", "uv": [ 0, 0, 1, 16 ] },
                "east": { "texture": "#acacia_planks", "uv": [ 0, 0, 1, 16 ] },
                "south": { "texture": "#acacia_planks", "uv": [ 0, 0, 1, 16 ] },
                "west": { "texture": "#acacia_planks", "uv": [ 0, 0, 1, 16 ] }
            }
        },
        {
            "name": "Cube",
            "from": [ 1, 1, 1 ], 
            "to": [ 15, 15, 15 ], 
            "faces": {
                "north": { "texture": "#acacia_planks", "uv": [ 0, 0, 14, 14 ] },
                "east": { "texture": "#acacia_planks", "uv": [ 0, 0, 14, 14 ] },
                "south": { "texture": "#acacia_planks", "uv": [ 0, 0, 14, 14 ] },
                "west": { "texture": "#acacia_planks", "uv": [ 0, 0, 14, 14 ] },
                "up": { "texture": "#acacia_planks", "uv": [ 0, 0, 14, 14 ] },
                "down": { "texture": "#acacia_planks", "uv": [ 0, 0, 14, 14 ] }
            }
        },
        {
            "name": "Cube",
            "from": [ 0, -2, 7.5 ], 
            "to": [ 1, 18, 8.5 ], 
            "rotation": { "origin": [ 8, 8, 8 ], "axis": "x", "angle": 45.0 },
            "faces": {
                "north": { "texture": "#acacia_planks", "uv": [ 0, 0, 1, 16 ] },
                "east": { "texture": "#acacia_planks", "uv": [ 0, 0, 1, 16 ] },
                "south": { "texture": "#acacia_planks", "uv": [ 0, 0, 1, 16 ] },
                "west": { "texture": "#acacia_planks", "uv": [ 0, 0, 1, 16 ] },
                "up": { "texture": "#acacia_planks", "uv": [ 0, 0, 1, 1 ] },
                "down": { "texture": "#acacia_planks", "uv": [ 0, 0, 1, 1 ] }
            }
        },
        {
            "name": "Cube",
            "from": [ 15, -2, 7.5 ], 
            "to": [ 16, 18, 8.5 ], 
            "rotation": { "origin": [ 8, 8, 8 ], "axis": "x", "angle": -45.0 },
            "faces": {
                "north": { "texture": "#acacia_planks", "uv": [ 0, 0, 1, 16 ] },
                "east": { "texture": "#acacia_planks", "uv": [ 0, 0, 1, 16 ] },
                "south": { "texture": "#acacia_planks", "uv": [ 0, 0, 1, 16 ] },
                "west": { "texture": "#acacia_planks", "uv": [ 0, 0, 1, 16 ] },
                "up": { "texture": "#acacia_planks", "uv": [ 0, 0, 1, 1 ] },
                "down": { "texture": "#acacia_planks", "uv": [ 0, 0, 1, 1 ] }
            }
        },
        {
            "name": "Cube",
            "from": [ 7.5, -2, 0 ], 
            "to": [ 8.5, 18, 1 ], 
            "rotation": { "origin": [ 8, 8, 8 ], "axis": "z", "angle": 45.0 },
            "faces": {
                "north": { "texture": "#acacia_planks", "uv": [ 0, 0, 1, 16 ] },
                "east": { "texture": "#acacia_planks", "uv": [ 0, 0, 1, 16 ] },
                "south": { "texture": "#acacia_planks", "uv": [ 0, 0, 1, 16 ] },
                "west": { "texture": "#acacia_planks", "uv": [ 0, 0, 1, 16 ] },
                "up": { "texture": "#acacia_planks", "uv": [ 0, 0, 1, 1 ] },
                "down": { "texture": "#acacia_planks", "uv": [ 0, 0, 1, 1 ] }
            }
        },
        {
            "name": "Cube",
            "from": [ 7.5, -2, 15 ], 
            "to": [ 8.5, 18, 16 ], 
            "rotation": { "origin": [ 8, 8, 8 ], "axis": "z", "angle": -45.0 },
            "faces": {
                "north": { "texture": "#acacia_planks", "uv": [ 0, 0, 1, 16 ] },
                "east": { "texture": "#acacia_planks", "uv": [ 0, 0, 1, 16 ] },
                "south": { "texture": "#acacia_planks", "uv": [ 0, 0, 1, 16 ] },
                "west": { "texture": "#acacia_planks", "uv": [ 0, 0, 1, 16 ] },
                "up": { "texture": "#acacia_planks", "uv": [ 0, 0, 1, 1 ] },
                "down": { "texture": "#acacia_planks", "uv": [ 0, 0, 1, 1 ] }
            }
        },
        {
            "name": "Cube",
            "from": [ -2, 0, 7.5 ], 
            "to": [ 18, 1, 8.5 ], 
            "rotation": { "origin": [ 8, 8, 8 ], "axis": "y", "angle": 45.0 },
            "faces": {
                "north": { "texture": "#acacia_planks", "uv": [ 0, 0, 16, 1 ] },
                "east": { "texture": "#acacia_planks", "uv": [ 0, 0, 1, 1 ] },
                "south": { "texture": "#acacia_planks", "uv": [ 0, 0, 16, 1 ] },
                "west": { "texture": "#acacia_planks", "uv": [ 0, 0, 1, 1 ] },
                "up": { "texture": "#acacia_planks", "uv": [ 0, 0, 16, 1 ] },
                "down": { "texture": "#acacia_planks", "uv": [ 0, 0, 16, 1 ] }
            }
        },
        {
            "name": "Cube",
            "from": [ -2, 15, 7.5 ], 
            "to": [ 18, 16, 8.5 ], 
            "rotation": { "origin": [ 8, 8, 8 ], "axis": "y", "angle": -45.0 },
            "faces": {
                "north": { "texture": "#acacia_planks", "uv": [ 0, 0, 16, 1 ] },
                "east": { "texture": "#acacia_planks", "uv": [ 0, 0, 1, 1 ] },
                "south": { "texture": "#acacia_planks", "uv": [ 0, 0, 16, 1 ] },
                "west": { "texture": "#acacia_planks", "uv": [ 0, 0, 1, 1 ] },
                "up": { "texture": "#acacia_planks", "uv": [ 0, 0, 16, 1 ] },
                "down": { "texture": "#acacia_planks", "uv": [ 0, 0, 16, 1 ] }
            }
        }
    ]
}