{
	"credit": "Made with Blockbench",
	"textures": {
		"0": "block/k9"
	},
	"elements": [
		{
			"name": "Cube",
			"from": [2, 0, 4],
			"to": [14, 0.5, 12],
			"faces": {
				"north": {"uv": [2, 1, 3, 1.5], "texture": "#0"},
				"east": {"uv": [2, 2, 3, 2.5], "texture": "#0"},
				"south": {"uv": [2, 1, 3, 1.5], "texture": "#0"},
				"west": {"uv": [2, 1, 3, 1.5], "texture": "#0"},
				"up": {"uv": [2, 1, 3, 1], "texture": "#0"},
				"down": {"uv": [2, 1, 3, 2], "texture": "#0"}
			}
		},
		{
			"name": "Cube",
			"from": [2.5, 0.5, 4.5],
			"to": [13.5, 4.5, 11.5],
			"faces": {
				"north": {"uv": [3, 7, 4, 8], "texture": "#0"},
				"east": {"uv": [3, 7, 4, 8], "texture": "#0"},
				"south": {"uv": [3, 8, 4, 9], "texture": "#0"},
				"west": {"uv": [3, 8, 4, 9], "texture": "#0"},
				"up": {"uv": [4, 7, 5, 8], "texture": "#0"},
				"down": {"uv": [0, 0, 11, 7], "texture": "#0"}
			}
		},
		{
			"name": "Cube",
			"from": [3, 4.5, 5],
			"to": [13, 8.5, 11],
			"faces": {
				"north": {"uv": [11, 0, 16, 4], "texture": "#0"},
				"east": {"uv": [3, 7, 4, 8], "texture": "#0"},
				"south": {"uv": [11, 0, 16, 4], "texture": "#0"},
				"west": {"uv": [2, 7, 3, 8], "texture": "#0"},
				"up": {"uv": [3, 8, 5, 9], "texture": "#0"},
				"down": {"uv": [5, 7, 6, 8], "texture": "#0"}
			}
		},
		{
			"name": "Cube",
			"from": [3.5, 10, 7],
			"to": [5.5, 14, 9],
			"rotation": {"angle": 45, "axis": "z", "origin": [8, 8, 8]},
			"faces": {
				"north": {"uv": [6, 0, 10, 5], "texture": "#0"},
				"east": {"uv": [6, 0, 10, 5], "texture": "#0"},
				"south": {"uv": [6, 0, 10, 5], "texture": "#0"},
				"west": {"uv": [6, 0, 10, 5], "texture": "#0"},
				"up": {"uv": [0, 0, 2, 2], "texture": "#0"},
				"down": {"uv": [6, 0, 10, 5], "texture": "#0"}
			}
		},
		{
			"name": "Cube",
			"from": [6, 8.5, 6.5],
			"to": [12, 8.7, 9.5],
			"faces": {
				"north": {"uv": [5, 8, 6, 8.5], "texture": "#0"},
				"east": {"uv": [3, 8, 4, 8.5], "texture": "#0"},
				"south": {"uv": [3, 8, 4, 8.5], "texture": "#0"},
				"west": {"uv": [4, 7, 4, 7.5], "texture": "#0"},
				"up": {"uv": [10.8, 9, 12.5, 13.3], "rotation": 90, "texture": "#0"},
				"down": {"uv": [3, 7, 4, 7], "texture": "#0"}
			}
		},
		{
			"name": "Cube",
			"from": [0, 8.5, 6.5],
			"to": [3, 12.5, 9.5],
			"faces": {
				"north": {"uv": [2, 8, 3, 9], "texture": "#0"},
				"east": {"uv": [2, 7, 3, 8], "texture": "#0"},
				"south": {"uv": [5, 7, 6, 8], "texture": "#0"},
				"west": {"uv": [2.4, 11, 5.2, 13.5], "texture": "#0"},
				"up": {"uv": [3, 7, 4, 8], "texture": "#0"},
				"down": {"uv": [3, 7, 4, 8], "texture": "#0"}
			}
		},
		{
			"name": "Cube",
			"from": [-1, 11.5, 6.5],
			"to": [2, 13.5, 9.5],
			"rotation": {"angle": 22.5, "axis": "z", "origin": [8, 8, 8]},
			"faces": {
				"north": {"uv": [2, 7, 3, 7.5], "texture": "#0"},
				"east": {"uv": [3, 8, 4, 8.5], "texture": "#0"},
				"south": {"uv": [3, 7, 4, 7.5], "texture": "#0"},
				"west": {"uv": [3, 7, 4, 7.5], "texture": "#0"},
				"up": {"uv": [3, 7, 4, 8], "texture": "#0"},
				"down": {"uv": [4, 8, 5, 9], "texture": "#0"}
			}
		},
		{
			"name": "Cube",
			"from": [-1.5, 11.7, 7],
			"to": [-1, 13.2, 9],
			"rotation": {"angle": 22.5, "axis": "z", "origin": [8, 8, 8]},
			"faces": {
				"north": {"uv": [3, 7, 3.5, 8.5], "texture": "#0"},
				"east": {"uv": [6, 8, 8, 9.5], "texture": "#0"},
				"south": {"uv": [4, 8, 4.5, 9.5], "texture": "#0"},
				"west": {"uv": [7, 5, 9, 6.5], "texture": "#0"},
				"up": {"uv": [7, 5, 9.3, 5.6], "rotation": 270, "texture": "#0"},
				"down": {"uv": [4, 6, 4.5, 8], "texture": "#0"}
			}
		},
		{
			"name": "Cube",
			"from": [11.5, 5, 7.7],
			"to": [14.5, 5.5, 8.2],
			"rotation": {"angle": 45, "axis": "z", "origin": [8, 8, 8]},
			"faces": {
				"north": {"uv": [4, 7, 5, 8.2], "texture": "#0"},
				"east": {"uv": [4, 9, 4.5, 9.5], "texture": "#0"},
				"south": {"uv": [3, 8, 6, 8.5], "texture": "#0"},
				"west": {"uv": [3, 8, 3.5, 8.5], "texture": "#0"},
				"up": {"uv": [3, 8, 6, 8.5], "texture": "#0"},
				"down": {"uv": [3, 8, 4, 8.2], "texture": "#0"}
			}
		},
		{
			"name": "Cube",
			"from": [14.3, 10.5, 7.7],
			"to": [15.3, 11, 8.2],
			"faces": {
				"north": {"uv": [3, 8, 4, 8.5], "texture": "#0"},
				"east": {"uv": [4, 8, 4.5, 8.5], "texture": "#0"},
				"south": {"uv": [4, 8, 5, 8.5], "texture": "#0"},
				"west": {"uv": [4, 7, 4.5, 7.5], "texture": "#0"},
				"up": {"uv": [4, 8, 5, 8.5], "texture": "#0"},
				"down": {"uv": [3, 8, 4, 8.5], "texture": "#0"}
			}
		},
		{
			"name": "Cube",
			"from": [1, 12, 8.3],
			"to": [2, 14, 9.3],
			"faces": {
				"north": {"uv": [2, 7, 3, 9], "texture": "#0"},
				"east": {"uv": [3, 8, 4, 10], "texture": "#0"},
				"south": {"uv": [4, 8, 5, 10], "texture": "#0"},
				"west": {"uv": [3, 7, 4, 9], "texture": "#0"},
				"up": {"uv": [4, 8, 5, 9], "texture": "#0"},
				"down": {"uv": [3, 7, 4, 8], "texture": "#0"}
			}
		},
		{
			"name": "Cube",
			"from": [1, 12, 6.7],
			"to": [2, 14, 7.7],
			"faces": {
				"north": {"uv": [2, 7, 3, 9], "texture": "#0"},
				"east": {"uv": [3, 8, 4, 10], "texture": "#0"},
				"south": {"uv": [4, 8, 5, 10], "texture": "#0"},
				"west": {"uv": [3, 7, 4, 9], "texture": "#0"},
				"up": {"uv": [4, 8, 5, 9], "texture": "#0"},
				"down": {"uv": [3, 7, 4, 8], "texture": "#0"}
			}
		}
	],
	"display": {
		"thirdperson_righthand": {
			"scale": [0.4, 0.4, 0.4]
		},
		"thirdperson_lefthand": {
			"scale": [0.4, 0.4, 0.4]
		},
		"firstperson_righthand": {
			"scale": [0.5, 0.5, 0.5]
		},
		"firstperson_lefthand": {
			"scale": [0.5, 0.5, 0.5]
		},
		"head": {
			"rotation": [0, -90, 0],
			"translation": [14.5, -19.5, -1.5],
			"scale": [2, 2, 2]
		},
		"gui": {
			"scale": [0.8, 0.8, 0.8],
			"translation": [0, 2, 0],
			"rotation": [45, 45, 0]
		}
	}
}