{
    "__comment": "Model generated using MrCrayfish's Model Creator (http://mrcrayfish.com/modelcreator/)",
    "textures": {
        "0": "block/quartz_block_top",
        "1": "block/glass_blue",
        "2": "block/red_glass"
    },
    "elements": [
        {
            "name": "Cube",
            "from": [ -0.5, 8.0, -0.5 ], 
            "to": [ 0.0, 9.0, 6.5 ], 
            "shade": false,
            "faces": {
                "north": { "texture": "#0", "uv": [ 0.0, 0.0, 0.5, 1.0 ] },
                "east": { "texture": "#0", "uv": [ 0.0, 0.0, 7.0, 1.0 ] },
                "south": { "texture": "#0", "uv": [ 0.0, 0.0, 0.5, 1.0 ] },
                "west": { "texture": "#0", "uv": [ 0.0, 0.0, 7.0, 1.0 ] },
                "up": { "texture": "#0", "uv": [ 0.0, 0.0, 0.5, 7.0 ] },
                "down": { "texture": "#0", "uv": [ 0.0, 0.0, 0.5, 7.0 ] }
            }
        },
        {
            "name": "Cube",
            "from": [ -0.5, 8.0, -0.5 ], 
            "to": [ 16.5, 9.0, 0.0 ], 
            "shade": false,
            "faces": {
                "north": { "texture": "#0", "uv": [ 0.0, 0.0, 17.0, 1.0 ] },
                "east": { "texture": "#0", "uv": [ 0.0, 0.0, 0.5, 1.0 ] },
                "south": { "texture": "#0", "uv": [ 0.0, 0.0, 17.0, 1.0 ] },
                "west": { "texture": "#0", "uv": [ 0.0, 0.0, 0.5, 1.0 ] },
                "up": { "texture": "#0", "uv": [ 0.0, 0.0, 17.0, 0.5 ] },
                "down": { "texture": "#0", "uv": [ 0.0, 0.0, 17.0, 0.5 ] }
            }
        },
        {
            "name": "Cube",
            "from": [ 0.5, 5.5, -0.5 ], 
            "to": [ 6.5, 6.0, 0.0 ], 
            "shade": false,
            "faces": {
                "north": { "texture": "#0", "uv": [ 0.0, 0.0, 6.0, 0.5 ] },
                "east": { "texture": "#0", "uv": [ 0.0, 0.0, 0.5, 0.5 ] },
                "south": { "texture": "#0", "uv": [ 0.0, 0.0, 6.0, 0.5 ] },
                "west": { "texture": "#0", "uv": [ 0.0, 0.0, 0.5, 0.5 ] },
                "up": { "texture": "#0", "uv": [ 0.0, 0.0, 6.0, 0.5 ] },
                "down": { "texture": "#0", "uv": [ 0.0, 0.0, 6.0, 0.5 ] }
            }
        },
        {
            "name": "Cube",
            "from": [ -0.0, 6.0, -0.5 ], 
            "to": [ 2.0, 8.0, 0.0 ], 
            "shade": false,
            "faces": {
                "north": { "texture": "#0", "uv": [ 0.0, 0.0, 2.0, 2.0 ] },
                "east": { "texture": "#0", "uv": [ 0.0, 0.0, 0.5, 2.0 ] },
                "south": { "texture": "#0", "uv": [ 0.0, 0.0, 2.0, 2.0 ] },
                "west": { "texture": "#0", "uv": [ 0.0, 0.0, 0.5, 2.0 ] },
                "up": { "texture": "#0", "uv": [ 0.0, 0.0, 2.0, 0.5 ] },
                "down": { "texture": "#0", "uv": [ 0.0, 0.0, 2.0, 0.5 ] }
            }
        },
        {
            "name": "Cube",
            "from": [ 9.5, 5.5, -0.5 ], 
            "to": [ 15.5, 6.0, 0.0 ], 
            "shade": false,
            "faces": {
                "north": { "texture": "#0", "uv": [ 0.0, 0.0, 6.0, 0.5 ] },
                "east": { "texture": "#0", "uv": [ 0.0, 0.0, 0.5, 0.5 ] },
                "south": { "texture": "#0", "uv": [ 0.0, 0.0, 6.0, 0.5 ] },
                "west": { "texture": "#0", "uv": [ 0.0, 0.0, 0.5, 0.5 ] },
                "up": { "texture": "#0", "uv": [ 0.0, 0.0, 6.0, 0.5 ] },
                "down": { "texture": "#0", "uv": [ 0.0, 0.0, 6.0, 0.5 ] }
            }
        },
        {
            "name": "Cube",
            "from": [ 6.0, 6.0, -0.5 ], 
            "to": [ 10.0, 8.0, 0.0 ], 
            "shade": false,
            "faces": {
                "north": { "texture": "#0", "uv": [ 0.0, 0.0, 4.0, 2.0 ] },
                "east": { "texture": "#0", "uv": [ 0.0, 0.0, 0.5, 2.0 ] },
                "south": { "texture": "#0", "uv": [ 0.0, 0.0, 4.0, 2.0 ] },
                "west": { "texture": "#0", "uv": [ 0.0, 0.0, 0.5, 2.0 ] },
                "up": { "texture": "#0", "uv": [ 0.0, 0.0, 4.0, 0.5 ] },
                "down": { "texture": "#0", "uv": [ 0.0, 0.0, 4.0, 0.5 ] }
            }
        },
        {
            "name": "Cube",
            "from": [ 2.0, 6.0, -0.5 ], 
            "to": [ 6.0, 8.0, 0.0 ], 
            "faces": {
                "north": { "texture": "#1", "uv": [ 0.0, 0.0, 4.0, 2.0 ] },
                "east": { "texture": "#1", "uv": [ 0.0, 0.0, 0.5, 2.0 ] },
                "south": { "texture": "#1", "uv": [ 0.0, 0.0, 4.0, 2.0 ] },
                "west": { "texture": "#1", "uv": [ 0.0, 0.0, 0.5, 2.0 ] },
                "up": { "texture": "#1", "uv": [ 0.0, 0.0, 4.0, 0.5 ] },
                "down": { "texture": "#1", "uv": [ 0.0, 0.0, 4.0, 0.5 ] }
            }
        },
        {
            "name": "Cube",
            "from": [ 10.0, 6.0, -0.5 ], 
            "to": [ 14.0, 8.0, 0.0 ], 
            "faces": {
                "north": { "texture": "#2", "uv": [ 0.0, 0.0, 4.0, 2.0 ] },
                "east": { "texture": "#2", "uv": [ 0.0, 0.0, 0.5, 2.0 ] },
                "south": { "texture": "#2", "uv": [ 0.0, 0.0, 4.0, 2.0 ] },
                "west": { "texture": "#2", "uv": [ 0.0, 0.0, 0.5, 2.0 ] },
                "up": { "texture": "#2", "uv": [ 0.0, 0.0, 4.0, 0.5 ] },
                "down": { "texture": "#2", "uv": [ 0.0, 0.0, 4.0, 0.5 ] }
            }
        },
        {
            "name": "Cube",
            "from": [ 16.0, 8.0, 0.0 ], 
            "to": [ 16.5, 9.0, 7.0 ], 
            "shade": false,
            "faces": {
                "north": { "texture": "#0", "uv": [ 0.0, 0.0, 0.5, 1.0 ] },
                "east": { "texture": "#0", "uv": [ 0.0, 0.0, 7.0, 1.0 ] },
                "south": { "texture": "#0", "uv": [ 0.0, 0.0, 0.5, 1.0 ] },
                "west": { "texture": "#0", "uv": [ 0.0, 0.0, 7.0, 1.0 ] },
                "up": { "texture": "#0", "uv": [ 0.0, 0.0, 0.5, 7.0 ] },
                "down": { "texture": "#0", "uv": [ 0.0, 0.0, 0.5, 7.0 ] }
            }
        },
        {
            "name": "Cube",
            "from": [ 14.0, 6.0, -0.5 ], 
            "to": [ 16.0, 8.0, 0.0 ], 
            "shade": false,
            "faces": {
                "north": { "texture": "#0", "uv": [ 0.0, 0.0, 2.0, 2.0 ] },
                "east": { "texture": "#0", "uv": [ 0.0, 0.0, 0.5, 2.0 ] },
                "south": { "texture": "#0", "uv": [ 0.0, 0.0, 2.0, 2.0 ] },
                "west": { "texture": "#0", "uv": [ 0.0, 0.0, 0.5, 2.0 ] },
                "up": { "texture": "#0", "uv": [ 0.0, 0.0, 2.0, 0.5 ] },
                "down": { "texture": "#0", "uv": [ 0.0, 0.0, 2.0, 0.5 ] }
            }
        }
    ]
}