{
    "__comment": "Model generated using MrCrayfish's Model Creator (http://mrcrayfish.com/modelcreator/)",
    "textures": {
        "0": "block/gray_wool",
        "1": "block/acacia_log"
    },
    "elements": [
        {
            "name": "Cube",
            "from": [ 0.0, 6.0, 0.0 ], 
            "to": [ 16.0, 9.0, 16.0 ], 
            "faces": {
                "north": { "texture": "#0", "uv": [ 0.0, 0.0, 16.0, 3.0 ] },
                "east": { "texture": "#0", "uv": [ 0.0, 0.0, 16.0, 3.0 ] },
                "south": { "texture": "#0", "uv": [ 0.0, 0.0, 16.0, 3.0 ] },
                "west": { "texture": "#0", "uv": [ 0.0, 0.0, 16.0, 3.0 ] },
                "up": { "texture": "#0", "uv": [ 0.0, 0.0, 16.0, 16.0 ] },
                "down": { "texture": "#0", "uv": [ 0.0, 0.0, 16.0, 16.0 ] }
            }
        },
        {
            "name": "Cube",
            "from": [ 14.0, 9.0, 0.0 ], 
            "to": [ 16.0, 22.0, 16.0 ], 
            "faces": {
                "north": { "texture": "#0", "uv": [ 0.0, 0.0, 2.0, 13.0 ] },
                "east": { "texture": "#0", "uv": [ 0.0, 0.0, 16.0, 13.0 ] },
                "south": { "texture": "#0", "uv": [ 0.0, 0.0, 2.0, 13.0 ] },
                "west": { "texture": "#0", "uv": [ 0.0, 0.0, 16.0, 13.0 ] },
                "up": { "texture": "#0", "uv": [ 0.0, 0.0, 2.0, 16.0 ] },
                "down": { "texture": "#0", "uv": [ 0.0, 0.0, 2.0, 16.0 ] }
            }
        },
        {
            "name": "Cube",
            "from": [ 0.0, 0.0, 0.0 ], 
            "to": [ 16.0, 2.0, 16.0 ], 
            "faces": {
                "north": { "texture": "#0", "uv": [ 0.0, 0.0, 16.0, 2.0 ] },
                "east": { "texture": "#0", "uv": [ 0.0, 0.0, 16.0, 2.0 ] },
                "south": { "texture": "#0", "uv": [ 0.0, 0.0, 16.0, 2.0 ] },
                "west": { "texture": "#0", "uv": [ 0.0, 0.0, 16.0, 2.0 ] },
                "up": { "texture": "#0", "uv": [ 0.0, 0.0, 16.0, 16.0 ] },
                "down": { "texture": "#0", "uv": [ 0.0, 0.0, 16.0, 16.0 ] }
            }
        },
        {
            "name": "Cube",
            "from": [ 2.0, 2.0, 0.0 ], 
            "to": [ 14.0, 3.0, 16.0 ], 
            "faces": {
                "north": { "texture": "#0", "uv": [ 0.0, 0.0, 12.0, 1.0 ] },
                "east": { "texture": "#0", "uv": [ 0.0, 0.0, 16.0, 1.0 ] },
                "south": { "texture": "#0", "uv": [ 0.0, 0.0, 12.0, 1.0 ] },
                "west": { "texture": "#0", "uv": [ 0.0, 0.0, 16.0, 1.0 ] },
                "up": { "texture": "#0", "uv": [ 0.0, 0.0, 12.0, 16.0 ] },
                "down": { "texture": "#0", "uv": [ 0.0, 0.0, 12.0, 16.0 ] }
            }
        },
        {
            "name": "Cube",
            "from": [ 8.0, 9.0, 0.5 ], 
            "to": [ 10.0, 17.0, 15.5 ], 
            "rotation": { "origin": [ 8.0, 8.0, 8.0 ], "axis": "z", "angle": -45.0 },
            "faces": {
                "north": { "texture": "#0", "uv": [ 0.0, 0.0, 2.0, 8.0 ] },
                "east": { "texture": "#0", "uv": [ 0.0, 0.0, 15.0, 8.0 ] },
                "south": { "texture": "#0", "uv": [ 0.0, 0.0, 2.0, 8.0 ] },
                "west": { "texture": "#1", "uv": [ 0.0, 0.0, 16.0, 16.0 ], "rotation": 90 },
                "up": { "texture": "#0", "uv": [ 0.0, 0.0, 2.0, 15.0 ] },
                "down": { "texture": "#0", "uv": [ 0.0, 0.0, 2.0, 15.0 ] }
            }
        },
        {
            "name": "Cube",
            "from": [ 11.5, 9.0, 0.5 ], 
            "to": [ 14.0, 11.5, 15.5 ], 
            "faces": {
                "north": { "texture": "#0", "uv": [ 0.0, 0.0, 2.5, 2.5 ] },
                "east": { "texture": "#0", "uv": [ 0.0, 0.0, 15.0, 2.5 ] },
                "south": { "texture": "#0", "uv": [ 0.0, 0.0, 2.5, 2.5 ] },
                "west": { "texture": "#0", "uv": [ 0.0, 0.0, 15.0, 2.5 ] },
                "up": { "texture": "#0", "uv": [ 0.0, 0.0, 2.5, 15.0 ] },
                "down": { "texture": "#0", "uv": [ 0.0, 0.0, 2.5, 15.0 ] }
            }
        },
        {
            "name": "Cube",
            "from": [ 13.5, 13.0, 0.5 ], 
            "to": [ 14.0, 21.5, 15.5 ], 
            "faces": {
                "north": { "texture": "#0", "uv": [ 0.0, 0.0, 0.5, 8.5 ] },
                "east": { "texture": "#0", "uv": [ 0.0, 0.0, 15.0, 8.5 ] },
                "south": { "texture": "#0", "uv": [ 0.0, 0.0, 0.5, 8.5 ] },
                "west": { "texture": "#1", "uv": [ 0.0, 0.0, 16.0, 15.5 ], "rotation": 90 },
                "up": { "texture": "#0", "uv": [ 0.0, 0.0, 7.5, 15.0 ] },
                "down": { "texture": "#0", "uv": [ 0.0, 0.0, 0.5, 15.0 ] }
            }
        },
        {
            "name": "Cube",
            "from": [ 0.5, 9.0, 0.5 ], 
            "to": [ 11.0, 9.5, 15.5 ], 
            "faces": {
                "north": { "texture": "#0", "uv": [ 0.0, 0.0, 10.5, 0.5 ] },
                "east": { "texture": "#0", "uv": [ 0.0, 0.0, 15.0, 0.5 ] },
                "south": { "texture": "#0", "uv": [ 0.0, 0.0, 10.5, 0.5 ] },
                "west": { "texture": "#0", "uv": [ 0.0, 0.0, 15.0, 0.5 ] },
                "up": { "texture": "#1", "uv": [ 0.0, 0.0, 15.5, 16.0 ] },
                "down": { "texture": "#0", "uv": [ 0.0, 0.0, 10.5, 15.0 ] }
            }
        },
        {
            "name": "Cube",
            "from": [ 2.0, 5.0, 0.0 ], 
            "to": [ 14.0, 6.0, 16.0 ], 
            "faces": {
                "north": { "texture": "#0", "uv": [ 0.0, 0.0, 12.0, 1.0 ] },
                "east": { "texture": "#0", "uv": [ 0.0, 0.0, 16.0, 1.0 ] },
                "south": { "texture": "#0", "uv": [ 0.0, 0.0, 12.0, 1.0 ] },
                "west": { "texture": "#0", "uv": [ 0.0, 0.0, 16.0, 1.0 ] },
                "up": { "texture": "#0", "uv": [ 0.0, 0.0, 12.0, 16.0 ] },
                "down": { "texture": "#0", "uv": [ 0.0, 0.0, 12.0, 16.0 ] }
            }
        },
        {
            "name": "Cube",
            "from": [ 3.0, 3.0, 0.0 ], 
            "to": [ 13.0, 5.0, 16.0 ], 
            "faces": {
                "north": { "texture": "#0", "uv": [ 0.0, 0.0, 10.0, 2.0 ] },
                "east": { "texture": "#0", "uv": [ 0.0, 0.0, 16.0, 2.0 ] },
                "south": { "texture": "#0", "uv": [ 0.0, 0.0, 10.0, 2.0 ] },
                "west": { "texture": "#0", "uv": [ 0.0, 0.0, 16.0, 2.0 ] },
                "up": { "texture": "#0", "uv": [ 0.0, 0.0, 10.0, 16.0 ] },
                "down": { "texture": "#0", "uv": [ 0.0, 0.0, 10.0, 16.0 ] }
            }
        }
    ]
}