{
    "__comment": "Model generated using MrCrayfish's Model Creator (http://mrcrayfish.com/modelcreator/)",
    "textures": {
        "0": "block/iron_block",
        "1": "block/1stconsole",
        "2": "block/glass"
    },
    "elements": [
        {
            "name": "Cube",
            "from": [ 3.0, 0.0, 3.0 ], 
            "to": [ 13.0, 2.0, 13.0 ], 
            "faces": {
                "north": { "texture": "#0", "uv": [ 0.0, 0.0, 16.0, 3.0 ] },
                "east": { "texture": "#0", "uv": [ 0.0, 0.0, 16.0, 3.0 ] },
                "south": { "texture": "#0", "uv": [ 0.0, 0.0, 16.0, 3.0 ] },
                "west": { "texture": "#0", "uv": [ 0.0, 0.0, 16.0, 3.0 ] },
                "up": { "texture": "#0", "uv": [ 0.0, 0.0, 16.0, 16.0 ] },
                "down": { "texture": "#0", "uv": [ 0.0, 0.0, 16.0, 16.0 ] }
            }
        },
        {
            "name": "Cube",
            "from": [ 1.0, 0.0, 7.5 ], 
            "to": [ 15.0, 14.0, 8.0 ], 
            "faces": {
                "north": { "texture": "#1", "uv": [ 2.0, 1.0, 14.0, 16.0 ] },
                "south": { "texture": "#1", "uv": [ 14.0, 1.0, 2.0, 16.0 ] },
                "down": { "texture": "#-1", "uv": [ 0.0, 0.0, 16.0, 1.5 ] }
            }
        },
        {
            "name": "Cube",
            "from": [ 8.0, 0.0, 1.0 ], 
            "to": [ 8.5, 14.0, 15.0 ], 
            "faces": {
                "east": { "texture": "#1", "uv": [ 2.0, 1.0, 14.0, 16.0 ] },
                "west": { "texture": "#1", "uv": [ 14.0, 1.0, 1.0, 16.0 ] }
            }
        },
        {
            "name": "Cube",
            "from": [ 0.0, 0.0, 0.0 ], 
            "to": [ 16.0, 16.0, 16.0 ], 
            "faces": {
                "north": { "texture": "#2", "uv": [ 0.0, 0.0, 16.0, 16.0 ] },
                "east": { "texture": "#2", "uv": [ 0.0, 0.0, 16.0, 16.0 ] },
                "south": { "texture": "#2", "uv": [ 0.0, 0.0, 16.0, 16.0 ] },
                "west": { "texture": "#2", "uv": [ 0.0, 0.0, 16.0, 16.0 ] },
                "up": { "texture": "#2", "uv": [ 0.0, 0.0, 16.0, 16.0 ] },
                "down": { "texture": "#2", "uv": [ 0.0, 0.0, 16.0, 16.0 ] }
            }
        }
    ]
}