{
    "__comment": "Model generated using MrCrayfish's Model Creator (http://mrcrayfish.com/modelcreator/)",
    "parent": "block/cube_all",      
    "textures": {
        "0": "block/obsidian"
    },
    "elements": [
        {
            "name": "Cube",
            "from": [ 0.0, 0.0, 0.0 ], 
            "to": [ 2.0, 16.0, 2.0 ], 
            "faces": {
                "north": { "texture": "#0", "uv": [ 0.0, 0.0, 3.0, 8.0 ] },
                "east": { "texture": "#0", "uv": [ 0.0, 0.0, 2.0, 8.0 ] },
                "south": { "texture": "#0", "uv": [ 0.0, 0.0, 2.0, 8.0 ] },
                "west": { "texture": "#0", "uv": [ 0.0, 0.0, 2.0, 8.0 ] },
                "up": { "texture": "#0", "uv": [ 0.0, 0.0, 2.0, 2.0 ] },
                "down": { "texture": "#0", "uv": [ 0.0, 0.0, 2.0, 3.0 ] }
            }
        },
        {
            "name": "Cube",
            "from": [ 0.0, 0.0, 14.0 ], 
            "to": [ 2.0, 16.0, 16.0 ], 
            "faces": {
                "north": { "texture": "#0", "uv": [ 0.0, 0.0, 3.0, 8.0 ] },
                "east": { "texture": "#0", "uv": [ 0.0, 0.0, 2.0, 8.0 ] },
                "south": { "texture": "#0", "uv": [ 0.0, 0.0, 2.0, 8.0 ] },
                "west": { "texture": "#0", "uv": [ 0.0, 0.0, 2.0, 8.0 ] },
                "up": { "texture": "#0", "uv": [ 0.0, 0.0, 2.0, 2.0 ] },
                "down": { "texture": "#0", "uv": [ 0.0, 0.0, 2.0, 3.0 ] }
            }
        },
        {
            "name": "Cube",
            "from": [ 14.0, 0.0, 14.0 ], 
            "to": [ 16.0, 16.0, 16.0 ], 
            "faces": {
                "north": { "texture": "#0", "uv": [ 0.0, 0.0, 3.0, 8.0 ] },
                "east": { "texture": "#0", "uv": [ 0.0, 0.0, 2.0, 8.0 ] },
                "south": { "texture": "#0", "uv": [ 0.0, 0.0, 2.0, 8.0 ] },
                "west": { "texture": "#0", "uv": [ 0.0, 0.0, 2.0, 8.0 ] },
                "up": { "texture": "#0", "uv": [ 0.0, 0.0, 2.0, 2.0 ] },
                "down": { "texture": "#0", "uv": [ 0.0, 0.0, 2.0, 3.0 ] }
            }
        },
        {
            "name": "Cube",
            "from": [ 14.0, 0.0, 0.0 ], 
            "to": [ 16.0, 16.0, 2.0 ], 
            "faces": {
                "north": { "texture": "#0", "uv": [ 0.0, 0.0, 3.0, 8.0 ] },
                "east": { "texture": "#0", "uv": [ 0.0, 0.0, 2.0, 8.0 ] },
                "south": { "texture": "#0", "uv": [ 0.0, 0.0, 2.0, 8.0 ] },
                "west": { "texture": "#0", "uv": [ 0.0, 0.0, 2.0, 8.0 ] },
                "up": { "texture": "#0", "uv": [ 0.0, 0.0, 2.0, 2.0 ] },
                "down": { "texture": "#0", "uv": [ 0.0, 0.0, 2.0, 3.0 ] }
            }
        },
        {
            "name": "Cube",
            "from": [ 14.0, 0.0, 2.0 ], 
            "to": [ 16.0, 2.0, 14.0 ], 
            "faces": {
                "north": { "texture": "#0", "uv": [ 0.0, 0.0, 8.0, 2.0 ] },
                "east": { "texture": "#0", "uv": [ 0.0, 0.0, 8.0, 2.0 ] },
                "south": { "texture": "#0", "uv": [ 0.0, 0.0, 8.0, 2.0 ] },
                "west": { "texture": "#0", "uv": [ 0.0, 0.0, 8.0, 2.0 ] },
                "up": { "texture": "#0", "uv": [ 0.0, 0.0, 8.0, 2.0 ] },
                "down": { "texture": "#0", "uv": [ 0.0, 0.0, 8.0, 2.0 ] }
            }
        },
        {
            "name": "Cube",
            "from": [ 0.0, 0.0, 2.0 ], 
            "to": [ 2.0, 2.0, 14.0 ], 
            "faces": {
                "north": { "texture": "#0", "uv": [ 0.0, 0.0, 8.0, 2.0 ] },
                "east": { "texture": "#0", "uv": [ 0.0, 0.0, 8.0, 2.0 ] },
                "south": { "texture": "#0", "uv": [ 0.0, 0.0, 8.0, 2.0 ] },
                "west": { "texture": "#0", "uv": [ 0.0, 0.0, 8.0, 2.0 ] },
                "up": { "texture": "#0", "uv": [ 0.0, 0.0, 8.0, 2.0 ] },
                "down": { "texture": "#0", "uv": [ 0.0, 0.0, 8.0, 2.0 ] }
            }
        },
        {
            "name": "Cube",
            "from": [ 0.0, 14.0, 2.0 ], 
            "to": [ 2.0, 16.0, 14.0 ], 
            "faces": {
                "north": { "texture": "#0", "uv": [ 0.0, 0.0, 8.0, 2.0 ] },
                "east": { "texture": "#0", "uv": [ 0.0, 0.0, 8.0, 2.0 ] },
                "south": { "texture": "#0", "uv": [ 0.0, 0.0, 8.0, 2.0 ] },
                "west": { "texture": "#0", "uv": [ 0.0, 0.0, 8.0, 2.0 ] },
                "up": { "texture": "#0", "uv": [ 0.0, 0.0, 8.0, 2.0 ] },
                "down": { "texture": "#0", "uv": [ 0.0, 0.0, 8.0, 2.0 ] }
            }
        },
        {
            "name": "Cube",
            "from": [ 14.0, 14.0, 2.0 ], 
            "to": [ 16.0, 16.0, 14.0 ], 
            "faces": {
                "north": { "texture": "#0", "uv": [ 0.0, 0.0, 8.0, 2.0 ] },
                "east": { "texture": "#0", "uv": [ 0.0, 0.0, 8.0, 2.0 ] },
                "south": { "texture": "#0", "uv": [ 0.0, 0.0, 8.0, 2.0 ] },
                "west": { "texture": "#0", "uv": [ 0.0, 0.0, 8.0, 2.0 ] },
                "up": { "texture": "#0", "uv": [ 0.0, 0.0, 8.0, 2.0 ] },
                "down": { "texture": "#0", "uv": [ 0.0, 0.0, 8.0, 2.0 ] }
            }
        },
        {
            "name": "Cube",
            "from": [ 2.0, 14.0, 0.0 ], 
            "to": [ 14.0, 16.0, 2.0 ], 
            "faces": {
                "north": { "texture": "#0", "uv": [ 0.0, 0.0, 8.0, 2.0 ] },
                "east": { "texture": "#0", "uv": [ 0.0, 0.0, 8.0, 2.0 ] },
                "south": { "texture": "#0", "uv": [ 0.0, 0.0, 8.0, 2.0 ] },
                "west": { "texture": "#0", "uv": [ 0.0, 0.0, 8.0, 2.0 ] },
                "up": { "texture": "#0", "uv": [ 0.0, 0.0, 8.0, 2.0 ] },
                "down": { "texture": "#0", "uv": [ 0.0, 0.0, 8.0, 2.0 ] }
            }
        },
        {
            "name": "Cube",
            "from": [ 2.0, 0.0, 0.0 ], 
            "to": [ 14.0, 2.0, 2.0 ], 
            "faces": {
                "north": { "texture": "#0", "uv": [ 0.0, 0.0, 8.0, 2.0 ] },
                "east": { "texture": "#0", "uv": [ 0.0, 0.0, 8.0, 2.0 ] },
                "south": { "texture": "#0", "uv": [ 0.0, 0.0, 8.0, 2.0 ] },
                "west": { "texture": "#0", "uv": [ 0.0, 0.0, 8.0, 2.0 ] },
                "up": { "texture": "#0", "uv": [ 0.0, 0.0, 8.0, 2.0 ] },
                "down": { "texture": "#0", "uv": [ 0.0, 0.0, 8.0, 2.0 ] }
            }
        },
        {
            "name": "Cube",
            "from": [ 2.0, 0.0, 14.0 ], 
            "to": [ 14.0, 2.0, 16.0 ], 
            "faces": {
                "north": { "texture": "#0", "uv": [ 0.0, 0.0, 8.0, 2.0 ] },
                "east": { "texture": "#0", "uv": [ 0.0, 0.0, 8.0, 2.0 ] },
                "south": { "texture": "#0", "uv": [ 0.0, 0.0, 8.0, 2.0 ] },
                "west": { "texture": "#0", "uv": [ 0.0, 0.0, 8.0, 2.0 ] },
                "up": { "texture": "#0", "uv": [ 0.0, 0.0, 8.0, 2.0 ] },
                "down": { "texture": "#0", "uv": [ 0.0, 0.0, 8.0, 2.0 ] }
            }
        },
        {
            "name": "Cube",
            "from": [ 2.0, 14.0, 14.0 ], 
            "to": [ 14.0, 16.0, 16.0 ], 
            "faces": {
                "north": { "texture": "#0", "uv": [ 0.0, 0.0, 8.0, 2.0 ] },
                "east": { "texture": "#0", "uv": [ 0.0, 0.0, 8.0, 2.0 ] },
                "south": { "texture": "#0", "uv": [ 0.0, 0.0, 8.0, 2.0 ] },
                "west": { "texture": "#0", "uv": [ 0.0, 0.0, 8.0, 2.0 ] },
                "up": { "texture": "#0", "uv": [ 0.0, 0.0, 8.0, 2.0 ] },
                "down": { "texture": "#0", "uv": [ 0.0, 0.0, 8.0, 2.0 ] }
            }
        },
        {
            "name": "Cube",
            "from": [ -1.0, 7.0, 14.0 ], 
            "to": [ 18.0, 9.0, 15.9 ], 
            "rotation": { "origin": [ 8.0, 8.0, 8.0 ], "axis": "z", "angle": 45.0 },
            "faces": {
                "north": { "texture": "#0", "uv": [ 0.0, 0.0, 8.0, 2.0 ] },
                "east": { "texture": "#0", "uv": [ 0.0, 0.0, 8.0, 2.0 ] },
                "south": { "texture": "#0", "uv": [ 0.0, 0.0, 8.0, 2.0 ] },
                "west": { "texture": "#0", "uv": [ 0.0, 0.0, 8.0, 2.0 ] },
                "up": { "texture": "#0", "uv": [ 0.0, 0.0, 8.0, 2.0 ] },
                "down": { "texture": "#0", "uv": [ 0.0, 0.0, 8.0, 2.0 ] }
            }
        },
        {
            "name": "Cube",
            "from": [ -2.0, 7.0, 0.1 ], 
            "to": [ 17.0, 9.0, 2.0 ], 
            "rotation": { "origin": [ 8.0, 8.0, 8.0 ], "axis": "z", "angle": 45.0 },
            "faces": {
                "north": { "texture": "#0", "uv": [ 0.0, 0.0, 8.0, 2.0 ] },
                "east": { "texture": "#0", "uv": [ 0.0, 0.0, 8.0, 2.0 ] },
                "south": { "texture": "#0", "uv": [ 0.0, 0.0, 8.0, 2.0 ] },
                "west": { "texture": "#0", "uv": [ 0.0, 0.0, 8.0, 2.0 ] },
                "up": { "texture": "#0", "uv": [ 0.0, 0.0, 8.0, 2.0 ] },
                "down": { "texture": "#0", "uv": [ 0.0, 0.0, 8.0, 2.0 ] }
            }
        },
        {
            "name": "Cube",
            "from": [ -1.0, 7.0, 14.0 ], 
            "to": [ 18.0, 9.0, 15.9 ], 
            "rotation": { "origin": [ 8.0, 8.0, 8.0 ], "axis": "z", "angle": -45.0 },
            "faces": {
                "north": { "texture": "#0", "uv": [ 4.0, 0.0, 12.0, 2.0 ] },
                "east": { "texture": "#0", "uv": [ 7.0, 2.0, 15.0, 4.0 ] },
                "south": { "texture": "#0", "uv": [ 7.0, 0.0, 15.0, 2.0 ] },
                "west": { "texture": "#0", "uv": [ 8.0, 0.0, 16.0, 2.0 ] },
                "up": { "texture": "#0", "uv": [ 6.0, 0.0, 14.0, 2.0 ] },
                "down": { "texture": "#0", "uv": [ 8.0, 0.0, 16.0, 2.0 ] }
            }
        },
        {
            "name": "Cube",
            "from": [ -2.0, 7.0, 0.1 ], 
            "to": [ 17.0, 9.0, 2.0 ], 
            "rotation": { "origin": [ 8.0, 8.0, 8.0 ], "axis": "z", "angle": -45.0 },
            "faces": {
                "north": { "texture": "#0", "uv": [ 8.0, 0.0, 16.0, 2.0 ] },
                "east": { "texture": "#0", "uv": [ 8.0, 0.0, 16.0, 2.0 ] },
                "south": { "texture": "#0", "uv": [ 8.0, 0.0, 16.0, 2.0 ] },
                "west": { "texture": "#0", "uv": [ 8.0, 0.0, 16.0, 2.0 ] },
                "up": { "texture": "#0", "uv": [ 8.0, 0.0, 16.0, 2.0 ] },
                "down": { "texture": "#0", "uv": [ 8.0, 0.0, 16.0, 2.0 ] }
            }
        },
        {
            "name": "Cube",
            "from": [ 0.09999999999999998, -1.0, 7.0 ], 
            "to": [ 2.0, 18.0, 9.0 ], 
            "rotation": { "origin": [ 8.0, 8.0, 8.0 ], "axis": "x", "angle": 45.0 },
            "faces": {
                "north": { "texture": "#0", "uv": [ 9.0, 0.0, 12.0, 8.0 ] },
                "east": { "texture": "#0", "uv": [ 11.0, 0.0, 13.0, 8.0 ] },
                "south": { "texture": "#0", "uv": [ 9.0, 0.0, 11.0, 8.0 ] },
                "west": { "texture": "#0", "uv": [ 8.0, 0.0, 10.0, 8.0 ] },
                "up": { "texture": "#0", "uv": [ 9.0, 0.0, 10.9, 2.0 ] },
                "down": { "texture": "#0", "uv": [ 0.0, 0.0, 2.0, 3.0 ] }
            }
        },
        {
            "name": "Cube",
            "from": [ 0.09999999999999998, -1.0, 7.0 ], 
            "to": [ 2.0, 18.0, 9.0 ], 
            "rotation": { "origin": [ 8.0, 8.0, 8.0 ], "axis": "x", "angle": -45.0 },
            "faces": {
                "north": { "texture": "#0", "uv": [ 8.0, 0.0, 11.0, 8.0 ] },
                "east": { "texture": "#0", "uv": [ 8.0, 0.0, 10.0, 8.0 ] },
                "south": { "texture": "#0", "uv": [ 8.0, 0.0, 10.0, 8.0 ] },
                "west": { "texture": "#0", "uv": [ 8.0, 0.0, 10.0, 8.0 ] },
                "up": { "texture": "#0", "uv": [ 8.0, 0.0, 9.9, 2.0 ] },
                "down": { "texture": "#0", "uv": [ 8.0, 0.0, 10.0, 3.0 ] }
            }
        },
        {
            "name": "Cube",
            "from": [ 13.9, -1.0, 7.0 ], 
            "to": [ 15.8, 18.0, 9.0 ], 
            "rotation": { "origin": [ 8.0, 8.0, 8.0 ], "axis": "x", "angle": -45.0 },
            "faces": {
                "north": { "texture": "#0", "uv": [ 8.0, 0.0, 11.0, 8.0 ] },
                "east": { "texture": "#0", "uv": [ 8.0, 0.0, 10.0, 8.0 ] },
                "south": { "texture": "#0", "uv": [ 8.0, 0.0, 10.0, 8.0 ] },
                "west": { "texture": "#0", "uv": [ 8.0, 0.0, 10.0, 8.0 ] },
                "up": { "texture": "#0", "uv": [ 8.0, 0.0, 9.9, 2.0 ] },
                "down": { "texture": "#0", "uv": [ 8.0, 0.0, 10.0, 3.0 ] }
            }
        },
        {
            "name": "Cube",
            "from": [ 13.9, -1.0, 7.0 ], 
            "to": [ 15.8, 18.0, 9.0 ], 
            "rotation": { "origin": [ 8.0, 8.0, 8.0 ], "axis": "x", "angle": 45.0 },
            "faces": {
                "north": { "texture": "#0", "uv": [ 8.0, 0.0, 11.0, 8.0 ] },
                "east": { "texture": "#0", "uv": [ 8.0, 0.0, 10.0, 8.0 ] },
                "south": { "texture": "#0", "uv": [ 8.0, 0.0, 10.0, 8.0 ] },
                "west": { "texture": "#0", "uv": [ 8.0, 0.0, 10.0, 8.0 ] },
                "up": { "texture": "#0", "uv": [ 8.0, 0.0, 9.9, 2.0 ] },
                "down": { "texture": "#0", "uv": [ 8.0, 0.0, 10.0, 3.0 ] }
            }
        },
        {
            "name": "Cube",
            "from": [ 7.0, 0.0, -2.0 ], 
            "to": [ 9.0, 2.0, 18.0 ], 
            "rotation": { "origin": [ 8.0, 8.0, 8.0 ], "axis": "y", "angle": 45.0 },
            "faces": {
                "north": { "texture": "#0", "uv": [ 0.0, 0.0, 8.0, 2.0 ] },
                "east": { "texture": "#0", "uv": [ 0.0, 0.0, 8.0, 2.0 ] },
                "south": { "texture": "#0", "uv": [ 0.0, 0.0, 8.0, 2.0 ] },
                "west": { "texture": "#0", "uv": [ 0.0, 0.0, 8.0, 2.0 ] },
                "up": { "texture": "#0", "uv": [ 0.0, 0.0, 8.0, 2.0 ] },
                "down": { "texture": "#0", "uv": [ 0.0, 0.0, 8.0, 2.0 ] }
            }
        },
        {
            "name": "Cube",
            "from": [ 7.0, 0.0, -2.0 ], 
            "to": [ 9.0, 2.0, 18.0 ], 
            "rotation": { "origin": [ 8.0, 8.0, 8.0 ], "axis": "y", "angle": -45.0 },
            "faces": {
                "north": { "texture": "#0", "uv": [ 0.0, 0.0, 8.0, 2.0 ] },
                "east": { "texture": "#0", "uv": [ 0.0, 0.0, 8.0, 2.0 ] },
                "south": { "texture": "#0", "uv": [ 0.0, 0.0, 8.0, 2.0 ] },
                "west": { "texture": "#0", "uv": [ 0.0, 0.0, 8.0, 2.0 ] },
                "up": { "texture": "#0", "uv": [ 0.0, 0.0, 8.0, 2.0 ] },
                "down": { "texture": "#0", "uv": [ 0.0, 0.0, 8.0, 2.0 ] }
            }
        },
        {
            "name": "Cube",
            "from": [ 7.0, 14.0, -2.0 ], 
            "to": [ 9.0, 16.0, 18.0 ], 
            "rotation": { "origin": [ 8.0, 8.0, 8.0 ], "axis": "y", "angle": -45.0 },
            "faces": {
                "north": { "texture": "#0", "uv": [ 0.0, 0.0, 8.0, 2.0 ] },
                "east": { "texture": "#0", "uv": [ 0.0, 0.0, 8.0, 2.0 ] },
                "south": { "texture": "#0", "uv": [ 0.0, 0.0, 8.0, 2.0 ] },
                "west": { "texture": "#0", "uv": [ 0.0, 0.0, 8.0, 2.0 ] },
                "up": { "texture": "#0", "uv": [ 0.0, 0.0, 8.0, 2.0 ] },
                "down": { "texture": "#0", "uv": [ 0.0, 0.0, 8.0, 2.0 ] }
            }
        },
        {
            "name": "Cube",
            "from": [ 7.0, 14.0, -2.0 ], 
            "to": [ 9.0, 16.0, 18.0 ], 
            "rotation": { "origin": [ 8.0, 8.0, 8.0 ], "axis": "y", "angle": 45.0 },
            "faces": {
                "north": { "texture": "#0", "uv": [ 0.0, 0.0, 8.0, 2.0 ] },
                "east": { "texture": "#0", "uv": [ 0.0, 0.0, 8.0, 2.0 ] },
                "south": { "texture": "#0", "uv": [ 0.0, 0.0, 8.0, 2.0 ] },
                "west": { "texture": "#0", "uv": [ 0.0, 0.0, 8.0, 2.0 ] },
                "up": { "texture": "#0", "uv": [ 0.0, 0.0, 8.0, 2.0 ] },
                "down": { "texture": "#0", "uv": [ 0.0, 0.0, 8.0, 2.0 ] }
            }
        }
    ]
}