{
	"credit": "Made with Blockbench",
	"textures": {
		"0": "block/white_stained_glass",
		"1": "block/blue_stained_glass"
	},
	"elements": [
		{
			"name": "Cube",
			"from": [1, -5, 7],
			"to": [3, 21, 9],
			"faces": {
				"north": {"uv": [0, 0, 2, 16], "texture": "#0"},
				"east": {"uv": [0, 0, 2, 16], "texture": "#0"},
				"south": {"uv": [0, 0, 2, 16], "texture": "#0"},
				"west": {"uv": [0, 0, 2, 16], "texture": "#0"},
				"up": {"uv": [0, 0, 2, 2], "texture": "#0"},
				"down": {"uv": [0, 0, 2, 2], "texture": "#0"}
			}
		},
		{
			"name": "Cube",
			"from": [7, -5, 1],
			"to": [9, 21, 3],
			"faces": {
				"north": {"uv": [0, 0, 2, 16], "texture": "#0"},
				"east": {"uv": [0, 0, 2, 16], "texture": "#0"},
				"south": {"uv": [0, 0, 2, 16], "texture": "#0"},
				"west": {"uv": [0, 0, 2, 16], "texture": "#0"},
				"up": {"uv": [0, 0, 2, 2], "texture": "#0"},
				"down": {"uv": [0, 0, 2, 2], "texture": "#0"}
			}
		},
		{
			"name": "Cube",
			"from": [13, -5, 7],
			"to": [15, 21, 9],
			"faces": {
				"north": {"uv": [0, 0, 2, 16], "texture": "#0"},
				"east": {"uv": [0, 0, 2, 16], "texture": "#0"},
				"south": {"uv": [0, 0, 2, 16], "texture": "#0"},
				"west": {"uv": [0, 0, 2, 16], "texture": "#0"},
				"up": {"uv": [0, 0, 2, 2], "texture": "#0"},
				"down": {"uv": [0, 0, 2, 2], "texture": "#0"}
			}
		},
		{
			"name": "Cube",
			"from": [7, -5, 13],
			"to": [9, 21, 15],
			"faces": {
				"north": {"uv": [0, 0, 2, 16], "texture": "#0"},
				"east": {"uv": [0, 0, 2, 16], "texture": "#0"},
				"south": {"uv": [0, 0, 2, 16], "texture": "#0"},
				"west": {"uv": [0, 0, 2, 16], "texture": "#0"},
				"up": {"uv": [0, 0, 2, 2], "texture": "#0"},
				"down": {"uv": [0, 0, 2, 2], "texture": "#0"}
			}
		},
		{
			"name": "Cube",
			"from": [3.5, -5, 3.5],
			"to": [5.5, 21, 5.5],
			"faces": {
				"north": {"uv": [0, 0, 2, 16], "texture": "#0"},
				"east": {"uv": [0, 0, 2, 16], "texture": "#0"},
				"south": {"uv": [0, 0, 2, 16], "texture": "#0"},
				"west": {"uv": [0, 0, 2, 16], "texture": "#0"},
				"up": {"uv": [0, 0, 2, 2], "texture": "#0"},
				"down": {"uv": [0, 0, 2, 2], "texture": "#0"}
			}
		},
		{
			"name": "Cube",
			"from": [10.5, -5, 3.5],
			"to": [12.5, 21, 5.5],
			"faces": {
				"north": {"uv": [0, 0, 2, 16], "texture": "#0"},
				"east": {"uv": [0, 0, 2, 16], "texture": "#0"},
				"south": {"uv": [0, 0, 2, 16], "texture": "#0"},
				"west": {"uv": [0, 0, 2, 16], "texture": "#0"},
				"up": {"uv": [0, 0, 2, 2], "texture": "#0"},
				"down": {"uv": [0, 0, 2, 2], "texture": "#0"}
			}
		},
		{
			"name": "Cube",
			"from": [10.5, -5, 10.5],
			"to": [12.5, 21, 12.5],
			"faces": {
				"north": {"uv": [0, 0, 2, 16], "texture": "#0"},
				"east": {"uv": [0, 0, 2, 16], "texture": "#0"},
				"south": {"uv": [0, 0, 2, 16], "texture": "#0"},
				"west": {"uv": [0, 0, 2, 16], "texture": "#0"},
				"up": {"uv": [0, 0, 2, 2], "texture": "#0"},
				"down": {"uv": [0, 0, 2, 2], "texture": "#0"}
			}
		},
		{
			"name": "Cube",
			"from": [3.5, -5, 10.5],
			"to": [5.5, 21, 12.5],
			"faces": {
				"north": {"uv": [0, 0, 2, 16], "texture": "#0"},
				"east": {"uv": [0, 0, 2, 16], "texture": "#0"},
				"south": {"uv": [0, 0, 2, 16], "texture": "#0"},
				"west": {"uv": [0, 0, 2, 16], "texture": "#0"},
				"up": {"uv": [0, 0, 2, 2], "texture": "#0"},
				"down": {"uv": [0, 0, 2, 2], "texture": "#0"}
			}
		},
		{
			"name": "Cube",
			"from": [0, 0, 0],
			"to": [16, 16, 16],
			"faces": {
				"north": {"uv": [0, 0, 16, 16], "texture": "#1"},
				"east": {"uv": [0, 0, 16, 16], "texture": "#1"},
				"south": {"uv": [0, 0, 16, 16], "texture": "#1"},
				"west": {"uv": [0, 0, 16, 16], "texture": "#1"},
				"up": {"uv": [0, 0, 16, 16], "texture": "#1"},
				"down": {"uv": [0, 0, 16, 16], "texture": "#1"}
			}
		}
	]
}