{
	"credit": "Made with Blockbench",
	"parent": "block/cube_all",
	"textures": {
		"0": "block/iron_ore",
		"1": "block/handbreak",
		"2": "block/tardis_striplights",
		"3": "block/iron_block",
		"4": "block/green_stained_glass",
		"5": "block/orange_stained_glass",
		"6": "block/red_stained_glass",
		"7": "block/redstone_block",
		"8": "block/brown_terracotta",
		"9": "block/blue_wool",
		"10": "block/yellow_wool",
		"11": "block/black_wool",
		"12": "block/red_wool",
		"13": "block/stone_slab_top"
	},
	"elements": [
		{
			"name": "Cube",
			"from": [-16, 11, 0],
			"to": [16, 16, 16],
			"faces": {
				"north": {"uv": [0, 0, 16, 5], "texture": "#0"},
				"east": {"uv": [0, 0, 16, 5], "texture": "#0"},
				"south": {"uv": [0, 0, 16, 5], "texture": "#0"},
				"west": {"uv": [0, 0, 16, 5], "texture": "#0"},
				"up": {"uv": [0, 0, 16, 16], "texture": "#0"},
				"down": {"uv": [0, 0, 16, 16], "texture": "#0"}
			}
		},
		{
			"name": "Cube",
			"from": [0, 14, 4],
			"to": [16, 20.2, 18],
			"rotation": {"angle": -22.5, "axis": "x", "origin": [8, 8, 8]},
			"faces": {
				"north": {"uv": [0, 0, 16, 6.2], "texture": "#0"},
				"east": {"uv": [0, 0, 14, 6.2], "texture": "#0"},
				"south": {"uv": [0, 0, 16, 6.2], "texture": "#0"},
				"west": {"uv": [0, 0, 14, 6.2], "texture": "#0"},
				"up": {"uv": [16, 16, 0, 0], "texture": "#1"},
				"down": {"uv": [0, 0, 16, 14], "texture": "#0"}
			}
		},
		{
			"name": "Cube",
			"from": [0, 16, 12],
			"to": [16, 24, 16],
			"faces": {
				"north": {"uv": [0, 0, 16, 12], "texture": "#2"},
				"east": {"uv": [0, 0, 4, 11], "texture": "#0"},
				"south": {"uv": [0, 0, 16, 8], "texture": "#0"},
				"west": {"uv": [0, 0, 4, 8], "texture": "#0"},
				"up": {"uv": [0, 0, 16, 4], "texture": "#0"},
				"down": {"uv": [0, 0, 16, 3], "texture": "#0"}
			}
		},
		{
			"name": "Cube",
			"from": [-12, 16, 4],
			"to": [-4, 17, 12],
			"faces": {
				"north": {"uv": [0, 0, 16, 1], "texture": "#3"},
				"east": {"uv": [0, 0, 16, 1], "texture": "#3"},
				"south": {"uv": [0, 0, 16, 1], "texture": "#3"},
				"west": {"uv": [0, 0, 16, 1], "texture": "#3"},
				"up": {"uv": [0, 0, 16, 16], "texture": "#3"},
				"down": {"uv": [0, 0, 16, 16], "texture": "#3"}
			}
		},
		{
			"name": "Cube",
			"from": [-6, 16, 5.2],
			"to": [-0.5, 24, 10.2],
			"rotation": {"angle": 45, "axis": "y", "origin": [8, 8, 8]},
			"faces": {
				"north": {"uv": [0, 0, 6.5, 12], "texture": "#2"},
				"east": {"uv": [0, 0, 5, 8], "texture": "#0"},
				"south": {"uv": [0, 0, 5.5, 8], "texture": "#0"},
				"west": {"uv": [0, 0, 5, 8], "texture": "#0"},
				"up": {"uv": [0, 0, 5.5, 5], "texture": "#0"},
				"down": {"uv": [0, 0, 5.5, 5], "texture": "#0"}
			}
		},
		{
			"name": "Cube",
			"from": [11, -3, 7.5],
			"to": [16, 13, 12.5],
			"rotation": {"angle": -22.5, "axis": "x", "origin": [8, 8, 8]},
			"faces": {
				"north": {"uv": [0, 0, 5, 16], "texture": "#0"},
				"east": {"uv": [0, 0, 5, 16], "texture": "#0"},
				"south": {"uv": [0, 0, 5, 16], "texture": "#0"},
				"west": {"uv": [0, 0, 5, 16], "texture": "#0"},
				"up": {"uv": [0, 0, 5, 5], "texture": "#0"},
				"down": {"uv": [0, 0, 5, 5], "texture": "#0"}
			}
		},
		{
			"name": "Cube",
			"from": [0, -3, 7.5],
			"to": [5, 13, 12.5],
			"rotation": {"angle": -22.5, "axis": "x", "origin": [8, 8, 8]},
			"faces": {
				"north": {"uv": [0, 0, 5, 16], "texture": "#0"},
				"east": {"uv": [0, 0, 5, 16], "texture": "#0"},
				"south": {"uv": [0, 0, 5, 16], "texture": "#0"},
				"west": {"uv": [0, 0, 5, 16], "texture": "#0"},
				"up": {"uv": [0, 0, 5, 5], "texture": "#0"},
				"down": {"uv": [0, 0, 5, 5], "texture": "#0"}
			}
		},
		{
			"name": "Cube",
			"from": [-5.5, 16, 2],
			"to": [-5, 16.5, 2.5],
			"faces": {
				"north": {"uv": [0, 0, 15.5, 15.5], "texture": "#4"},
				"east": {"uv": [0, 0, 15.5, 15.5], "texture": "#4"},
				"south": {"uv": [0, 0, 15.5, 15.5], "texture": "#4"},
				"west": {"uv": [0, 0, 15.5, 15.5], "texture": "#4"},
				"up": {"uv": [0, 0, 15.5, 15.5], "texture": "#4"},
				"down": {"uv": [0, 0, 0.5, 0.5], "texture": "#4"}
			}
		},
		{
			"name": "Cube",
			"from": [-7, 16, 2],
			"to": [-6.5, 16.5, 2.5],
			"faces": {
				"north": {"uv": [0, 0, 15.5, 15.5], "texture": "#5"},
				"east": {"uv": [0, 0, 15.5, 15.5], "texture": "#5"},
				"south": {"uv": [0, 0, 15.5, 15.5], "texture": "#5"},
				"west": {"uv": [0, 0, 15.5, 15.5], "texture": "#5"},
				"up": {"uv": [0, 0, 15.5, 15.5], "texture": "#5"},
				"down": {"uv": [0, 0, 15.5, 15.5], "texture": "#5"}
			}
		},
		{
			"name": "Cube",
			"from": [-8.5, 16, 2],
			"to": [-8, 16.5, 2.5],
			"faces": {
				"north": {"uv": [0, 0, 15.5, 15.5], "texture": "#6"},
				"east": {"uv": [0, 0, 15.5, 15.5], "texture": "#6"},
				"south": {"uv": [0, 0, 15.5, 15.5], "texture": "#6"},
				"west": {"uv": [0, 0, 15.5, 15.5], "texture": "#6"},
				"up": {"uv": [0, 0, 15.5, 15.5], "texture": "#6"},
				"down": {"uv": [0, 0, 15.5, 15.5], "texture": "#6"}
			}
		},
		{
			"name": "Cube",
			"from": [-10, 16, 2],
			"to": [-9.5, 16.5, 2.5],
			"faces": {
				"north": {"uv": [0, 0, 15.5, 15.5], "texture": "#5"},
				"east": {"uv": [0, 0, 15.5, 15.5], "texture": "#5"},
				"south": {"uv": [0, 0, 15.5, 14.5], "texture": "#5"},
				"west": {"uv": [0, 0, 15.5, 15.5], "texture": "#5"},
				"up": {"uv": [0, 0, 15.5, 15.5], "texture": "#5"},
				"down": {"uv": [0, 0, 15.5, 15.5], "texture": "#5"}
			}
		},
		{
			"name": "Cube",
			"from": [-11.5, 16, 2],
			"to": [-11, 16.5, 2.5],
			"faces": {
				"north": {"uv": [0, 0, 15.5, 15.5], "texture": "#4"},
				"east": {"uv": [0, 0, 15.5, 15.5], "texture": "#4"},
				"south": {"uv": [0, 0, 15.5, 15.5], "texture": "#4"},
				"west": {"uv": [0, 0, 15.5, 15.5], "texture": "#4"},
				"up": {"uv": [0, 0, 15.5, 15.5], "texture": "#4"},
				"down": {"uv": [0, 0, 0.5, 0.5], "texture": "#4"}
			}
		},
		{
			"name": "Cube",
			"from": [-11.6, 16, 1.9],
			"to": [-10.9, 16.2, 2.6],
			"faces": {
				"north": {"uv": [0, 0, 16, 1], "texture": "#3"},
				"east": {"uv": [0, 0, 16, 1], "texture": "#3"},
				"south": {"uv": [0, 0, 16, 1], "texture": "#3"},
				"west": {"uv": [0, 0, 16, 1], "texture": "#3"},
				"up": {"uv": [0, 0, 16, 16], "texture": "#3"},
				"down": {"uv": [0, 0, 16, 16], "texture": "#3"}
			}
		},
		{
			"name": "Cube",
			"from": [-10.1, 16, 1.9],
			"to": [-9.4, 16.2, 2.6],
			"faces": {
				"north": {"uv": [0, 0, 16, 1], "texture": "#3"},
				"east": {"uv": [0, 0, 16, 1], "texture": "#3"},
				"south": {"uv": [0, 0, 16, 1], "texture": "#3"},
				"west": {"uv": [0, 0, 16, 1], "texture": "#3"},
				"up": {"uv": [0, 0, 16, 16], "texture": "#3"},
				"down": {"uv": [0, 0, 16, 16], "texture": "#3"}
			}
		},
		{
			"name": "Cube",
			"from": [-8.6, 16, 1.9],
			"to": [-7.9, 16.2, 2.6],
			"faces": {
				"north": {"uv": [0, 0, 16, 1], "texture": "#3"},
				"east": {"uv": [0, 0, 16, 1], "texture": "#3"},
				"south": {"uv": [0, 0, 16, 1], "texture": "#3"},
				"west": {"uv": [0, 0, 16, 1], "texture": "#3"},
				"up": {"uv": [0, 0, 16, 16], "texture": "#3"},
				"down": {"uv": [0, 0, 16, 16], "texture": "#3"}
			}
		},
		{
			"name": "Cube",
			"from": [-7.1, 16, 1.9],
			"to": [-6.4, 16.2, 2.6],
			"faces": {
				"north": {"uv": [0, 0, 16, 1], "texture": "#3"},
				"east": {"uv": [0, 0, 16, 1], "texture": "#3"},
				"south": {"uv": [0, 0, 16, 1], "texture": "#3"},
				"west": {"uv": [0, 0, 16, 1], "texture": "#3"},
				"up": {"uv": [0, 0, 16, 16], "texture": "#3"},
				"down": {"uv": [0, 0, 16, 16], "texture": "#3"}
			}
		},
		{
			"name": "Cube",
			"from": [-5.6, 16, 1.9],
			"to": [-4.9, 16.2, 2.6],
			"faces": {
				"north": {"uv": [0, 0, 16, 1], "texture": "#3"},
				"east": {"uv": [0, 0, 16, 1], "texture": "#3"},
				"south": {"uv": [0, 0, 16, 1], "texture": "#3"},
				"west": {"uv": [0, 0, 16, 1], "texture": "#3"},
				"up": {"uv": [0, 0, 16, 16], "texture": "#3"},
				"down": {"uv": [0, 0, 16, 16], "texture": "#3"}
			}
		},
		{
			"name": "Cube",
			"from": [-14.6, 16, 1.9],
			"to": [-12.9, 16.2, 4.6],
			"faces": {
				"north": {"uv": [0, 0, 16, 1], "texture": "#3"},
				"east": {"uv": [0, 0, 16, 1], "texture": "#3"},
				"south": {"uv": [0, 0, 16, 1], "texture": "#3"},
				"west": {"uv": [0, 0, 16, 1], "texture": "#3"},
				"up": {"uv": [0, 0, 16, 16], "texture": "#3"},
				"down": {"uv": [0, 0, 16, 16], "texture": "#3"}
			}
		},
		{
			"name": "Cube",
			"from": [-14.3, 15.5, 2.5],
			"to": [-13.3, 16.7, 4.5],
			"faces": {
				"north": {"uv": [0, 0, 16, 1], "texture": "#7"},
				"east": {"uv": [0, 0, 16, 1], "texture": "#7"},
				"south": {"uv": [0, 0, 16, 1], "texture": "#7"},
				"west": {"uv": [0, 0, 16, 1], "texture": "#7"},
				"up": {"uv": [0, 0, 16, 16], "texture": "#7"},
				"down": {"uv": [0, 0, 16, 16], "texture": "#7"}
			}
		},
		{
			"name": "Cube",
			"from": [10.8, 20, 11.4],
			"to": [11.3, 20.5, 11.9],
			"rotation": {"angle": -22.5, "axis": "x", "origin": [8, 8, 8]},
			"faces": {
				"north": {"uv": [0, 0, 15.5, 15.5], "texture": "#6"},
				"east": {"uv": [0, 0, 15.5, 15.5], "texture": "#6"},
				"south": {"uv": [0, 0, 15.5, 15.5], "texture": "#6"},
				"west": {"uv": [0, 0, 15.5, 15.5], "texture": "#6"},
				"up": {"uv": [0, 0, 15.5, 15.5], "texture": "#6"},
				"down": {"uv": [0, 0, 0.5, 0.5], "texture": "#6"}
			}
		},
		{
			"name": "Cube",
			"from": [10.2, 20, 11],
			"to": [10.7, 20.5, 11.5],
			"rotation": {"angle": -22.5, "axis": "x", "origin": [8, 8, 8]},
			"faces": {
				"north": {"uv": [0, 0, 15.5, 15.5], "texture": "#6"},
				"east": {"uv": [0, 0, 15.5, 15.5], "texture": "#6"},
				"south": {"uv": [0, 0, 15.5, 15.5], "texture": "#6"},
				"west": {"uv": [0, 0, 15.5, 15.5], "texture": "#6"},
				"up": {"uv": [0, 0, 15.5, 15.5], "texture": "#6"},
				"down": {"uv": [0, 0, 0.5, 0.5], "texture": "#6"}
			}
		},
		{
			"name": "Cube",
			"from": [9.5, 20, 10.4],
			"to": [10, 20.5, 10.9],
			"rotation": {"angle": -22.5, "axis": "x", "origin": [8, 8, 8]},
			"faces": {
				"north": {"uv": [0, 0, 15.5, 15.5], "texture": "#5"},
				"east": {"uv": [0, 0, 15.5, 15.5], "texture": "#5"},
				"south": {"uv": [0, 0, 15.5, 15.5], "texture": "#5"},
				"west": {"uv": [0, 0, 15.5, 15.5], "texture": "#5"},
				"up": {"uv": [0, 0, 15.5, 15.5], "texture": "#5"},
				"down": {"uv": [0, 0, 0.5, 0.5], "texture": "#5"}
			}
		},
		{
			"name": "Cube",
			"from": [9, 20, 9.6],
			"to": [9.5, 20.5, 10.1],
			"rotation": {"angle": -22.5, "axis": "x", "origin": [8, 8, 8]},
			"faces": {
				"north": {"uv": [0, 0, 15.5, 15.5], "texture": "#5"},
				"east": {"uv": [0, 0, 15.5, 15.5], "texture": "#5"},
				"south": {"uv": [0, 0, 15.5, 15.5], "texture": "#5"},
				"west": {"uv": [0, 0, 15.5, 15.5], "texture": "#5"},
				"up": {"uv": [0, 0, 15.5, 15.5], "texture": "#5"},
				"down": {"uv": [0, 0, 0.5, 0.5], "texture": "#5"}
			}
		},
		{
			"name": "Cube",
			"from": [6.1, 20, 8.3],
			"to": [6.5, 20.5, 8.7],
			"rotation": {"angle": -22.5, "axis": "x", "origin": [8, 8, 8]},
			"faces": {
				"north": {"uv": [0, 0, 15.5, 15.5], "texture": "#5"},
				"east": {"uv": [0, 0, 15.5, 15.5], "texture": "#5"},
				"south": {"uv": [0, 0, 15.5, 15.5], "texture": "#5"},
				"west": {"uv": [0, 0, 15.5, 15.5], "texture": "#5"},
				"up": {"uv": [0, 0, 15.5, 15.5], "texture": "#5"},
				"down": {"uv": [0, 0, 0.4, 0.4], "texture": "#5"}
			}
		},
		{
			"name": "Cube",
			"from": [7.4, 20, 8.3],
			"to": [7.8, 20.5, 8.7],
			"rotation": {"angle": -22.5, "axis": "x", "origin": [8, 8, 8]},
			"faces": {
				"north": {"uv": [0, 0, 15.5, 15.5], "texture": "#5"},
				"east": {"uv": [0, 0, 15.5, 15.5], "texture": "#5"},
				"south": {"uv": [0, 0, 15.5, 15.5], "texture": "#5"},
				"west": {"uv": [0, 0, 15.5, 15.5], "texture": "#5"},
				"up": {"uv": [0, 0, 15.5, 15.5], "texture": "#5"},
				"down": {"uv": [0, 0, 0.4, 0.4], "texture": "#5"}
			}
		},
		{
			"name": "Cube",
			"from": [6.9, 20, 8.3],
			"to": [7.3, 20.5, 8.7],
			"rotation": {"angle": -22.5, "axis": "x", "origin": [8, 8, 8]},
			"faces": {
				"north": {"uv": [0, 0, 15.5, 15.5], "texture": "#5"},
				"east": {"uv": [0, 0, 15.5, 15.5], "texture": "#5"},
				"south": {"uv": [0, 0, 15.5, 15.5], "texture": "#5"},
				"west": {"uv": [0, 0, 15.5, 15.5], "texture": "#5"},
				"up": {"uv": [0, 0, 15.5, 15.5], "texture": "#5"},
				"down": {"uv": [0, 0, 0.4, 0.4], "texture": "#5"}
			}
		},
		{
			"name": "Cube",
			"from": [5.5, 20, 8.3],
			"to": [5.9, 20.5, 8.7],
			"rotation": {"angle": -22.5, "axis": "x", "origin": [8, 8, 8]},
			"faces": {
				"north": {"uv": [0, 0, 15.5, 15.5], "texture": "#5"},
				"east": {"uv": [0, 0, 15.5, 15.5], "texture": "#5"},
				"south": {"uv": [0, 0, 15.5, 15.5], "texture": "#5"},
				"west": {"uv": [0, 0, 15.5, 15.5], "texture": "#5"},
				"up": {"uv": [0, 0, 15.5, 15.5], "texture": "#5"},
				"down": {"uv": [0, 0, 0.4, 0.4], "texture": "#5"}
			}
		},
		{
			"name": "Cube",
			"from": [4.6, 20, 8.3],
			"to": [5, 20.5, 8.7],
			"rotation": {"angle": -22.5, "axis": "x", "origin": [8, 8, 8]},
			"faces": {
				"north": {"uv": [0, 0, 15.5, 15.5], "texture": "#5"},
				"east": {"uv": [0, 0, 15.5, 15.5], "texture": "#5"},
				"south": {"uv": [0, 0, 15.5, 15.5], "texture": "#5"},
				"west": {"uv": [0, 0, 15.5, 15.5], "texture": "#5"},
				"up": {"uv": [0, 0, 15.5, 15.5], "texture": "#5"},
				"down": {"uv": [0, 0, 0.4, 0.4], "texture": "#5"}
			}
		},
		{
			"name": "Cube",
			"from": [4.1, 20, 8.3],
			"to": [4.5, 20.5, 8.7],
			"rotation": {"angle": -22.5, "axis": "x", "origin": [8, 8, 8]},
			"faces": {
				"north": {"uv": [0, 0, 15.5, 15.5], "texture": "#5"},
				"east": {"uv": [0, 0, 15.5, 15.5], "texture": "#5"},
				"south": {"uv": [0, 0, 15.5, 15.5], "texture": "#5"},
				"west": {"uv": [0, 0, 15.5, 15.5], "texture": "#5"},
				"up": {"uv": [0, 0, 15.5, 15.5], "texture": "#5"},
				"down": {"uv": [0, 0, 0.4, 0.4], "texture": "#5"}
			}
		},
		{
			"name": "Cube",
			"from": [3.3, 20, 8.3],
			"to": [3.7, 20.5, 8.7],
			"rotation": {"angle": -22.5, "axis": "x", "origin": [8, 8, 8]},
			"faces": {
				"north": {"uv": [0, 0, 15.5, 15.5], "texture": "#5"},
				"east": {"uv": [0, 0, 15.5, 15.5], "texture": "#5"},
				"south": {"uv": [0, 0, 15.5, 15.5], "texture": "#5"},
				"west": {"uv": [0, 0, 15.5, 15.5], "texture": "#5"},
				"up": {"uv": [0, 0, 15.5, 15.5], "texture": "#5"},
				"down": {"uv": [0, 0, 0.4, 0.4], "texture": "#5"}
			}
		},
		{
			"name": "Cube",
			"from": [2.7, 20, 8.3],
			"to": [3.1, 20.5, 8.7],
			"rotation": {"angle": -22.5, "axis": "x", "origin": [8, 8, 8]},
			"faces": {
				"north": {"uv": [0, 0, 15.5, 15.5], "texture": "#5"},
				"east": {"uv": [0, 0, 15.5, 15.5], "texture": "#5"},
				"south": {"uv": [0, 0, 15.5, 15.5], "texture": "#5"},
				"west": {"uv": [0, 0, 15.5, 15.5], "texture": "#5"},
				"up": {"uv": [0, 0, 15.5, 15.5], "texture": "#5"},
				"down": {"uv": [0, 0, 0.4, 0.4], "texture": "#5"}
			}
		},
		{
			"name": "Cube",
			"from": [2.7, 20, 7.8],
			"to": [3.1, 20.5, 8.2],
			"rotation": {"angle": -22.5, "axis": "x", "origin": [8, 8, 8]},
			"faces": {
				"north": {"uv": [0, 0, 15.5, 15.5], "texture": "#5"},
				"east": {"uv": [0, 0, 15.5, 15.5], "texture": "#5"},
				"south": {"uv": [0, 0, 15.5, 15.5], "texture": "#5"},
				"west": {"uv": [0, 0, 15.5, 15.5], "texture": "#5"},
				"up": {"uv": [0, 0, 15.5, 15.5], "texture": "#5"},
				"down": {"uv": [0, 0, 0.4, 0.4], "texture": "#5"}
			}
		},
		{
			"name": "Cube",
			"from": [3.3, 20, 7.8],
			"to": [3.7, 20.5, 8.2],
			"rotation": {"angle": -22.5, "axis": "x", "origin": [8, 8, 8]},
			"faces": {
				"north": {"uv": [0, 0, 15.5, 15.5], "texture": "#5"},
				"east": {"uv": [0, 0, 15.5, 15.5], "texture": "#5"},
				"south": {"uv": [0, 0, 15.5, 15.5], "texture": "#5"},
				"west": {"uv": [0, 0, 15.5, 15.5], "texture": "#5"},
				"up": {"uv": [0, 0, 15.5, 15.5], "texture": "#5"},
				"down": {"uv": [0, 0, 0.4, 0.4], "texture": "#5"}
			}
		},
		{
			"name": "Cube",
			"from": [4.6, 20, 7.8],
			"to": [5, 20.5, 8.2],
			"rotation": {"angle": -22.5, "axis": "x", "origin": [8, 8, 8]},
			"faces": {
				"north": {"uv": [0, 0, 15.5, 15.5], "texture": "#5"},
				"east": {"uv": [0, 0, 15.5, 15.5], "texture": "#5"},
				"south": {"uv": [0, 0, 15.5, 15.5], "texture": "#5"},
				"west": {"uv": [0, 0, 15.5, 15.5], "texture": "#5"},
				"up": {"uv": [0, 0, 15.5, 15.5], "texture": "#5"},
				"down": {"uv": [0, 0, 0.4, 0.4], "texture": "#5"}
			}
		},
		{
			"name": "Cube",
			"from": [4.1, 20, 7.8],
			"to": [4.5, 20.5, 8.2],
			"rotation": {"angle": -22.5, "axis": "x", "origin": [8, 8, 8]},
			"faces": {
				"north": {"uv": [0, 0, 15.5, 15.5], "texture": "#5"},
				"east": {"uv": [0, 0, 15.5, 15.5], "texture": "#5"},
				"south": {"uv": [0, 0, 15.5, 15.5], "texture": "#5"},
				"west": {"uv": [0, 0, 15.5, 15.5], "texture": "#5"},
				"up": {"uv": [0, 0, 15.5, 15.5], "texture": "#5"},
				"down": {"uv": [0, 0, 0.4, 0.4], "texture": "#5"}
			}
		},
		{
			"name": "Cube",
			"from": [6.1, 20, 7.8],
			"to": [6.5, 20.5, 8.2],
			"rotation": {"angle": -22.5, "axis": "x", "origin": [8, 8, 8]},
			"faces": {
				"north": {"uv": [0, 0, 15.5, 15.5], "texture": "#5"},
				"east": {"uv": [0, 0, 15.5, 15.5], "texture": "#5"},
				"south": {"uv": [0, 0, 15.5, 15.5], "texture": "#5"},
				"west": {"uv": [0, 0, 15.5, 15.5], "texture": "#5"},
				"up": {"uv": [0, 0, 15.5, 15.5], "texture": "#5"},
				"down": {"uv": [0, 0, 0.4, 0.4], "texture": "#5"}
			}
		},
		{
			"name": "Cube",
			"from": [5.5, 20, 7.8],
			"to": [5.9, 20.5, 8.2],
			"rotation": {"angle": -22.5, "axis": "x", "origin": [8, 8, 8]},
			"faces": {
				"north": {"uv": [0, 0, 15.5, 15.5], "texture": "#5"},
				"east": {"uv": [0, 0, 15.5, 15.5], "texture": "#5"},
				"south": {"uv": [0, 0, 15.5, 15.5], "texture": "#5"},
				"west": {"uv": [0, 0, 15.5, 15.5], "texture": "#5"},
				"up": {"uv": [0, 0, 15.5, 15.5], "texture": "#5"},
				"down": {"uv": [0, 0, 0.4, 0.4], "texture": "#5"}
			}
		},
		{
			"name": "Cube",
			"from": [7.4, 20, 7.8],
			"to": [7.8, 20.5, 8.2],
			"rotation": {"angle": -22.5, "axis": "x", "origin": [8, 8, 8]},
			"faces": {
				"north": {"uv": [0, 0, 15.5, 15.5], "texture": "#5"},
				"east": {"uv": [0, 0, 15.5, 15.5], "texture": "#5"},
				"south": {"uv": [0, 0, 15.5, 15.5], "texture": "#5"},
				"west": {"uv": [0, 0, 15.5, 15.5], "texture": "#5"},
				"up": {"uv": [0, 0, 15.5, 15.5], "texture": "#5"},
				"down": {"uv": [0, 0, 0.4, 0.4], "texture": "#5"}
			}
		},
		{
			"name": "Cube",
			"from": [6.9, 20, 7.8],
			"to": [7.3, 20.5, 8.2],
			"rotation": {"angle": -22.5, "axis": "x", "origin": [8, 8, 8]},
			"faces": {
				"north": {"uv": [0, 0, 15.5, 15.5], "texture": "#5"},
				"east": {"uv": [0, 0, 15.5, 15.5], "texture": "#5"},
				"south": {"uv": [0, 0, 15.5, 15.5], "texture": "#5"},
				"west": {"uv": [0, 0, 15.5, 15.5], "texture": "#5"},
				"up": {"uv": [0, 0, 15.5, 15.5], "texture": "#5"},
				"down": {"uv": [0, 0, 0.4, 0.4], "texture": "#5"}
			}
		},
		{
			"name": "Cube",
			"from": [2.5, 20.1, 13],
			"to": [8.5, 20.3, 15.3],
			"rotation": {"angle": -22.5, "axis": "x", "origin": [8, 8, 8]},
			"faces": {
				"north": {"uv": [0, 0, 15.5, 15.5], "texture": "#8"},
				"east": {"uv": [0, 0, 15.5, 15.5], "texture": "#8"},
				"south": {"uv": [0, 0, 15.5, 15.5], "texture": "#8"},
				"west": {"uv": [0, 0, 15.5, 15.5], "texture": "#8"},
				"up": {"uv": [0, 0, 15.5, 15.5], "texture": "#8"},
				"down": {"uv": [0, 0, 6, 2.3], "texture": "#8"}
			}
		},
		{
			"name": "Cube",
			"from": [3, 20.1, 14],
			"to": [3.5, 22.1, 14.5],
			"rotation": {"angle": -22.5, "axis": "x", "origin": [8, 8, 8]},
			"faces": {
				"north": {"uv": [0, 0, 15.5, 15.5], "texture": "#9"},
				"east": {"uv": [0, 0, 15.5, 15.5], "texture": "#9"},
				"south": {"uv": [0, 0, 15.5, 15.5], "texture": "#9"},
				"west": {"uv": [0, 0, 15.5, 15.5], "texture": "#9"},
				"up": {"uv": [0, 0, 15.5, 15.5], "texture": "#9"},
				"down": {"uv": [0, 0, 0.5, 0.5], "texture": "#9"}
			}
		},
		{
			"name": "Cube",
			"from": [4.1, 20.2, 14],
			"to": [4.6, 22.2, 14.5],
			"rotation": {"angle": -22.5, "axis": "x", "origin": [8, 8, 8]},
			"faces": {
				"north": {"uv": [0, 0, 3.5, 4.5], "texture": "#10"},
				"east": {"uv": [0, 0, 3.5, 5.5], "texture": "#10"},
				"south": {"uv": [0, 0, 3.5, 3.5], "texture": "#10"},
				"west": {"uv": [0, 0, 2.5, 3.5], "texture": "#10"},
				"up": {"uv": [0, 0, 3.5, 3.5], "texture": "#10"},
				"down": {"uv": [0, 0, 3.5, 3], "texture": "#10"}
			}
		},
		{
			"name": "Cube",
			"from": [5.3, 20.2, 14],
			"to": [5.8, 22.2, 14.5],
			"rotation": {"angle": -22.5, "axis": "x", "origin": [8, 8, 8]},
			"faces": {
				"north": {"uv": [0, 0, 15.5, 15.5], "texture": "#11"},
				"east": {"uv": [0, 0, 15.5, 15.5], "texture": "#11"},
				"south": {"uv": [0, 0, 15.5, 15.5], "texture": "#11"},
				"west": {"uv": [0, 0, 15.5, 15.5], "texture": "#11"},
				"up": {"uv": [0, 0, 15.5, 15.5], "texture": "#11"},
				"down": {"uv": [0, 0, 0.5, 0.5], "texture": "#11"}
			}
		},
		{
			"name": "Cube",
			"from": [6.4, 20.1, 14],
			"to": [6.9, 22.1, 14.5],
			"rotation": {"angle": -22.5, "axis": "x", "origin": [8, 8, 8]},
			"faces": {
				"north": {"uv": [0, 0, 3.5, 3.5], "texture": "#12"},
				"east": {"uv": [0, 0, 2.5, 3.5], "texture": "#12"},
				"south": {"uv": [0, 0, 2.5, 3.5], "texture": "#12"},
				"west": {"uv": [0, 0, 2.5, 2.5], "texture": "#12"},
				"up": {"uv": [0, 0, 2.5, 3.5], "texture": "#12"},
				"down": {"uv": [0, 0, 0.5, 0.5], "texture": "#12"}
			}
		},
		{
			"name": "Cube",
			"from": [7.5, 20.2, 14],
			"to": [8, 22.2, 14.5],
			"rotation": {"angle": -22.5, "axis": "x", "origin": [8, 8, 8]},
			"faces": {
				"north": {"uv": [0, 0, 15.5, 15.5], "texture": "#0"},
				"east": {"uv": [0, 0, 15.5, 15.5], "texture": "#0"},
				"south": {"uv": [0, 0, 15.5, 15.5], "texture": "#0"},
				"west": {"uv": [0, 0, 15.5, 15.5], "texture": "#0"},
				"up": {"uv": [0, 0, 15.5, 15.5], "texture": "#0"},
				"down": {"uv": [0, 0, 0.5, 0.5], "texture": "#0"}
			}
		},
		{
			"name": "Cube",
			"from": [0, 0, 0],
			"to": [16, 0.1, 16],
			"faces": {
				"north": {"uv": [0, 0, 16, 0.1], "texture": "#13"},
				"east": {"uv": [0, 0, 16, 0.1], "texture": "#13"},
				"south": {"uv": [0, 0, 16, 0.1], "texture": "#13"},
				"west": {"uv": [0, 0, 16, 0.1], "texture": "#13"},
				"up": {"uv": [0, 0, 16, 16], "texture": "#13"},
				"down": {"uv": [0, 0, 16, 16], "texture": "#13"}
			}
		}
	],
	"display": {
		"gui": {
			"rotation": [45, 45, 0],
			"translation": [0, 0, 0],
			"scale": [0.5, 0.5, 0.5]
		}
	}
}