{
	"credit": "Made with Blockbench",
	"parent": "block/cube_all",
	"textures": {
		"0": "block/gray_wool",
		"1": "block/black_wool",
		"2": "block/head",
		"3": "block/top",
		"4": "block/acacia_trapdoor",
		"5": "block/white_stained_glass"
	},
	"elements": [
		{
			"name": "arm",
			"from": [12, -7, -4],
			"to": [13, -6, 1],
			"faces": {
				"north": {"uv": [0, 0, 1, 1], "texture": "#0"},
				"east": {"uv": [0, 0, 5, 1], "texture": "#0"},
				"south": {"uv": [0, 0, 1, 1], "texture": "#0"},
				"west": {"uv": [0, 0, 5, 1], "texture": "#0"},
				"up": {"uv": [0, 0, 1, 5], "texture": "#0"},
				"down": {"uv": [0, 0, 1, 5], "texture": "#0"}
			}
		},
		{
			"name": "pad1",
			"from": [11, -8, -5],
			"to": [14, -5, -4],
			"faces": {
				"north": {"uv": [0, 0, 3, 3], "texture": "#1"},
				"east": {"uv": [0, 0, 1, 3], "texture": "#1"},
				"south": {"uv": [0, 0, 3, 3], "texture": "#1"},
				"west": {"uv": [0, 0, 1, 3], "texture": "#1"},
				"up": {"uv": [0, 0, 3, 1], "texture": "#1"},
				"down": {"uv": [0, 0, 3, 1], "texture": "#1"}
			}
		},
		{
			"name": "pad2",
			"from": [11, -8, -6],
			"to": [12, -5, -5],
			"faces": {
				"north": {"uv": [0, 0, 1, 3], "texture": "#1"},
				"east": {"uv": [0, 0, 1, 3], "texture": "#1"},
				"south": {"uv": [0, 0, 1, 3], "texture": "#1"},
				"west": {"uv": [0, 0, 1, 3], "texture": "#1"},
				"up": {"uv": [0, 0, 1, 1], "texture": "#1"},
				"down": {"uv": [0, 0, 1, 1], "texture": "#1"}
			}
		},
		{
			"name": "pad3",
			"from": [13, -8, -6],
			"to": [14, -5, -5],
			"faces": {
				"north": {"uv": [0, 0, 1, 3], "texture": "#1"},
				"east": {"uv": [0, 0, 1, 3], "texture": "#1"},
				"south": {"uv": [0, 0, 1, 3], "texture": "#1"},
				"west": {"uv": [0, 0, 1, 3], "texture": "#1"},
				"up": {"uv": [0, 0, 1, 1], "texture": "#1"},
				"down": {"uv": [0, 0, 1, 1], "texture": "#1"}
			}
		},
		{
			"name": "pad4",
			"from": [12, -8, -6],
			"to": [13, -7, -5],
			"faces": {
				"north": {"uv": [0, 0, 1, 1], "texture": "#1"},
				"east": {"uv": [0, 0, 1, 1], "texture": "#1"},
				"south": {"uv": [0, 0, 1, 1], "texture": "#1"},
				"west": {"uv": [0, 0, 1, 1], "texture": "#1"},
				"up": {"uv": [0, 0, 1, 1], "texture": "#1"},
				"down": {"uv": [0, 0, 1, 1], "texture": "#1"}
			}
		},
		{
			"name": "pad5",
			"from": [12, -6, -6],
			"to": [13, -5, -5],
			"faces": {
				"north": {"uv": [0, 0, 1, 1], "texture": "#1"},
				"east": {"uv": [0, 0, 1, 1], "texture": "#1"},
				"south": {"uv": [0, 0, 1, 1], "texture": "#1"},
				"west": {"uv": [0, 0, 1, 1], "texture": "#1"},
				"up": {"uv": [0, 0, 1, 1], "texture": "#1"},
				"down": {"uv": [0, 0, 1, 1], "texture": "#1"}
			}
		},
		{
			"name": "arm2",
			"from": [3, -6, -4],
			"to": [4, -5, 1],
			"faces": {
				"north": {"uv": [0, 0, 1, 1], "texture": "#0"},
				"east": {"uv": [0, 0, 5, 1], "texture": "#0"},
				"south": {"uv": [0, 0, 1, 1], "texture": "#0"},
				"west": {"uv": [0, 0, 5, 1], "texture": "#0"},
				"up": {"uv": [0, 0, 1, 5], "texture": "#0"},
				"down": {"uv": [0, 0, 1, 5], "texture": "#0"}
			}
		},
		{
			"name": "arm3",
			"from": [3, -8, -4],
			"to": [4, -7, 1],
			"faces": {
				"north": {"uv": [0, 0, 1, 1], "texture": "#0"},
				"east": {"uv": [0, 0, 5, 1], "texture": "#0"},
				"south": {"uv": [0, 0, 1, 1], "texture": "#0"},
				"west": {"uv": [0, 0, 5, 1], "texture": "#0"},
				"up": {"uv": [0, 0, 1, 5], "texture": "#0"},
				"down": {"uv": [0, 0, 1, 5], "texture": "#0"}
			}
		},
		{
			"name": "arm4",
			"from": [2, -7, -4],
			"to": [3, -6, 1],
			"faces": {
				"north": {"uv": [0, 0, 1, 1], "texture": "#0"},
				"east": {"uv": [0, 0, 5, 1], "texture": "#0"},
				"south": {"uv": [0, 0, 1, 1], "texture": "#0"},
				"west": {"uv": [0, 0, 5, 1], "texture": "#0"},
				"up": {"uv": [0, 0, 1, 5], "texture": "#0"},
				"down": {"uv": [0, 0, 1, 5], "texture": "#0"}
			}
		},
		{
			"name": "arm5",
			"from": [4, -7, -4],
			"to": [5, -6, 1],
			"faces": {
				"north": {"uv": [0, 0, 1, 1], "texture": "#0"},
				"east": {"uv": [0, 0, 5, 1], "texture": "#0"},
				"south": {"uv": [0, 0, 1, 1], "texture": "#0"},
				"west": {"uv": [0, 0, 5, 1], "texture": "#0"},
				"up": {"uv": [0, 0, 1, 5], "texture": "#0"},
				"down": {"uv": [0, 0, 1, 5], "texture": "#0"}
			}
		},
		{
			"name": "arm6",
			"from": [3, -7, -5],
			"to": [4, -6, 0],
			"faces": {
				"north": {"uv": [0, 0, 1, 1], "texture": "#1"},
				"east": {"uv": [0, 0, 5, 1], "texture": "#1"},
				"south": {"uv": [0, 0, 1, 1], "texture": "#1"},
				"west": {"uv": [0, 0, 5, 1], "texture": "#1"},
				"up": {"uv": [0, 0, 1, 5], "texture": "#1"},
				"down": {"uv": [0, 0, 1, 5], "texture": "#1"}
			}
		},
		{
			"name": "head",
			"from": [3, 1, 3],
			"to": [13, 8, 13],
			"faces": {
				"north": {"uv": [0, 0, 16, 16], "texture": "#2"},
				"east": {"uv": [0, 0, 16, 16], "texture": "#2"},
				"south": {"uv": [0, 0, 16, 16], "texture": "#2"},
				"west": {"uv": [0, 0, 16, 16], "texture": "#2"},
				"up": {"uv": [0, 0, 16, 4], "texture": "#2"},
				"down": {"uv": [0, 0, 16, 16], "texture": "#3"}
			}
		},
		{
			"name": "head2",
			"from": [4, 8, 4],
			"to": [12, 11, 12],
			"faces": {
				"north": {"uv": [0, 0, 16, 3], "texture": "#2"},
				"east": {"uv": [0, 0, 16, 4], "texture": "#2"},
				"south": {"uv": [0, 0, 16, 4], "texture": "#2"},
				"west": {"uv": [0, 0, 16, 4], "texture": "#2"},
				"up": {"uv": [0, 0, 16, 4], "texture": "#2"},
				"down": {"uv": [0, 0, 16, 8], "texture": "#3"}
			}
		},
		{
			"name": "headarm",
			"from": [7, 8, -2],
			"to": [9, 10, 5],
			"faces": {
				"north": {"uv": [0, 0, 2, 2], "texture": "#0"},
				"east": {"uv": [0, 0, 7, 2], "texture": "#0"},
				"south": {"uv": [0, 0, 2, 2], "texture": "#0"},
				"west": {"uv": [0, 0, 7, 2], "texture": "#0"},
				"up": {"uv": [0, 0, 2, 7], "texture": "#0"},
				"down": {"uv": [0, 0, 2, 7], "texture": "#0"}
			}
		},
		{
			"name": "eye1",
			"from": [6, 7, 0],
			"to": [10, 11, 1],
			"faces": {
				"north": {"uv": [0, 0, 4, 4], "texture": "#1"},
				"east": {"uv": [0, 0, 1, 4], "texture": "#1"},
				"south": {"uv": [0, 0, 4, 4], "texture": "#1"},
				"west": {"uv": [0, 0, 1, 4], "texture": "#1"},
				"up": {"uv": [0, 0, 4, 1], "texture": "#1"},
				"down": {"uv": [0, 0, 4, 1], "texture": "#1"}
			}
		},
		{
			"name": "eye2",
			"from": [6, 7, -3],
			"to": [10, 11, -2],
			"faces": {
				"north": {"uv": [0, 0, 4, 4], "texture": "#1"},
				"east": {"uv": [0, 0, 1, 4], "texture": "#1"},
				"south": {"uv": [0, 0, 4, 4], "texture": "#1"},
				"west": {"uv": [0, 0, 1, 4], "texture": "#1"},
				"up": {"uv": [0, 0, 4, 1], "texture": "#1"},
				"down": {"uv": [0, 0, 4, 1], "texture": "#1"}
			}
		},
		{
			"name": "eye3",
			"from": [6, 10, -4],
			"to": [10, 11, -3],
			"faces": {
				"north": {"uv": [0, 0, 4, 1], "texture": "#1"},
				"east": {"uv": [0, 0, 1, 1], "texture": "#1"},
				"south": {"uv": [0, 0, 4, 1], "texture": "#1"},
				"west": {"uv": [0, 0, 1, 1], "texture": "#1"},
				"up": {"uv": [0, 0, 4, 1], "texture": "#1"},
				"down": {"uv": [0, 0, 4, 1], "texture": "#1"}
			}
		},
		{
			"name": "eye4",
			"from": [6, 7, -4],
			"to": [10, 8, -3],
			"faces": {
				"north": {"uv": [0, 0, 4, 1], "texture": "#1"},
				"east": {"uv": [0, 0, 1, 1], "texture": "#1"},
				"south": {"uv": [0, 0, 4, 1], "texture": "#1"},
				"west": {"uv": [0, 0, 1, 1], "texture": "#1"},
				"up": {"uv": [0, 0, 4, 1], "texture": "#1"},
				"down": {"uv": [0, 0, 4, 1], "texture": "#1"}
			}
		},
		{
			"name": "eye5",
			"from": [6, 8, -4],
			"to": [7, 10, -3],
			"faces": {
				"north": {"uv": [0, 0, 1, 2], "texture": "#1"},
				"east": {"uv": [0, 0, 1, 2], "texture": "#1"},
				"south": {"uv": [0, 0, 1, 2], "texture": "#1"},
				"west": {"uv": [0, 0, 1, 2], "texture": "#1"},
				"up": {"uv": [0, 0, 1, 1], "texture": "#1"},
				"down": {"uv": [0, 0, 1, 1], "texture": "#1"}
			}
		},
		{
			"name": "eye6",
			"from": [9, 8, -4],
			"to": [10, 10, -3],
			"faces": {
				"north": {"uv": [0, 0, 1, 2], "texture": "#1"},
				"east": {"uv": [0, 0, 1, 2], "texture": "#1"},
				"south": {"uv": [0, 0, 1, 2], "texture": "#1"},
				"west": {"uv": [0, 0, 1, 2], "texture": "#1"},
				"up": {"uv": [0, 0, 1, 1], "texture": "#1"},
				"down": {"uv": [0, 0, 1, 1], "texture": "#1"}
			}
		},
		{
			"name": "eye",
			"from": [7, 8, -3.5],
			"to": [9, 10, -3],
			"faces": {
				"north": {"uv": [0.5625, 9.0625, 4.0625, 13.4375], "texture": "#4"},
				"east": {"uv": [0.5625, 9.0625, 4.0625, 13.4375], "texture": "#4"},
				"south": {"uv": [0.5625, 9.0625, 4.0625, 13.4375], "texture": "#4"},
				"west": {"uv": [0.5625, 9.0625, 4.0625, 13.4375], "texture": "#4"},
				"up": {"uv": [0.5625, 9.0625, 4.0625, 13.4375], "texture": "#4"},
				"down": {"uv": [0.5625, 9.0625, 4.0625, 13.4375], "texture": "#4"}
			}
		},
		{
			"name": "base",
			"from": [2, 0, 2],
			"to": [14, 1, 14],
			"faces": {
				"north": {"uv": [0, 0, 16, 16], "texture": "#3"},
				"east": {"uv": [0, 0, 16, 16], "texture": "#3"},
				"south": {"uv": [0, 0, 16, 16], "texture": "#3"},
				"west": {"uv": [0, 0, 16, 16], "texture": "#3"},
				"up": {"uv": [0, 0, 16, 16], "texture": "#3"},
				"down": {"uv": [0, 0, 16, 16], "texture": "#3"}
			}
		},
		{
			"name": "headtop",
			"from": [5, 11, 5],
			"to": [11, 12, 11],
			"faces": {
				"north": {"uv": [0, 0, 16, 3], "texture": "#2"},
				"east": {"uv": [0, 0, 16, 4], "texture": "#2"},
				"south": {"uv": [0, 0, 16, 4], "texture": "#2"},
				"west": {"uv": [0, 0, 16, 4], "texture": "#2"},
				"up": {"uv": [0, 0, 16, 4], "texture": "#2"},
				"down": {"uv": [0, 0, 16, 8], "texture": "#3"}
			}
		},
		{
			"name": "light",
			"from": [11.5, 10, 7],
			"to": [13.5, 14, 9],
			"rotation": {"angle": -22.5, "axis": "z", "origin": [8, 11, 8]},
			"faces": {
				"north": {"uv": [0, 0, 16, 16], "texture": "#5"},
				"east": {"uv": [0, 0, 16, 16], "texture": "#5"},
				"south": {"uv": [0, 0, 16, 16], "texture": "#5"},
				"west": {"uv": [0, 0, 16, 16], "texture": "#5"},
				"up": {"uv": [0, 0, 16, 16], "texture": "#5"},
				"down": {"uv": [1, 14, 16, 6], "texture": "#5"}
			}
		},
		{
			"name": "light",
			"from": [3.5, 10, 7],
			"to": [5.5, 14, 9],
			"rotation": {"angle": 22.5, "axis": "z", "origin": [8, 8, 8]},
			"faces": {
				"north": {"uv": [0, 0, 16, 16], "texture": "#5"},
				"east": {"uv": [0, 0, 16, 16], "texture": "#5"},
				"south": {"uv": [0, 0, 16, 16], "texture": "#5"},
				"west": {"uv": [0, 0, 16, 16], "texture": "#5"},
				"up": {"uv": [0, 0, 16, 16], "texture": "#5"},
				"down": {"uv": [4, 15, 16, 3], "texture": "#5"}
			}
		}
	]
}