{
	"credit": "Made with Blockbench",
	"textures": {
		"0": "block/oak_planks",
		"1": "block/chalk"
	},
	"elements": [
		{
			"name": "Cube",
			"from": [0, 0, 5],
			"to": [1, 1, 11],
			"faces": {
				"north": {"uv": [0, 0, 1, 1], "texture": "#0"},
				"east": {"uv": [0, 0, 6, 1], "texture": "#0"},
				"south": {"uv": [0, 0, 1, 1], "texture": "#0"},
				"west": {"uv": [0, 0, 6, 1], "texture": "#0"},
				"up": {"uv": [0, 0, 1, 6], "texture": "#0"},
				"down": {"uv": [0, 0, 1, 6], "texture": "#0"}
			}
		},
		{
			"name": "Cube",
			"from": [0, 1, 7],
			"to": [1, 32, 9],
			"faces": {
				"north": {"uv": [0, 0, 1, 16], "texture": "#0"},
				"east": {"uv": [0, 0, 2, 16], "texture": "#0"},
				"south": {"uv": [0, 0, 1, 16], "texture": "#0"},
				"west": {"uv": [0, 0, 2, 16], "texture": "#0"},
				"up": {"uv": [0, 0, 1, 2], "texture": "#0"},
				"down": {"uv": [0, 0, 1, 2], "texture": "#0"}
			}
		},
		{
			"name": "Cube",
			"from": [15, 0, 5],
			"to": [16, 1, 11],
			"faces": {
				"north": {"uv": [0, 0, 1, 1], "texture": "#0"},
				"east": {"uv": [0, 0, 6, 1], "texture": "#0"},
				"south": {"uv": [0, 0, 1, 1], "texture": "#0"},
				"west": {"uv": [0, 0, 6, 1], "texture": "#0"},
				"up": {"uv": [0, 0, 1, 6], "texture": "#0"},
				"down": {"uv": [0, 0, 1, 6], "texture": "#0"}
			}
		},
		{
			"name": "Cube",
			"from": [15, 1, 7],
			"to": [16, 32, 9],
			"faces": {
				"north": {"uv": [0, 0, 1, 16], "texture": "#0"},
				"east": {"uv": [0, 0, 2, 16], "texture": "#0"},
				"south": {"uv": [0, 0, 1, 16], "texture": "#0"},
				"west": {"uv": [0, 0, 2, 16], "texture": "#0"},
				"up": {"uv": [0, 0, 1, 2], "texture": "#0"},
				"down": {"uv": [0, 0, 1, 2], "texture": "#0"}
			}
		},
		{
			"name": "Cube",
			"from": [1, 6, 7.5],
			"to": [15, 32, 8.5],
			"faces": {
				"north": {"uv": [8, 0, 16, 16], "texture": "#1"},
				"east": {"uv": [9, 0, 11, 1], "texture": "#1"},
				"south": {"uv": [0, 0, 8, 16], "texture": "#1"},
				"west": {"uv": [8, 0, 11, 1], "texture": "#1"},
				"up": {"uv": [8, 0, 11, 1], "texture": "#1"},
				"down": {"uv": [9, 0, 11, 1], "texture": "#1"}
			}
		}
	],
	"display": {
		"thirdperson_righthand": {
			"scale": [0.5, 0.5, 0.5],
			"translation": [0.5, 0, 0.5]
		},
		"thirdperson_lefthand": {
			"scale": [0.5, 0.5, 0.5],
			"translation": [0.5, 0, 0.5]
		},
		"firstperson_righthand": {
			"translation": [4, 0, 0],
			"scale": [0.5, 0.5, 0.5]
		},
		"firstperson_lefthand": {
			"scale": [0.5, 0.5, 0.5],
			"translation": [4, 0, 0]
		},
		"fixed": {
			"scale": [0.5, 0.5, 0.5],
			"translation": [0, -3.5, 0]
		},
		"gui": {
			"scale": [0.5, 0.5, 0.5],
			"rotation": [45, -45, 0],
			"translation": [0, -2.5, 0]
		}
	}
}