{
    "__comment": "Model generated using MrCrayfish's Model Creator (http://mrcrayfish.com/modelcreator/)",
    "textures": {
	    "particle": "block/gray_wool",
        "0": "block/gray_wool",
        "1": "block/light_gray_wool",
        "2": "block/comparator"
    },
    "elements": [
        {
            "name": "Cube",
            "from": [ 0.0, 0.0, 0.0 ], 
            "to": [ 16.0, 0.5, 16.0 ], 
            "faces": {
                "north": { "texture": "#0", "uv": [ 0.0, 0.0, 16.0, 0.5 ] },
                "east": { "texture": "#0", "uv": [ 0.0, 0.0, 16.0, 0.5 ] },
                "south": { "texture": "#0", "uv": [ 0.0, 0.0, 16.0, 0.5 ] },
                "west": { "texture": "#0", "uv": [ 0.0, 0.0, 16.0, 0.5 ] },
                "up": { "texture": "#0", "uv": [ 0.0, 0.0, 16.0, 16.0 ] },
                "down": { "texture": "#0", "uv": [ 0.0, 0.0, 16.0, 16.0 ] }
            }
        },
        {
            "name": "Cube",
            "from": [ 0.0, 3.5, 3.0 ], 
            "to": [ 1.0, 4.6, 18.0 ], 
            "rotation": { "origin": [ 8.0, 8.0, 8.0 ], "axis": "x", "angle": 22.5 },
            "faces": {
                "north": { "texture": "#0", "uv": [ 0.0, 0.0, 1.0, 1.1 ] },
                "east": { "texture": "#0", "uv": [ 0.0, 0.0, 15.0, 1.1 ] },
                "south": { "texture": "#0", "uv": [ 0.0, 0.0, 1.0, 1.1 ] },
                "west": { "texture": "#0", "uv": [ 0.0, 0.0, 15.0, 1.1 ] },
                "up": { "texture": "#0", "uv": [ 2.0, 5.5, 3.0, 10.5 ] },
                "down": { "texture": "#0", "uv": [ 0.0, 0.0, 1.0, 15.0 ] }
            }
        },
        {
            "name": "Cube",
            "from": [ 3.0, 3.5, 0.0 ], 
            "to": [ 18.0, 4.6, 1.0 ], 
            "rotation": { "origin": [ 8.0, 8.0, 8.0 ], "axis": "z", "angle": -22.5 },
            "faces": {
                "north": { "texture": "#0", "uv": [ 0.0, 0.0, 15.0, 1.1 ] },
                "east": { "texture": "#0", "uv": [ 0.0, 0.0, 1.0, 1.1 ] },
                "south": { "texture": "#0", "uv": [ 0.0, 0.0, 15.0, 1.1 ] },
                "west": { "texture": "#0", "uv": [ 0.0, 0.0, 1.0, 1.1 ] },
                "up": { "texture": "#0", "uv": [ 8.7, 10.6, 9.4, 13.8 ], "rotation": 270 },
                "down": { "texture": "#0", "uv": [ 0.0, 0.0, 15.0, 1.0 ] }
            }
        },
        {
            "name": "Cube",
            "from": [ 0.0, 0.0, 0.0 ], 
            "to": [ 2.0, 7.0, 2.0 ], 
            "faces": {
                "north": { "texture": "#0", "uv": [ 0.0, 0.0, 2.0, 7.0 ] },
                "east": { "texture": "#0", "uv": [ 0.0, 0.0, 2.0, 7.0 ] },
                "south": { "texture": "#0", "uv": [ 0.0, 0.0, 2.0, 7.0 ] },
                "west": { "texture": "#0", "uv": [ 0.0, 0.0, 2.0, 7.0 ] },
                "up": { "texture": "#0", "uv": [ 0.0, 0.0, 2.0, 2.0 ] },
                "down": { "texture": "#0", "uv": [ 0.0, 0.0, 2.0, 2.0 ] }
            }
        },
        {
            "name": "Cube",
            "from": [ 1.0, 3.6, 4.0 ], 
            "to": [ 2.0, 4.6, 18.0 ], 
            "rotation": { "origin": [ 8.0, 8.0, 8.0 ], "axis": "x", "angle": 22.5 },
            "faces": {
                "north": { "texture": "#0", "uv": [ 0.0, 0.0, 1.0, 1.0 ] },
                "east": { "texture": "#0", "uv": [ 0.0, 0.0, 14.0, 1.0 ] },
                "south": { "texture": "#0", "uv": [ 0.0, 0.0, 1.0, 1.0 ] },
                "west": { "texture": "#0", "uv": [ 0.0, 0.0, 14.0, 1.0 ] },
                "up": { "texture": "#0", "uv": [ 3.0, 5.5, 4.0, 10.5 ] },
                "down": { "texture": "#0", "uv": [ 0.0, 0.0, 1.0, 14.0 ] }
            }
        },
        {
            "name": "Cube",
            "from": [ 2.0, 3.6, 5.0 ], 
            "to": [ 3.0, 4.6, 18.0 ], 
            "rotation": { "origin": [ 8.0, 8.0, 8.0 ], "axis": "x", "angle": 22.5 },
            "faces": {
                "north": { "texture": "#0", "uv": [ 0.0, 0.0, 1.0, 1.0 ] },
                "east": { "texture": "#0", "uv": [ 0.0, 0.0, 13.0, 1.0 ] },
                "south": { "texture": "#0", "uv": [ 0.0, 0.0, 1.0, 1.0 ] },
                "west": { "texture": "#0", "uv": [ 0.0, 0.0, 13.0, 1.0 ] },
                "up": { "texture": "#0", "uv": [ 4.0, 5.9, 5.0, 10.5 ] },
                "down": { "texture": "#0", "uv": [ 0.0, 0.0, 1.0, 13.0 ] }
            }
        },
        {
            "name": "Cube",
            "from": [ 3.0, 3.6, 6.0 ], 
            "to": [ 4.0, 4.6, 18.0 ], 
            "rotation": { "origin": [ 8.0, 8.0, 8.0 ], "axis": "x", "angle": 22.5 },
            "faces": {
                "north": { "texture": "#0", "uv": [ 0.0, 0.0, 1.0, 1.0 ] },
                "east": { "texture": "#0", "uv": [ 0.0, 0.0, 12.0, 1.0 ] },
                "south": { "texture": "#0", "uv": [ 0.0, 0.0, 1.0, 1.0 ] },
                "west": { "texture": "#0", "uv": [ 0.0, 0.0, 12.0, 1.0 ] },
                "up": { "texture": "#0", "uv": [ 5.0, 6.2, 6.0, 10.5 ] },
                "down": { "texture": "#0", "uv": [ 0.0, 0.0, 1.0, 12.0 ] }
            }
        },
        {
            "name": "Cube",
            "from": [ 4.0, 3.6, 7.0 ], 
            "to": [ 5.0, 4.6, 18.0 ], 
            "rotation": { "origin": [ 8.0, 8.0, 8.0 ], "axis": "x", "angle": 22.5 },
            "faces": {
                "north": { "texture": "#0", "uv": [ 0.0, 0.0, 1.0, 1.0 ] },
                "east": { "texture": "#0", "uv": [ 0.0, 0.0, 11.0, 1.0 ] },
                "south": { "texture": "#0", "uv": [ 0.0, 0.0, 1.0, 1.0 ] },
                "west": { "texture": "#0", "uv": [ 0.0, 0.0, 11.0, 1.0 ] },
                "up": { "texture": "#0", "uv": [ 2.0, 5.5, 3.0, 10.5 ] },
                "down": { "texture": "#0", "uv": [ 0.0, 0.0, 1.0, 11.0 ] }
            }
        },
        {
            "name": "Cube",
            "from": [ 5.0, 3.6, 8.0 ], 
            "to": [ 6.0, 4.6, 18.0 ], 
            "rotation": { "origin": [ 8.0, 8.0, 8.0 ], "axis": "x", "angle": 22.5 },
            "faces": {
                "north": { "texture": "#0", "uv": [ 0.0, 0.0, 1.0, 1.0 ] },
                "east": { "texture": "#0", "uv": [ 0.0, 0.0, 10.0, 1.0 ] },
                "south": { "texture": "#0", "uv": [ 0.0, 0.0, 1.0, 1.0 ] },
                "west": { "texture": "#0", "uv": [ 0.0, 0.0, 10.0, 1.0 ] },
                "up": { "texture": "#0", "uv": [ 2.0, 5.5, 3.0, 10.5 ] },
                "down": { "texture": "#0", "uv": [ 0.0, 0.0, 1.0, 10.0 ] }
            }
        },
        {
            "name": "Cube",
            "from": [ 7.0, 3.6, 10.0 ], 
            "to": [ 8.0, 4.6, 18.0 ], 
            "rotation": { "origin": [ 8.0, 8.0, 8.0 ], "axis": "x", "angle": 22.5 },
            "faces": {
                "north": { "texture": "#0", "uv": [ 0.0, 0.0, 1.0, 1.0 ] },
                "east": { "texture": "#0", "uv": [ 0.0, 0.0, 8.0, 1.0 ] },
                "south": { "texture": "#0", "uv": [ 0.0, 0.0, 1.0, 1.0 ] },
                "west": { "texture": "#0", "uv": [ 0.0, 0.0, 8.0, 1.0 ] },
                "up": { "texture": "#0", "uv": [ 2.0, 5.5, 3.0, 10.5 ] },
                "down": { "texture": "#0", "uv": [ 0.0, 0.0, 1.0, 8.0 ] }
            }
        },
        {
            "name": "Cube",
            "from": [ 8.0, 3.5999999999999996, 11.0 ], 
            "to": [ 9.0, 4.6, 18.0 ], 
            "rotation": { "origin": [ 8.0, 8.0, 8.0 ], "axis": "x", "angle": 22.5 },
            "faces": {
                "north": { "texture": "#0", "uv": [ 0.0, 0.0, 1.0, 1.0 ] },
                "east": { "texture": "#0", "uv": [ 0.0, 0.0, 7.0, 1.0 ] },
                "south": { "texture": "#0", "uv": [ 0.0, 0.0, 1.0, 1.0 ] },
                "west": { "texture": "#0", "uv": [ 0.0, 0.0, 7.0, 1.0 ] },
                "up": { "texture": "#0", "uv": [ 2.0, 5.5, 3.0, 10.5 ] },
                "down": { "texture": "#0", "uv": [ 0.0, 0.0, 1.0, 7.0 ] }
            }
        },
        {
            "name": "Cube",
            "from": [ 9.0, 3.6, 12.0 ], 
            "to": [ 10.0, 4.6, 18.0 ], 
            "rotation": { "origin": [ 8.0, 8.0, 8.0 ], "axis": "x", "angle": 22.5 },
            "faces": {
                "north": { "texture": "#0", "uv": [ 0.0, 0.0, 1.0, 1.0 ] },
                "east": { "texture": "#0", "uv": [ 0.0, 0.0, 6.0, 1.0 ] },
                "south": { "texture": "#0", "uv": [ 0.0, 0.0, 1.0, 1.0 ] },
                "west": { "texture": "#0", "uv": [ 0.0, 0.0, 6.0, 1.0 ] },
                "up": { "texture": "#0", "uv": [ 2.0, 5.5, 3.0, 10.5 ] },
                "down": { "texture": "#0", "uv": [ 0.0, 0.0, 1.0, 6.0 ] }
            }
        },
        {
            "name": "Cube",
            "from": [ 10.0, 3.6, 13.0 ], 
            "to": [ 11.0, 4.6, 18.0 ], 
            "rotation": { "origin": [ 8.0, 8.0, 8.0 ], "axis": "x", "angle": 22.5 },
            "faces": {
                "north": { "texture": "#0", "uv": [ 0.0, 0.0, 1.0, 1.0 ] },
                "east": { "texture": "#0", "uv": [ 0.0, 0.0, 5.0, 1.0 ] },
                "south": { "texture": "#0", "uv": [ 0.0, 0.0, 1.0, 1.0 ] },
                "west": { "texture": "#0", "uv": [ 0.0, 0.0, 5.0, 1.0 ] },
                "up": { "texture": "#0", "uv": [ 2.0, 5.5, 3.0, 10.5 ] },
                "down": { "texture": "#0", "uv": [ 0.0, 0.0, 1.0, 5.0 ] }
            }
        },
        {
            "name": "Cube",
            "from": [ 11.0, 3.6, 14.0 ], 
            "to": [ 12.0, 4.6, 18.0 ], 
            "rotation": { "origin": [ 8.0, 8.0, 8.0 ], "axis": "x", "angle": 22.5 },
            "faces": {
                "north": { "texture": "#0", "uv": [ 0.0, 0.0, 1.0, 1.0 ] },
                "east": { "texture": "#0", "uv": [ 0.0, 0.0, 4.0, 1.0 ] },
                "south": { "texture": "#0", "uv": [ 0.0, 0.0, 1.0, 1.0 ] },
                "west": { "texture": "#0", "uv": [ 0.0, 0.0, 4.0, 1.0 ] },
                "up": { "texture": "#0", "uv": [ 2.0, 5.5, 3.0, 10.5 ] },
                "down": { "texture": "#0", "uv": [ 0.0, 0.0, 1.0, 4.0 ] }
            }
        },
        {
            "name": "Cube",
            "from": [ 12.0, 3.6, 15.0 ], 
            "to": [ 13.0, 4.6, 18.0 ], 
            "rotation": { "origin": [ 8.0, 8.0, 8.0 ], "axis": "x", "angle": 22.5 },
            "faces": {
                "north": { "texture": "#0", "uv": [ 0.0, 0.0, 1.0, 1.0 ] },
                "east": { "texture": "#0", "uv": [ 0.0, 0.0, 3.0, 1.0 ] },
                "south": { "texture": "#0", "uv": [ 0.0, 0.0, 1.0, 1.0 ] },
                "west": { "texture": "#0", "uv": [ 0.0, 0.0, 3.0, 1.0 ] },
                "up": { "texture": "#0", "uv": [ 2.0, 5.5, 3.0, 10.5 ] },
                "down": { "texture": "#0", "uv": [ 0.0, 0.0, 1.0, 3.0 ] }
            }
        },
        {
            "name": "Cube",
            "from": [ 13.0, 3.5999999999999996, 16.0 ], 
            "to": [ 14.0, 4.6, 18.0 ], 
            "rotation": { "origin": [ 8.0, 8.0, 8.0 ], "axis": "x", "angle": 22.5 },
            "faces": {
                "north": { "texture": "#0", "uv": [ 0.0, 0.0, 1.0, 1.0 ] },
                "east": { "texture": "#0", "uv": [ 0.0, 0.0, 2.0, 1.0 ] },
                "south": { "texture": "#0", "uv": [ 0.0, 0.0, 1.0, 1.0 ] },
                "west": { "texture": "#0", "uv": [ 0.0, 0.0, 2.0, 1.0 ] },
                "up": { "texture": "#0", "uv": [ 2.0, 5.5, 3.0, 10.5 ] },
                "down": { "texture": "#0", "uv": [ 0.0, 0.0, 1.0, 2.0 ] }
            }
        },
        {
            "name": "Cube",
            "from": [ 6.0, 3.5999999999999996, 9.0 ], 
            "to": [ 7.0, 4.6, 18.0 ], 
            "rotation": { "origin": [ 8.0, 8.0, 8.0 ], "axis": "x", "angle": 22.5 },
            "faces": {
                "north": { "texture": "#0", "uv": [ 0.0, 0.0, 1.0, 1.0 ] },
                "east": { "texture": "#0", "uv": [ 0.0, 0.0, 9.0, 1.0 ] },
                "south": { "texture": "#0", "uv": [ 0.0, 0.0, 1.0, 1.0 ] },
                "west": { "texture": "#0", "uv": [ 0.0, 0.0, 9.0, 1.0 ] },
                "up": { "texture": "#0", "uv": [ 2.0, 5.5, 3.0, 10.5 ] },
                "down": { "texture": "#0", "uv": [ 0.0, 0.0, 1.0, 9.0 ] }
            }
        },
        {
            "name": "Cube",
            "from": [ 4.0, 3.5, 1.0 ], 
            "to": [ 18.0, 4.6, 2.0 ], 
            "rotation": { "origin": [ 8.0, 8.0, 8.0 ], "axis": "z", "angle": -22.5 },
            "faces": {
                "north": { "texture": "#0", "uv": [ 0.0, 0.0, 14.0, 1.1 ] },
                "east": { "texture": "#0", "uv": [ 0.0, 0.0, 1.0, 1.1 ] },
                "south": { "texture": "#0", "uv": [ 0.0, 0.0, 14.0, 1.1 ] },
                "west": { "texture": "#0", "uv": [ 0.0, 0.0, 1.0, 1.1 ] },
                "up": { "texture": "#0", "uv": [ 8.7, 10.6, 9.4, 13.8 ] },
                "down": { "texture": "#0", "uv": [ 0.0, 0.0, 14.0, 1.0 ] }
            }
        },
        {
            "name": "Cube",
            "from": [ 5.0, 3.5, 2.0 ], 
            "to": [ 18.0, 4.6, 3.0 ], 
            "rotation": { "origin": [ 8.0, 8.0, 8.0 ], "axis": "z", "angle": -22.5 },
            "faces": {
                "north": { "texture": "#0", "uv": [ 0.0, 0.0, 13.0, 1.1 ] },
                "east": { "texture": "#0", "uv": [ 0.0, 0.0, 1.0, 1.1 ] },
                "south": { "texture": "#0", "uv": [ 0.0, 0.0, 13.0, 1.1 ] },
                "west": { "texture": "#0", "uv": [ 0.0, 0.0, 1.0, 1.1 ] },
                "up": { "texture": "#0", "uv": [ 8.7, 10.6, 9.4, 13.8 ] },
                "down": { "texture": "#0", "uv": [ 0.0, 0.0, 13.0, 1.0 ] }
            }
        },
        {
            "name": "Cube",
            "from": [ 6.0, 3.5, 3.0 ], 
            "to": [ 18.0, 4.6, 4.0 ], 
            "rotation": { "origin": [ 8.0, 8.0, 8.0 ], "axis": "z", "angle": -22.5 },
            "faces": {
                "north": { "texture": "#0", "uv": [ 0.0, 0.0, 12.0, 1.1 ] },
                "east": { "texture": "#0", "uv": [ 0.0, 0.0, 1.0, 1.1 ] },
                "south": { "texture": "#0", "uv": [ 0.0, 0.0, 12.0, 1.1 ] },
                "west": { "texture": "#0", "uv": [ 0.0, 0.0, 1.0, 1.1 ] },
                "up": { "texture": "#0", "uv": [ 8.7, 10.6, 9.4, 13.8 ] },
                "down": { "texture": "#0", "uv": [ 0.0, 0.0, 12.0, 1.0 ] }
            }
        },
        {
            "name": "Cube",
            "from": [ 7.0, 3.5, 4.0 ], 
            "to": [ 18.0, 4.6, 5.0 ], 
            "rotation": { "origin": [ 8.0, 8.0, 8.0 ], "axis": "z", "angle": -22.5 },
            "faces": {
                "north": { "texture": "#0", "uv": [ 0.0, 0.0, 11.0, 1.1 ] },
                "east": { "texture": "#0", "uv": [ 0.0, 0.0, 1.0, 1.1 ] },
                "south": { "texture": "#0", "uv": [ 0.0, 0.0, 11.0, 1.1 ] },
                "west": { "texture": "#0", "uv": [ 0.0, 0.0, 1.0, 1.1 ] },
                "up": { "texture": "#0", "uv": [ 8.7, 10.6, 9.4, 13.8 ] },
                "down": { "texture": "#0", "uv": [ 0.0, 0.0, 11.0, 1.0 ] }
            }
        },
        {
            "name": "Cube",
            "from": [ 8.0, 3.5, 5.0 ], 
            "to": [ 18.0, 4.6, 6.0 ], 
            "rotation": { "origin": [ 8.0, 8.0, 8.0 ], "axis": "z", "angle": -22.5 },
            "faces": {
                "north": { "texture": "#0", "uv": [ 0.0, 0.0, 10.0, 1.1 ] },
                "east": { "texture": "#0", "uv": [ 0.0, 0.0, 1.0, 1.1 ] },
                "south": { "texture": "#0", "uv": [ 0.0, 0.0, 10.0, 1.1 ] },
                "west": { "texture": "#0", "uv": [ 0.0, 0.0, 1.0, 1.1 ] },
                "up": { "texture": "#0", "uv": [ 8.7, 10.6, 9.4, 13.8 ] },
                "down": { "texture": "#0", "uv": [ 0.0, 0.0, 10.0, 1.0 ] }
            }
        },
        {
            "name": "Cube",
            "from": [ 9.0, 3.5, 6.0 ], 
            "to": [ 18.0, 4.6, 7.0 ], 
            "rotation": { "origin": [ 8.0, 8.0, 8.0 ], "axis": "z", "angle": -22.5 },
            "faces": {
                "north": { "texture": "#0", "uv": [ 0.0, 0.0, 9.0, 1.1 ] },
                "east": { "texture": "#0", "uv": [ 0.0, 0.0, 1.0, 1.1 ] },
                "south": { "texture": "#0", "uv": [ 0.0, 0.0, 9.0, 1.1 ] },
                "west": { "texture": "#0", "uv": [ 0.0, 0.0, 1.0, 1.1 ] },
                "up": { "texture": "#0", "uv": [ 8.7, 10.6, 9.4, 13.8 ] },
                "down": { "texture": "#0", "uv": [ 0.0, 0.0, 9.0, 1.0 ] }
            }
        },
        {
            "name": "Cube",
            "from": [ 10.0, 3.5, 7.0 ], 
            "to": [ 18.0, 4.6, 8.0 ], 
            "rotation": { "origin": [ 8.0, 8.0, 8.0 ], "axis": "z", "angle": -22.5 },
            "faces": {
                "north": { "texture": "#0", "uv": [ 0.0, 0.0, 8.0, 1.1 ] },
                "east": { "texture": "#0", "uv": [ 0.0, 0.0, 1.0, 1.1 ] },
                "south": { "texture": "#0", "uv": [ 0.0, 0.0, 8.0, 1.1 ] },
                "west": { "texture": "#0", "uv": [ 0.0, 0.0, 1.0, 1.1 ] },
                "up": { "texture": "#0", "uv": [ 8.7, 10.6, 9.4, 13.8 ] },
                "down": { "texture": "#0", "uv": [ 0.0, 0.0, 8.0, 1.0 ] }
            }
        },
        {
            "name": "Cube",
            "from": [ 11.0, 3.5, 8.0 ], 
            "to": [ 18.0, 4.6, 9.0 ], 
            "rotation": { "origin": [ 8.0, 8.0, 8.0 ], "axis": "z", "angle": -22.5 },
            "faces": {
                "north": { "texture": "#0", "uv": [ 0.0, 0.0, 7.0, 1.1 ] },
                "east": { "texture": "#0", "uv": [ 0.0, 0.0, 1.0, 1.1 ] },
                "south": { "texture": "#0", "uv": [ 0.0, 0.0, 7.0, 1.1 ] },
                "west": { "texture": "#0", "uv": [ 0.0, 0.0, 1.0, 1.1 ] },
                "up": { "texture": "#0", "uv": [ 8.7, 10.6, 9.4, 13.8 ] },
                "down": { "texture": "#0", "uv": [ 0.0, 0.0, 7.0, 1.0 ] }
            }
        },
        {
            "name": "Cube",
            "from": [ 12.0, 3.5, 9.0 ], 
            "to": [ 18.0, 4.6, 10.0 ], 
            "rotation": { "origin": [ 8.0, 8.0, 8.0 ], "axis": "z", "angle": -22.5 },
            "faces": {
                "north": { "texture": "#0", "uv": [ 0.0, 0.0, 6.0, 1.1 ] },
                "east": { "texture": "#0", "uv": [ 0.0, 0.0, 1.0, 1.1 ] },
                "south": { "texture": "#0", "uv": [ 0.0, 0.0, 6.0, 1.1 ] },
                "west": { "texture": "#0", "uv": [ 0.0, 0.0, 1.0, 1.1 ] },
                "up": { "texture": "#0", "uv": [ 8.7, 10.6, 9.4, 13.8 ] },
                "down": { "texture": "#0", "uv": [ 0.0, 0.0, 6.0, 1.0 ] }
            }
        },
        {
            "name": "Cube",
            "from": [ 13.0, 3.5, 10.0 ], 
            "to": [ 18.0, 4.6, 11.0 ], 
            "rotation": { "origin": [ 8.0, 8.0, 8.0 ], "axis": "z", "angle": -22.5 },
            "faces": {
                "north": { "texture": "#0", "uv": [ 0.0, 0.0, 5.0, 1.1 ] },
                "east": { "texture": "#0", "uv": [ 0.0, 0.0, 1.0, 1.1 ] },
                "south": { "texture": "#0", "uv": [ 0.0, 0.0, 5.0, 1.1 ] },
                "west": { "texture": "#0", "uv": [ 0.0, 0.0, 1.0, 1.1 ] },
                "up": { "texture": "#0", "uv": [ 8.7, 10.6, 9.4, 13.8 ] },
                "down": { "texture": "#0", "uv": [ 0.0, 0.0, 5.0, 1.0 ] }
            }
        },
        {
            "name": "Cube",
            "from": [ 14.0, 3.5, 11.0 ], 
            "to": [ 18.0, 4.6, 12.0 ], 
            "rotation": { "origin": [ 8.0, 8.0, 8.0 ], "axis": "z", "angle": -22.5 },
            "faces": {
                "north": { "texture": "#0", "uv": [ 0.0, 0.0, 4.0, 1.1 ] },
                "east": { "texture": "#0", "uv": [ 0.0, 0.0, 1.0, 1.1 ] },
                "south": { "texture": "#0", "uv": [ 0.0, 0.0, 4.0, 1.1 ] },
                "west": { "texture": "#0", "uv": [ 0.0, 0.0, 1.0, 1.1 ] },
                "up": { "texture": "#0", "uv": [ 8.7, 10.6, 9.4, 13.8 ] },
                "down": { "texture": "#0", "uv": [ 0.0, 0.0, 4.0, 1.0 ] }
            }
        },
        {
            "name": "Cube",
            "from": [ 15.0, 3.5, 12.0 ], 
            "to": [ 18.0, 4.6, 13.0 ], 
            "rotation": { "origin": [ 8.0, 8.0, 8.0 ], "axis": "z", "angle": -22.5 },
            "faces": {
                "north": { "texture": "#0", "uv": [ 0.0, 0.0, 3.0, 1.1 ] },
                "east": { "texture": "#0", "uv": [ 0.0, 0.0, 1.0, 1.1 ] },
                "south": { "texture": "#0", "uv": [ 0.0, 0.0, 3.0, 1.1 ] },
                "west": { "texture": "#0", "uv": [ 0.0, 0.0, 1.0, 1.1 ] },
                "up": { "texture": "#0", "uv": [ 8.7, 10.6, 9.4, 13.8 ] },
                "down": { "texture": "#0", "uv": [ 0.0, 0.0, 3.0, 1.0 ] }
            }
        },
        {
            "name": "Cube",
            "from": [ 16.0, 3.5, 13.0 ], 
            "to": [ 18.0, 4.6, 14.0 ], 
            "rotation": { "origin": [ 8.0, 8.0, 8.0 ], "axis": "z", "angle": -22.5 },
            "faces": {
                "north": { "texture": "#0", "uv": [ 0.0, 0.0, 2.0, 1.1 ] },
                "east": { "texture": "#0", "uv": [ 0.0, 0.0, 1.0, 1.1 ] },
                "south": { "texture": "#0", "uv": [ 0.0, 0.0, 2.0, 1.1 ] },
                "west": { "texture": "#0", "uv": [ 0.0, 0.0, 1.0, 1.1 ] },
                "up": { "texture": "#0", "uv": [ 8.7, 10.6, 9.4, 13.8 ] },
                "down": { "texture": "#0", "uv": [ 0.0, 0.0, 2.0, 1.0 ] }
            }
        },
        {
            "name": "Cube",
            "from": [ 11.0, 1.0, 5.0 ], 
            "to": [ 17.0, 8.0, 11.0 ], 
            "rotation": { "origin": [ 8.0, 8.0, 8.0 ], "axis": "y", "angle": -45.0 },
            "faces": {
                "north": { "texture": "#1", "uv": [ 0.0, 0.0, 6.0, 7.0 ] },
                "east": { "texture": "#2", "uv": [ 7.7, 5.7, 10.5, 9.2 ] },
                "south": { "texture": "#1", "uv": [ 0.0, 0.0, 6.0, 7.0 ] },
                "west": { "texture": "#1", "uv": [ 0.0, 0.0, 6.0, 7.0 ] },
                "up": { "texture": "#1", "uv": [ 0.0, 0.0, 6.0, 6.0 ] },
                "down": { "texture": "#1", "uv": [ 0.0, 0.0, 6.0, 6.0 ] }
            }
        },
        {
            "name": "Cube",
            "from": [ 6.0, 3.0, -1.0 ], 
            "to": [ 10.0, 7.0, 11.0 ], 
            "rotation": { "origin": [ 8.0, 8.0, 8.0 ], "axis": "y", "angle": 45.0 },
            "faces": {
                "north": { "texture": "#1", "uv": [ 0.0, 0.0, 4.0, 4.0 ] },
                "east": { "texture": "#1", "uv": [ 0.0, 0.0, 12.0, 4.0 ] },
                "south": { "texture": "#1", "uv": [ 0.0, 0.0, 4.0, 4.0 ] },
                "west": { "texture": "#1", "uv": [ 0.0, 0.0, 12.0, 4.0 ] },
                "up": { "texture": "#1", "uv": [ 0.0, 0.0, 4.0, 12.0 ] },
                "down": { "texture": "#1", "uv": [ 8.0, 7.0, 10.0, 9.0 ] }
            }
        },
        {
            "name": "Cube",
            "from": [ 12.0, 4.5, 1.0 ], 
            "to": [ 18.0, 5.6, 8.0 ], 
            "rotation": { "origin": [ 8.0, 8.0, 8.0 ], "axis": "z", "angle": -22.5 },
            "faces": {
                "north": { "texture": "#0", "uv": [ 0.0, 0.0, 6.0, 1.1 ] },
                "east": { "texture": "#0", "uv": [ 0.0, 0.0, 7.0, 1.1 ] },
                "south": { "texture": "#0", "uv": [ 0.0, 0.0, 6.0, 1.1 ] },
                "west": { "texture": "#0", "uv": [ 0.0, 0.0, 7.0, 1.1 ] },
                "up": { "texture": "#2", "uv": [ 7.699999999999999, 5.6, 12.7, 9.2 ], "rotation": 270 },
                "down": { "texture": "#0", "uv": [ 0.0, 0.0, 6.0, 7.0 ] }
            }
        },
        {
            "name": "Cube",
            "from": [ 0.0, 4.5, 12.0 ], 
            "to": [ 7.0, 5.6, 18.0 ], 
            "rotation": { "origin": [ 8.0, 8.0, 8.0 ], "axis": "x", "angle": 22.5 },
            "faces": {
                "north": { "texture": "#0", "uv": [ 0.0, 0.0, 7.0, 1.1 ] },
                "east": { "texture": "#0", "uv": [ 0.0, 0.0, 6.0, 1.1 ] },
                "south": { "texture": "#0", "uv": [ 0.0, 0.0, 7.0, 1.1 ] },
                "west": { "texture": "#0", "uv": [ 0.0, 0.0, 6.0, 1.1 ] },
                "up": { "texture": "#2", "uv": [ 2.6999999999999993, 5.6, 7.699999999999999, 9.2 ] },
                "down": { "texture": "#0", "uv": [ 0.0, 0.0, 7.0, 6.0 ] }
            }
        },
        {
            "name": "Cube",
            "from": [ 0.0, 4.5, 10.0 ], 
            "to": [ 7.0, 5.6, 12.0 ], 
            "rotation": { "origin": [ 8.0, 8.0, 8.0 ], "axis": "x", "angle": 22.5 },
            "faces": {
                "north": { "texture": "#0", "uv": [ 0.0, 0.0, 7.0, 1.1 ] },
                "east": { "texture": "#0", "uv": [ 0.0, 0.0, 2.0, 1.1 ] },
                "south": { "texture": "#0", "uv": [ 0.0, 0.0, 7.0, 1.1 ] },
                "west": { "texture": "#0", "uv": [ 0.0, 0.0, 2.0, 1.1 ] },
                "up": { "texture": "#2", "uv": [ 2.0, 9.0, 15.0, 14.0 ] },
                "down": { "texture": "#0", "uv": [ 0.0, 0.0, 7.0, 2.0 ] }
            }
        },
        {
            "name": "Cube",
            "from": [ 10.0, 4.5, 1.0 ], 
            "to": [ 12.0, 5.6, 8.0 ], 
            "rotation": { "origin": [ 8.0, 8.0, 8.0 ], "axis": "z", "angle": -22.5 },
            "faces": {
                "north": { "texture": "#0", "uv": [ 0.0, 0.0, 2.0, 1.1 ] },
                "east": { "texture": "#0", "uv": [ 0.0, 0.0, 7.0, 1.1 ] },
                "south": { "texture": "#0", "uv": [ 0.0, 0.0, 2.0, 1.1 ] },
                "west": { "texture": "#0", "uv": [ 0.0, 0.0, 7.0, 1.1 ] },
                "up": { "texture": "#2", "uv": [ 3.0, 4.0, 12.0, 5.6 ], "rotation": 270 },
                "down": { "texture": "#0", "uv": [ 0.0, 0.0, 2.0, 7.0 ] }
            }
        },
        {
            "name": "Cube",
            "from": [ 1.0, 5.5, 10.8 ], 
            "to": [ 5.3, 5.8, 11.600000000000001 ], 
            "rotation": { "origin": [ 8.0, 8.0, 8.0 ], "axis": "x", "angle": 22.5 },
            "faces": {
                "north": { "texture": "#0", "uv": [ 0.0, 0.0, 4.3, 0.3 ] },
                "east": { "texture": "#0", "uv": [ 0.0, 0.0, 0.8, 0.3 ] },
                "south": { "texture": "#0", "uv": [ 0.0, 0.0, 4.3, 0.3 ] },
                "west": { "texture": "#0", "uv": [ 0.0, 0.0, 0.8, 0.3 ] },
                "up": { "texture": "#2", "uv": [ 5.0, 11.0, 11.0, 13.0 ] },
                "down": { "texture": "#0", "uv": [ 0.0, 0.0, 4.3, 0.8 ] }
            }
        }
    ]
}