{
	"credit": "Made with Blockbench",
	"textures": {
		"0": "block/iron_ore",
		"1": "block/white_stained_glass",
		"2": "block/spruce_planks",
		"3": "block/cyan_stained_glass"
	},
	"elements": [
		{
			"name": "Cube",
			"from": [1, 0, 1],
			"to": [15, 1, 15],
			"faces": {
				"north": {"uv": [0, 0, 14, 1], "texture": "#0"},
				"east": {"uv": [0, 0, 14, 1], "texture": "#0"},
				"south": {"uv": [0, 0, 14, 1], "texture": "#0"},
				"west": {"uv": [0, 0, 14, 1], "texture": "#0"},
				"up": {"uv": [0, 0, 14, 14], "texture": "#0"},
				"down": {"uv": [0, 0, 14, 14], "texture": "#0"}
			}
		},
		{
			"name": "Cube",
			"from": [7, 1, 7],
			"to": [9, 4.2, 9],
			"faces": {
				"north": {"uv": [0, 0, 2, 6], "texture": "#1"},
				"east": {"uv": [0, 0, 2, 6], "texture": "#1"},
				"south": {"uv": [0, 0, 2, 6], "texture": "#1"},
				"west": {"uv": [0, 0, 2, 6], "texture": "#1"},
				"up": {"uv": [0, 0, 2, 2], "texture": "#1"},
				"down": {"uv": [0, 0, 2, 2], "texture": "#1"}
			}
		},
		{
			"name": "Cube",
			"from": [5.5, 4, 5.5],
			"to": [10.5, 10, 10.5],
			"faces": {
				"north": {"uv": [0, 0, 16, 16], "texture": "#1"},
				"east": {"uv": [0, 0, 16, 14], "texture": "#1"},
				"south": {"uv": [0, 0, 16, 16], "texture": "#1"},
				"west": {"uv": [0, 0, 16, 16], "texture": "#1"},
				"up": {"uv": [0, 0, 5, 5], "texture": "#1"},
				"down": {"uv": [0, 0, 5, 5], "texture": "#1"}
			}
		},
		{
			"name": "Cube",
			"from": [6, 12, 6],
			"to": [10, 16, 10],
			"faces": {
				"north": {"uv": [0, 0, 16, 16], "texture": "#1"},
				"east": {"uv": [0, 0, 16, 16], "texture": "#1"},
				"south": {"uv": [0, 0, 16, 16], "texture": "#1"},
				"west": {"uv": [0, 0, 16, 16], "texture": "#1"},
				"up": {"uv": [0, 0, 4, 4], "texture": "#1"},
				"down": {"uv": [0, 0, 11, 10], "texture": "#1"}
			}
		},
		{
			"name": "Cube",
			"from": [6.7, 17, 6.7],
			"to": [9.2, 19, 9.2],
			"faces": {
				"north": {"uv": [0, 0, 15.5, 16], "texture": "#1"},
				"east": {"uv": [0, 0, 15.5, 16], "texture": "#1"},
				"south": {"uv": [0, 0, 15.5, 13], "texture": "#1"},
				"west": {"uv": [0, 0, 15.5, 16], "texture": "#1"},
				"up": {"uv": [0, 0, 11.5, 8.5], "texture": "#1"},
				"down": {"uv": [0, 0, 14.5, 10.5], "texture": "#1"}
			}
		},
		{
			"name": "Cube",
			"from": [7, 20, 7],
			"to": [9, 22, 9],
			"faces": {
				"north": {"uv": [0, 0, 2, 2], "texture": "#1"},
				"east": {"uv": [0, 0, 2, 2], "texture": "#1"},
				"south": {"uv": [0, 0, 2, 2], "texture": "#1"},
				"west": {"uv": [0, 0, 2, 2], "texture": "#1"},
				"up": {"uv": [0, 0, 2, 2], "texture": "#1"},
				"down": {"uv": [0, 0, 2, 2], "texture": "#1"}
			}
		},
		{
			"name": "Cube",
			"from": [7.5, 19, 7.5],
			"to": [8.5, 20, 8.5],
			"faces": {
				"north": {"uv": [0, 0, 1, 1], "texture": "#1"},
				"east": {"uv": [0, 0, 1, 1], "texture": "#1"},
				"south": {"uv": [0, 0, 1, 1], "texture": "#1"},
				"west": {"uv": [0, 0, 1, 1], "texture": "#1"},
				"up": {"uv": [0, 0, 1, 1], "texture": "#1"},
				"down": {"uv": [0, 0, 1, 1], "texture": "#1"}
			}
		},
		{
			"name": "Cube",
			"from": [7, 16, 7],
			"to": [9, 17, 9],
			"faces": {
				"north": {"uv": [0, 0, 2, 1], "texture": "#1"},
				"east": {"uv": [0, 0, 2, 1], "texture": "#1"},
				"south": {"uv": [0, 0, 2, 1], "texture": "#1"},
				"west": {"uv": [0, 0, 2, 1], "texture": "#1"},
				"up": {"uv": [0, 0, 2, 2], "texture": "#1"},
				"down": {"uv": [0, 0, 2, 2], "texture": "#1"}
			}
		},
		{
			"name": "Cube",
			"from": [6.5, 10, 6.5],
			"to": [9.5, 12, 9.5],
			"faces": {
				"north": {"uv": [0, 0, 3, 2], "texture": "#1"},
				"east": {"uv": [0, 0, 3, 2], "texture": "#1"},
				"south": {"uv": [0, 0, 3, 2], "texture": "#1"},
				"west": {"uv": [0, 0, 3, 2], "texture": "#1"},
				"up": {"uv": [0, 0, 3, 3], "texture": "#1"},
				"down": {"uv": [0, 0, 3, 3], "texture": "#1"}
			}
		},
		{
			"name": "Cube",
			"from": [16, 0, 2],
			"to": [17, 16, 14],
			"faces": {
				"north": {"uv": [0, 0, 2, 16], "texture": "#2"},
				"east": {"uv": [0, 0, 16, 16], "texture": "#2"},
				"south": {"uv": [0, 0, 2, 16], "texture": "#2"},
				"west": {"uv": [0, 0, 16, 16], "texture": "#2"},
				"up": {"uv": [0, 0, 12, 1], "texture": "#2"},
				"down": {"uv": [0, 0, 12, 1], "texture": "#2"}
			}
		},
		{
			"name": "Cube",
			"from": [16, 16, 2],
			"to": [17, 32, 14],
			"faces": {
				"north": {"uv": [0, 0, 2, 16], "texture": "#2"},
				"east": {"uv": [0, 0, 16, 16], "texture": "#2"},
				"south": {"uv": [0, 0, 2, 16], "texture": "#2"},
				"west": {"uv": [0, 0, 16, 16], "texture": "#2"},
				"up": {"uv": [0, 0, 12, 1], "texture": "#2"},
				"down": {"uv": [0, 0, 12, 1], "texture": "#2"}
			}
		},
		{
			"name": "Cube",
			"from": [-1, 0, 2],
			"to": [0, 16, 14],
			"faces": {
				"north": {"uv": [0, 0, 2, 16], "texture": "#2"},
				"east": {"uv": [0, 0, 16, 16], "texture": "#2"},
				"south": {"uv": [0, 0, 2, 16], "texture": "#2"},
				"west": {"uv": [0, 0, 16, 16], "texture": "#2"},
				"up": {"uv": [0, 0, 12, 1], "texture": "#2"},
				"down": {"uv": [0, 0, 12, 1], "texture": "#2"}
			}
		},
		{
			"name": "Cube",
			"from": [-1, 16, 2],
			"to": [0, 32, 14],
			"faces": {
				"north": {"uv": [0, 0, 2, 16], "texture": "#2"},
				"east": {"uv": [0, 0, 16, 16], "texture": "#2"},
				"south": {"uv": [0, 0, 2, 16], "texture": "#2"},
				"west": {"uv": [0, 0, 16, 16], "texture": "#2"},
				"up": {"uv": [0, 0, 12, 1], "texture": "#2"},
				"down": {"uv": [0, 0, 12, 1], "texture": "#2"}
			}
		},
		{
			"name": "Cube",
			"from": [-1, 15, 14],
			"to": [17, 17, 17],
			"faces": {
				"north": {"uv": [0, 0, 16, 2], "texture": "#2"},
				"east": {"uv": [0, 0, 3, 3], "texture": "#2"},
				"south": {"uv": [0, 0, 16, 2], "texture": "#2"},
				"west": {"uv": [0, 0, 3, 3], "texture": "#2"},
				"up": {"uv": [0, 0, 12, 1], "texture": "#2"},
				"down": {"uv": [0, 0, 12, 1], "texture": "#2"}
			}
		},
		{
			"name": "Cube",
			"from": [-1, 15, -1],
			"to": [17, 17, 2],
			"faces": {
				"north": {"uv": [0, 0, 16, 2], "texture": "#2"},
				"east": {"uv": [0, 0, 3, 3], "texture": "#2"},
				"south": {"uv": [0, 0, 16, 2], "texture": "#2"},
				"west": {"uv": [0, 0, 3, 3], "texture": "#2"},
				"up": {"uv": [0, 0, 12, 1], "texture": "#2"},
				"down": {"uv": [0, 0, 12, 1], "texture": "#2"}
			}
		},
		{
			"name": "Cube",
			"from": [-1, 31, -1],
			"to": [17, 32, 2],
			"faces": {
				"north": {"uv": [0, 0, 16, 2], "texture": "#2"},
				"east": {"uv": [0, 0, 3, 3], "texture": "#2"},
				"south": {"uv": [0, 0, 16, 2], "texture": "#2"},
				"west": {"uv": [0, 0, 3, 3], "texture": "#2"},
				"up": {"uv": [0, 0, 12, 1], "texture": "#2"},
				"down": {"uv": [0, 0, 12, 1], "texture": "#2"}
			}
		},
		{
			"name": "Cube",
			"from": [-1, 31, 14],
			"to": [17, 32, 17],
			"faces": {
				"north": {"uv": [0, 0, 16, 2], "texture": "#2"},
				"east": {"uv": [0, 0, 3, 3], "texture": "#2"},
				"south": {"uv": [0, 0, 16, 2], "texture": "#2"},
				"west": {"uv": [0, 0, 3, 3], "texture": "#2"},
				"up": {"uv": [0, 0, 12, 1], "texture": "#2"},
				"down": {"uv": [0, 0, 12, 1], "texture": "#2"}
			}
		},
		{
			"name": "Cube",
			"from": [0, 0, 0],
			"to": [16, 16, 16],
			"faces": {
				"north": {"uv": [0, 0, 16, 16], "texture": "#3"},
				"east": {"uv": [0, 0, 16, 16], "texture": "#3"},
				"south": {"uv": [0, 0, 16, 16], "texture": "#3"},
				"west": {"uv": [0, 0, 16, 16], "texture": "#3"},
				"up": {"uv": [0, 0, 16, 16], "texture": "#3"},
				"down": {"uv": [0, 0, 16, 16], "texture": "#3"}
			}
		},
		{
			"name": "Cube",
			"from": [0, 16, 0],
			"to": [16, 32, 16],
			"faces": {
				"north": {"uv": [0, 0, 16, 16], "texture": "#3"},
				"east": {"uv": [0, 0, 16, 16], "texture": "#3"},
				"south": {"uv": [0, 0, 16, 16], "texture": "#3"},
				"west": {"uv": [0, 0, 16, 16], "texture": "#3"},
				"up": {"uv": [0, 0, 16, 16], "texture": "#3"},
				"down": {"uv": [0, 0, 16, 16], "texture": "#3"}
			}
		}
	]
}