{
    "__comment": "Model generated using MrCrayfish's Model Creator (http://mrcrayfish.com/modelcreator/)",
	"parent": "block/cube_all",
    "textures": {
        "0": "block/iron_ore",
        "1": "block/tardispowerlevers",
        "2": "block/tardis_striplights",
        "3": "block/stone_slab_top",
        "4": "block/black_wool",
        "5": "block/redstone_block",
        "6": "block/iron_block",
        "7": "block/brown_wool",
        "8": "block/tardiscogs"
    },
    "elements": [
        {
            "name": "Cube",
            "from": [ -16.0, 11.0, 0.0 ], 
            "to": [ 16.0, 16.0, 16.0 ], 
            "faces": {
                "north": { "texture": "#0", "uv": [ 0.0, 0.0, 16.0, 5.0 ] },
                "east": { "texture": "#0", "uv": [ 0.0, 0.0, 16.0, 5.0 ] },
                "south": { "texture": "#0", "uv": [ 0.0, 0.0, -13.0, 5.0 ] },
                "west": { "texture": "#0", "uv": [ 0.0, 0.0, 16.0, 5.0 ] },
                "up": { "texture": "#0", "uv": [ 0.0, 0.0, 16.0, 16.0 ] },
                "down": { "texture": "#0", "uv": [ 0.0, 0.0, 16.0, 16.0 ] }
            }
        },
        {
            "name": "Cube",
            "from": [ 0.0, 14.0, 4.0 ], 
            "to": [ 16.0, 20.2, 18.0 ], 
            "rotation": { "origin": [ 8.0, 8.0, 8.0 ], "axis": "x", "angle": -22.5 },
            "faces": {
                "north": { "texture": "#0", "uv": [ 0.0, 0.0, 16.0, 6.2 ] },
                "east": { "texture": "#0", "uv": [ 0.0, 0.0, 14.0, 6.2 ] },
                "south": { "texture": "#0", "uv": [ 0.0, 0.0, 16.0, 6.2 ] },
                "west": { "texture": "#0", "uv": [ 0.0, 0.0, 14.0, 6.2 ] },
                "up": { "texture": "#1", "uv": [ 15.0, 15.0, 1.0, 0.5 ] },
                "down": { "texture": "#0", "uv": [ 0.0, 0.0, 16.0, 16.0 ] }
            }
        },
        {
            "name": "Cube",
            "from": [ 0.0, 16.0, 12.0 ], 
            "to": [ 16.0, 24.0, 16.0 ], 
            "faces": {
                "north": { "texture": "#2", "uv": [ 0.0, 0.0, 16.0, 14.0 ] },
                "east": { "texture": "#0", "uv": [ 0.0, 0.0, 4.0, 8.0 ] },
                "south": { "texture": "#0", "uv": [ 0.0, 0.0, 16.0, 8.0 ] },
                "west": { "texture": "#0", "uv": [ 0.0, 0.0, 4.0, 8.0 ] },
                "up": { "texture": "#0", "uv": [ 0.0, 0.0, 16.0, 4.0 ] },
                "down": { "texture": "#0", "uv": [ 0.0, 0.0, 16.0, 4.0 ] }
            }
        },
        {
            "name": "Cube",
            "from": [ -6.0, 16.0, 5.2 ], 
            "to": [ -0.5, 24.0, 10.2 ], 
            "rotation": { "origin": [ 8.0, 8.0, 8.0 ], "axis": "y", "angle": 45.0 },
            "faces": {
                "north": { "texture": "#2", "uv": [ 0.0, 0.0, 5.5, 14.0 ] },
                "east": { "texture": "#0", "uv": [ 0.0, 0.0, 5.0, 8.0 ] },
                "south": { "texture": "#0", "uv": [ 0.0, 0.0, 5.5, 8.0 ] },
                "west": { "texture": "#0", "uv": [ 0.0, 0.0, 5.0, 8.0 ] },
                "up": { "texture": "#0", "uv": [ 0.0, 0.0, 5.5, 5.0 ] },
                "down": { "texture": "#0", "uv": [ 0.0, 0.0, 7.5, 5.0 ] }
            }
        },
        {
            "name": "Cube",
            "from": [ 11.0, -2.5, 7.5 ], 
            "to": [ 16.0, 12.5, 12.5 ], 
            "rotation": { "origin": [ 8.0, 8.0, 8.0 ], "axis": "x", "angle": -22.5 },
            "faces": {
                "north": { "texture": "#0", "uv": [ 0.0, 0.0, 5.0, 15.0 ] },
                "east": { "texture": "#0", "uv": [ 0.0, 0.0, 5.0, 15.0 ] },
                "south": { "texture": "#0", "uv": [ 0.0, 0.0, 5.0, 15.0 ] },
                "west": { "texture": "#0", "uv": [ 0.0, 0.0, 5.0, 15.0 ] },
                "up": { "texture": "#0", "uv": [ 0.0, 0.0, 5.0, 5.0 ] },
                "down": { "texture": "#0", "uv": [ 0.0, 0.0, 5.0, 5.0 ] }
            }
        },
        {
            "name": "Cube",
            "from": [ 0.0, -2.5, 7.5 ], 
            "to": [ 5.0, 12.5, 12.5 ], 
            "rotation": { "origin": [ 8.0, 8.0, 8.0 ], "axis": "x", "angle": -22.5 },
            "faces": {
                "north": { "texture": "#0", "uv": [ 0.0, 0.0, 5.0, 15.0 ] },
                "east": { "texture": "#0", "uv": [ 0.0, 0.0, 5.0, 15.0 ] },
                "south": { "texture": "#0", "uv": [ 0.0, 0.0, 5.0, 15.0 ] },
                "west": { "texture": "#0", "uv": [ 0.0, 0.0, 5.0, 15.0 ] },
                "up": { "texture": "#0", "uv": [ 0.0, 0.0, 5.0, 5.0 ] },
                "down": { "texture": "#0", "uv": [ 0.0, 0.0, 5.0, 5.0 ] }
            }
        },
        {
            "name": "side",
            "from": [ -1.0, 19.0, 4.0 ], 
            "to": [ 1.0, 20.0, 18.0 ], 
            "rotation": { "origin": [ 8.0, 8.0, 8.0 ], "axis": "x", "angle": -22.5 },
            "faces": {
                "north": { "texture": "#0", "uv": [ 0.0, 0.0, 2.0, 1.0 ] },
                "east": { "texture": "#0", "uv": [ 0.0, 0.0, 14.0, 1.0 ] },
                "south": { "texture": "#0", "uv": [ 0.0, 0.0, 2.0, 1.0 ] },
                "west": { "texture": "#0", "uv": [ 0.0, 0.0, 14.0, 1.0 ] },
                "up": { "texture": "#0", "uv": [ 0.0, 0.0, 2.0, 14.0 ] },
                "down": { "texture": "#0", "uv": [ 0.0, 0.0, 2.0, 14.0 ] }
            }
        },
        {
            "name": "side",
            "from": [ -10.0, 20.0, 12.0 ], 
            "to": [ 4.0, 26.0, 16.0 ], 
            "rotation": { "origin": [ 8.0, 8.0, 8.0 ], "axis": "z", "angle": 22.5 },
            "faces": {
                "north": { "texture": "#0", "uv": [ 0.0, 0.0, 14.0, 3.0 ] },
                "east": { "texture": "#0", "uv": [ 0.0, 0.0, 2.0, 3.0 ] },
                "south": { "texture": "#0", "uv": [ 0.0, 0.0, 14.0, 3.0 ] },
                "west": { "texture": "#0", "uv": [ 0.0, 0.0, 2.0, 3.0 ] },
                "up": { "texture": "#0", "uv": [ 0.0, 0.0, 14.0, 2.0 ] },
                "down": { "texture": "#0", "uv": [ 0.0, 0.0, 14.0, 2.0 ] }
            }
        },
        {
            "name": "Cube",
            "from": [ 0.0, 0.0, 0.0 ], 
            "to": [ 16.0, 0.1, 16.0 ], 
            "faces": {
                "north": { "texture": "#3", "uv": [ 0.0, 0.0, 16.0, 0.1 ] },
                "east": { "texture": "#3", "uv": [ 0.0, 0.0, 16.0, 0.1 ] },
                "south": { "texture": "#3", "uv": [ 0.0, 0.0, 16.0, 0.1 ] },
                "west": { "texture": "#3", "uv": [ 0.0, 0.0, 16.0, 0.1 ] },
                "up": { "texture": "#3", "uv": [ 0.0, 0.0, 16.0, 16.0 ] },
                "down": { "texture": "#3", "uv": [ 0.0, 0.0, 16.0, 16.0 ] }
            }
        },
        {
            "name": "Cube",
            "from": [ 1.0, 20.0, 8.0 ], 
            "to": [ 2.5, 20.5, 11.0 ], 
            "rotation": { "origin": [ 8.0, 8.0, 8.0 ], "axis": "x", "angle": -22.5 },
            "faces": {
                "north": { "texture": "#4", "uv": [ 0.0, 0.0, 1.5, 0.5 ] },
                "east": { "texture": "#4", "uv": [ 0.0, 0.0, 3.0, 0.5 ] },
                "south": { "texture": "#4", "uv": [ 0.0, 0.0, 1.5, 0.5 ] },
                "west": { "texture": "#4", "uv": [ 0.0, 0.0, 3.0, 0.5 ] },
                "up": { "texture": "#4", "uv": [ 0.0, 0.0, 1.5, 3.0 ] },
                "down": { "texture": "#4", "uv": [ 0.0, 0.0, 1.5, 3.0 ] }
            }
        },
        {
            "name": "Cube",
            "from": [ 13.5, 20.0, 8.0 ], 
            "to": [ 15.0, 20.5, 11.0 ], 
            "rotation": { "origin": [ 8.0, 8.0, 8.0 ], "axis": "x", "angle": -22.5 },
            "faces": {
                "north": { "texture": "#4", "uv": [ 0.0, 0.0, 1.5, 0.5 ] },
                "east": { "texture": "#4", "uv": [ 0.0, 0.0, 3.0, 0.5 ] },
                "south": { "texture": "#4", "uv": [ 0.0, 0.0, 1.5, 0.5 ] },
                "west": { "texture": "#4", "uv": [ 0.0, 0.0, 3.0, 0.5 ] },
                "up": { "texture": "#4", "uv": [ 0.0, 0.0, 1.5, 3.0 ] },
                "down": { "texture": "#4", "uv": [ 0.0, 0.0, 1.5, 3.0 ] }
            }
        },
        {
            "name": "Cube",
            "from": [ 14.0, 20.5, 8.0 ], 
            "to": [ 14.5, 21.0, 10.0 ], 
            "rotation": { "origin": [ 8.0, 8.0, 8.0 ], "axis": "x", "angle": -22.5 },
            "faces": {
                "north": { "texture": "#0", "uv": [ 0.0, 0.0, 1.5, 0.5 ] },
                "east": { "texture": "#0", "uv": [ 0.0, 0.0, 2.0, 0.5 ] },
                "south": { "texture": "#0", "uv": [ 0.0, 0.0, 0.5, 0.5 ] },
                "west": { "texture": "#0", "uv": [ 0.0, 0.0, 2.0, 0.5 ] },
                "up": { "texture": "#0", "uv": [ 0.0, 0.0, 0.5, 2.0 ] },
                "down": { "texture": "#0", "uv": [ 0.0, 0.0, 0.5, 2.0 ] }
            }
        },
        {
            "name": "Cube",
            "from": [ 13.7, 20.2, 5.5 ], 
            "to": [ 14.7, 21.2, 8.5 ], 
            "rotation": { "origin": [ 8.0, 8.0, 8.0 ], "axis": "x", "angle": -22.5 },
            "faces": {
                "north": { "texture": "#5", "uv": [ 0.0, 0.0, 1.5, 0.5 ] },
                "east": { "texture": "#5", "uv": [ 0.0, 0.0, 3.0, 1.0 ] },
                "south": { "texture": "#5", "uv": [ 0.0, 0.0, 1.0, 1.0 ] },
                "west": { "texture": "#5", "uv": [ 0.0, 0.0, 3.0, 1.0 ] },
                "up": { "texture": "#5", "uv": [ 0.0, 0.0, 1.0, 3.0 ] },
                "down": { "texture": "#5", "uv": [ 0.0, 0.0, 1.0, 3.0 ] }
            }
        },
        {
            "name": "Cube",
            "from": [ 1.5, 20.5, 8.0 ], 
            "to": [ 2.0, 21.0, 10.0 ], 
            "rotation": { "origin": [ 8.0, 8.0, 8.0 ], "axis": "x", "angle": -22.5 },
            "faces": {
                "north": { "texture": "#0", "uv": [ 0.0, 0.0, 1.5, 0.5 ] },
                "east": { "texture": "#0", "uv": [ 0.0, 0.0, 2.0, 0.5 ] },
                "south": { "texture": "#0", "uv": [ 0.0, 0.0, 0.5, 0.5 ] },
                "west": { "texture": "#0", "uv": [ 0.0, 0.0, 2.0, 0.5 ] },
                "up": { "texture": "#0", "uv": [ 0.0, 0.0, 0.5, 2.0 ] },
                "down": { "texture": "#0", "uv": [ 0.0, 0.0, 0.5, 2.0 ] }
            }
        },
        {
            "name": "Cube",
            "from": [ 1.2, 20.2, 5.5 ], 
            "to": [ 2.2, 21.2, 8.5 ], 
            "rotation": { "origin": [ 8.0, 8.0, 8.0 ], "axis": "x", "angle": -22.5 },
            "faces": {
                "north": { "texture": "#5", "uv": [ 0.0, 0.0, 1.5, 0.5 ] },
                "east": { "texture": "#5", "uv": [ 0.0, 0.0, 3.0, 1.0 ] },
                "south": { "texture": "#5", "uv": [ 0.0, 0.0, 1.0, 1.0 ] },
                "west": { "texture": "#5", "uv": [ 0.0, 0.0, 3.0, 1.0 ] },
                "up": { "texture": "#5", "uv": [ 0.0, 0.0, 1.0, 3.0 ] },
                "down": { "texture": "#5", "uv": [ 0.0, 0.0, 1.0, 3.0 ] }
            }
        },
        {
            "name": "Cube",
            "from": [ 2.4000000000000004, 20.0, 6.0 ], 
            "to": [ 13.4, 20.5, 9.0 ], 
            "rotation": { "origin": [ 8.0, 8.0, 8.0 ], "axis": "x", "angle": -22.5 },
            "faces": {
                "north": { "texture": "#0", "uv": [ 0.0, 0.0, 1.5, 0.5 ] },
                "east": { "texture": "#0", "uv": [ 0.0, 0.0, 3.0, 0.5 ] },
                "south": { "texture": "#0", "uv": [ 0.0, 0.0, 11.0, 0.5 ] },
                "west": { "texture": "#0", "uv": [ 0.0, 0.0, 3.0, 0.5 ] },
                "up": { "texture": "#1", "uv": [ 13.0, 11.5, 3.3, 9.8 ] },
                "down": { "texture": "#0", "uv": [ 0.0, 0.0, 11.0, 3.0 ] }
            }
        },
        {
            "name": "Cube",
            "from": [ 12.5, 20.0, 11.5 ], 
            "to": [ 14.0, 21.0, 13.0 ], 
            "rotation": { "origin": [ 8.0, 8.0, 8.0 ], "axis": "x", "angle": -22.5 },
            "faces": {
                "north": { "texture": "#4", "uv": [ 0.0, 0.0, 1.5, 0.5 ] },
                "east": { "texture": "#4", "uv": [ 0.0, 0.0, 1.5, 1.0 ] },
                "south": { "texture": "#4", "uv": [ 0.0, 0.0, 1.5, 1.0 ] },
                "west": { "texture": "#4", "uv": [ 0.0, 0.0, 1.5, 1.0 ] },
                "up": { "texture": "#4", "uv": [ 0.0, 0.0, 1.5, 1.5 ] },
                "down": { "texture": "#4", "uv": [ 0.0, 0.0, 1.5, 1.5 ] }
            }
        },
        {
            "name": "Cube",
            "from": [ 12.7, 21.0, 11.7 ], 
            "to": [ 13.799999999999999, 21.1, 12.799999999999999 ], 
            "rotation": { "origin": [ 8.0, 8.0, 8.0 ], "axis": "x", "angle": -22.5 },
            "faces": {
                "north": { "texture": "#4", "uv": [ 0.0, 0.0, 1.5, 0.5 ] },
                "east": { "texture": "#4", "uv": [ 0.0, 0.0, 1.1, 0.1 ] },
                "south": { "texture": "#4", "uv": [ 0.0, 0.0, 1.1, 0.1 ] },
                "west": { "texture": "#4", "uv": [ 0.0, 0.0, 1.1, 0.1 ] },
                "up": { "texture": "#6", "uv": [ 0.0, 0.0, 16.0, 16.0 ] },
                "down": { "texture": "#6", "uv": [ 0.0, 0.0, 1.1, 1.1 ] }
            }
        },
        {
            "name": "Cube",
            "from": [ 3.0, 20.0, 7.0 ], 
            "to": [ 4.0, 21.0, 8.3 ], 
            "rotation": { "origin": [ 8.0, 8.0, 8.0 ], "axis": "x", "angle": -22.5 },
            "faces": {
                "north": { "texture": "#7", "uv": [ 0.0, 0.0, 1.0, 1.0 ] },
                "east": { "texture": "#7", "uv": [ 0.0, 0.0, 1.3, 1.0 ] },
                "south": { "texture": "#7", "uv": [ 0.0, 0.0, 1.0, 1.0 ] },
                "west": { "texture": "#7", "uv": [ 0.0, 0.0, 1.3, 1.0 ] },
                "up": { "texture": "#7", "uv": [ 0.0, 0.0, 6.0, 6.3 ] },
                "down": { "texture": "#7", "uv": [ 0.0, 0.0, 1.0, 1.3 ] }
            }
        },
        {
            "name": "Cube",
            "from": [ 12.0, 20.0, 7.0 ], 
            "to": [ 13.0, 21.0, 8.3 ], 
            "rotation": { "origin": [ 8.0, 8.0, 8.0 ], "axis": "x", "angle": -22.5 },
            "faces": {
                "north": { "texture": "#7", "uv": [ 0.0, 0.0, 1.0, 1.0 ] },
                "east": { "texture": "#7", "uv": [ 0.0, 0.0, 1.3, 1.0 ] },
                "south": { "texture": "#7", "uv": [ 0.0, 0.0, 1.0, 1.0 ] },
                "west": { "texture": "#7", "uv": [ 0.0, 0.0, 1.3, 1.0 ] },
                "up": { "texture": "#7", "uv": [ 0.0, 0.0, 5.0, 5.3 ] },
                "down": { "texture": "#7", "uv": [ 0.0, 0.0, 1.0, 1.3 ] }
            }
        },
        {
            "name": "Cube",
            "from": [ 9.7, 20.0, 7.0 ], 
            "to": [ 10.7, 21.0, 8.3 ], 
            "rotation": { "origin": [ 8.0, 8.0, 8.0 ], "axis": "x", "angle": -22.5 },
            "faces": {
                "north": { "texture": "#7", "uv": [ 0.0, 0.0, 1.0, 1.0 ] },
                "east": { "texture": "#7", "uv": [ 0.0, 0.0, 1.3, 1.0 ] },
                "south": { "texture": "#7", "uv": [ 0.0, 0.0, 1.0, 1.0 ] },
                "west": { "texture": "#7", "uv": [ 0.0, 0.0, 1.3, 1.0 ] },
                "up": { "texture": "#7", "uv": [ 0.0, 0.0, 6.0, 6.3 ] },
                "down": { "texture": "#7", "uv": [ 0.0, 0.0, 1.0, 1.3 ] }
            }
        },
        {
            "name": "Cube",
            "from": [ 5.4, 20.0, 7.0 ], 
            "to": [ 6.4, 21.0, 8.3 ], 
            "rotation": { "origin": [ 8.0, 8.0, 8.0 ], "axis": "x", "angle": -22.5 },
            "faces": {
                "north": { "texture": "#7", "uv": [ 0.0, 0.0, 1.0, 1.0 ] },
                "east": { "texture": "#7", "uv": [ 0.0, 0.0, 1.3, 1.0 ] },
                "south": { "texture": "#7", "uv": [ 0.0, 0.0, 1.0, 1.0 ] },
                "west": { "texture": "#7", "uv": [ 0.0, 0.0, 1.3, 1.0 ] },
                "up": { "texture": "#7", "uv": [ 0.0, 0.0, 6.0, 7.3 ] },
                "down": { "texture": "#7", "uv": [ 0.0, 0.0, 1.0, 1.3 ] }
            }
        },
        {
            "name": "Cube",
            "from": [ 7.4, 20.0, 7.0 ], 
            "to": [ 8.4, 21.0, 8.3 ], 
            "rotation": { "origin": [ 8.0, 8.0, 8.0 ], "axis": "x", "angle": -22.5 },
            "faces": {
                "north": { "texture": "#7", "uv": [ 0.0, 0.0, 1.0, 1.0 ] },
                "east": { "texture": "#7", "uv": [ 0.0, 0.0, 1.3, 1.0 ] },
                "south": { "texture": "#7", "uv": [ 0.0, 0.0, 1.0, 1.0 ] },
                "west": { "texture": "#7", "uv": [ 0.0, 0.0, 1.3, 1.0 ] },
                "up": { "texture": "#7", "uv": [ 0.0, 0.0, 6.0, 6.3 ] },
                "down": { "texture": "#7", "uv": [ 0.0, 0.0, 1.0, 1.3 ] }
            }
        },
        {
            "name": "Cube",
            "from": [ -12.0, 15.0, 5.0 ], 
            "to": [ -1.0, 19.0, 17.0 ], 
            "rotation": { "origin": [ 8.0, 8.0, 8.0 ], "axis": "x", "angle": -22.5 },
            "faces": {
                "north": { "texture": "#6", "uv": [ 0.0, 0.0, 16.0, 0.5 ] },
                "east": { "texture": "#6", "uv": [ 0.0, 0.0, 16.0, 0.5 ] },
                "south": { "texture": "#6", "uv": [ 0.0, 0.0, 16.0, 0.5 ] },
                "west": { "texture": "#6", "uv": [ 0.0, 0.0, 16.0, -7.5 ] },
                "up": { "texture": "#8", "uv": [ 16.0, 16.0, 0.0, 0.0 ] },
                "down": { "texture": "#6", "uv": [ 0.0, 0.0, 16.0, 16.0 ] }
            }
        },
        {
            "name": "Cube",
            "from": [ -14.0, 13.8, 4.0 ], 
            "to": [ 0.0, 18.8, 18.0 ], 
            "rotation": { "origin": [ 8.0, 8.0, 8.0 ], "axis": "x", "angle": -22.5 },
            "faces": {
                "north": { "texture": "#0", "uv": [ 0.0, 0.0, 16.0, 14.5 ] },
                "east": { "texture": "#0", "uv": [ 0.0, 0.0, 16.0, 15.5 ] },
                "south": { "texture": "#0", "uv": [ 0.0, 0.0, 16.0, 15.5 ] },
                "west": { "texture": "#0", "uv": [ 0.0, 0.0, 16.0, 15.5 ] },
                "up": { "texture": "#0", "uv": [ 0.0, 0.0, 3.0, 15.0 ] },
                "down": { "texture": "#0", "uv": [ 0.0, 0.0, 16.0, 16.0 ] }
            }
        }
],
"display": {
    "gui": {
        "rotation": [ 45, 45, 0 ],
        "translation": [ 0, 0, 0 ],
        "scale": [ 0.5, 0.5, 0.5 ]
    }
}
}