{
	"credit": "Made with Blockbench",
	"textures": {
		"0": "block/oak_planks",
		"1": "block/gold_block"
	},
	"elements": [
		{
			"name": "Cube",
			"from": [-1, 0, -1],
			"to": [17, 1, 17],
			"shade": false,
			"faces": {
				"north": {"uv": [0, 0, 16, 3], "texture": "#0"},
				"east": {"uv": [0, 0, 16, 3], "texture": "#0"},
				"south": {"uv": [0, 0, 16, 3], "texture": "#0"},
				"west": {"uv": [0, 0, 16, 3], "texture": "#0"},
				"up": {"uv": [0, 0, 16, 3], "texture": "#0"},
				"down": {"uv": [0, 0, 16, 3], "texture": "#0"}
			}
		},
		{
			"name": "Cube",
			"from": [0, 1, 0],
			"to": [16, 31, 2],
			"shade": false,
			"faces": {
				"north": {"uv": [0, 0, 16, 16], "texture": "#0"},
				"east": {"uv": [0, 0, 16, 16], "texture": "#0"},
				"south": {"uv": [0, 0, 16, 16], "texture": "#0"},
				"west": {"uv": [0, 0, 16, 16], "texture": "#0"},
				"up": {"uv": [0, 0, 16, 16], "texture": "#0"},
				"down": {"uv": [0, 0, 16, 16], "texture": "#0"}
			}
		},
		{
			"name": "Cube",
			"from": [0, 1, 14],
			"to": [2, 31, 16],
			"shade": false,
			"faces": {
				"north": {"uv": [0, 0, 2, 16], "texture": "#0"},
				"east": {"uv": [0, 0, 2, 16], "texture": "#0"},
				"south": {"uv": [0, 0, 2, 16], "texture": "#0"},
				"west": {"uv": [0, 0, 2, 16], "texture": "#0"},
				"up": {"uv": [0, 0, 2, 16], "texture": "#0"},
				"down": {"uv": [0, 0, 2, 16], "texture": "#0"}
			}
		},
		{
			"name": "Cube",
			"from": [14, 1, 14],
			"to": [16, 31, 16],
			"shade": false,
			"faces": {
				"north": {"uv": [0, 0, 2, 16], "texture": "#0"},
				"east": {"uv": [0, 0, 2, 16], "texture": "#0"},
				"south": {"uv": [0, 0, 2, 16], "texture": "#0"},
				"west": {"uv": [0, 0, 2, 16], "texture": "#0"},
				"up": {"uv": [0, 0, 2, 16], "texture": "#0"},
				"down": {"uv": [0, 0, 2, 16], "texture": "#0"}
			}
		},
		{
			"name": "Cube",
			"from": [0, 31, 0],
			"to": [16, 32, 16],
			"shade": false,
			"faces": {
				"north": {"uv": [0, 0, 16, 3], "texture": "#0"},
				"east": {"uv": [0, 0, 16, 3], "texture": "#0"},
				"south": {"uv": [0, 0, 16, 3], "texture": "#0"},
				"west": {"uv": [0, 0, 16, 3], "texture": "#0"},
				"up": {"uv": [0, 0, 16, 16], "texture": "#0"},
				"down": {"uv": [0, 0, 16, 3], "texture": "#0"}
			}
		},
		{
			"name": "Cube",
			"from": [0, 1, 0],
			"to": [2, 3, 14],
			"shade": false,
			"faces": {
				"north": {"uv": [0, 0, 16, 3], "texture": "#0"},
				"east": {"uv": [0, 0, 16, 3], "texture": "#0"},
				"south": {"uv": [0, 0, 16, 3], "texture": "#0"},
				"west": {"uv": [0, 0, 16, 3], "texture": "#0"},
				"up": {"uv": [0, 0, 16, 3], "texture": "#0"},
				"down": {"uv": [0, 0, 16, 3], "texture": "#0"}
			}
		},
		{
			"name": "Cube",
			"from": [14, 1, 2],
			"to": [16, 3, 14],
			"shade": false,
			"faces": {
				"north": {"uv": [0, 0, 16, 3], "texture": "#0"},
				"east": {"uv": [0, 0, 16, 3], "texture": "#0"},
				"south": {"uv": [0, 0, 16, 3], "texture": "#0"},
				"west": {"uv": [0, 0, 16, 3], "texture": "#0"},
				"up": {"uv": [0, 0, 16, 3], "texture": "#0"},
				"down": {"uv": [0, 0, 16, 3], "texture": "#0"}
			}
		},
		{
			"name": "Cube",
			"from": [14, 29, 2],
			"to": [16, 31, 14],
			"shade": false,
			"faces": {
				"north": {"uv": [0, 0, 16, 3], "texture": "#0"},
				"east": {"uv": [0, 0, 16, 3], "texture": "#0"},
				"south": {"uv": [0, 0, 16, 3], "texture": "#0"},
				"west": {"uv": [0, 0, 16, 3], "texture": "#0"},
				"up": {"uv": [0, 0, 16, 3], "texture": "#0"},
				"down": {"uv": [0, 0, 16, 3], "texture": "#0"}
			}
		},
		{
			"name": "Cube",
			"from": [0, 29, 2],
			"to": [2, 31, 14],
			"shade": false,
			"faces": {
				"north": {"uv": [0, 0, 16, 3], "texture": "#0"},
				"east": {"uv": [0, 0, 16, 3], "texture": "#0"},
				"south": {"uv": [0, 0, 16, 3], "texture": "#0"},
				"west": {"uv": [0, 0, 16, 3], "texture": "#0"},
				"up": {"uv": [0, 0, 16, 3], "texture": "#0"},
				"down": {"uv": [0, 0, 16, 3], "texture": "#0"}
			}
		},
		{
			"name": "Cube",
			"from": [2, 29, 14],
			"to": [14, 31, 16],
			"shade": false,
			"faces": {
				"north": {"uv": [0, 0, 16, 3], "texture": "#0"},
				"east": {"uv": [0, 0, 16, 3], "texture": "#0"},
				"south": {"uv": [0, 0, 16, 3], "texture": "#0"},
				"west": {"uv": [0, 0, 16, 3], "texture": "#0"},
				"up": {"uv": [0, 0, 16, 3], "texture": "#0"},
				"down": {"uv": [0, 0, 16, 3], "texture": "#0"}
			}
		},
		{
			"name": "Cube",
			"from": [2, 1, 14],
			"to": [14, 3, 16],
			"shade": false,
			"faces": {
				"north": {"uv": [0, 0, 16, 3], "texture": "#0"},
				"east": {"uv": [0, 0, 16, 3], "texture": "#0"},
				"south": {"uv": [0, 0, 16, 3], "texture": "#0"},
				"west": {"uv": [0, 0, 16, 3], "texture": "#0"},
				"up": {"uv": [0, 0, 16, 3], "texture": "#0"},
				"down": {"uv": [0, 0, 16, 3], "texture": "#0"}
			}
		},
		{
			"name": "Cube",
			"from": [2, 3, 14],
			"to": [6, 5, 16],
			"shade": false,
			"faces": {
				"north": {"uv": [0, 0, 16, 3], "texture": "#0"},
				"east": {"uv": [0, 0, 16, 3], "texture": "#0"},
				"south": {"uv": [0, 0, 16, 3], "texture": "#0"},
				"west": {"uv": [0, 0, 16, 3], "texture": "#0"},
				"up": {"uv": [0, 0, 16, 3], "texture": "#0"},
				"down": {"uv": [0, 0, 16, 3], "texture": "#0"}
			}
		},
		{
			"name": "Cube",
			"from": [10, 3, 14],
			"to": [14, 5, 16],
			"shade": false,
			"faces": {
				"north": {"uv": [0, 0, 16, 3], "texture": "#0"},
				"east": {"uv": [0, 0, 16, 3], "texture": "#0"},
				"south": {"uv": [0, 0, 16, 3], "texture": "#0"},
				"west": {"uv": [0, 0, 16, 3], "texture": "#0"},
				"up": {"uv": [0, 0, 16, 3], "texture": "#0"},
				"down": {"uv": [0, 0, 16, 3], "texture": "#0"}
			}
		},
		{
			"name": "Cube",
			"from": [12, 5, 14],
			"to": [14, 7, 16],
			"shade": false,
			"faces": {
				"north": {"uv": [0, 0, 16, 3], "texture": "#0"},
				"east": {"uv": [0, 0, 16, 3], "texture": "#0"},
				"south": {"uv": [0, 0, 16, 3], "texture": "#0"},
				"west": {"uv": [0, 0, 16, 3], "texture": "#0"},
				"up": {"uv": [0, 0, 16, 3], "texture": "#0"},
				"down": {"uv": [0, 0, 16, 3], "texture": "#0"}
			}
		},
		{
			"name": "Cube",
			"from": [2, 5, 14],
			"to": [4, 7, 16],
			"shade": false,
			"faces": {
				"north": {"uv": [0, 0, 16, 3], "texture": "#0"},
				"east": {"uv": [0, 0, 16, 3], "texture": "#0"},
				"south": {"uv": [0, 0, 16, 3], "texture": "#0"},
				"west": {"uv": [0, 0, 16, 3], "texture": "#0"},
				"up": {"uv": [0, 0, 16, 3], "texture": "#0"},
				"down": {"uv": [0, 0, 16, 3], "texture": "#0"}
			}
		},
		{
			"name": "Cube",
			"from": [14, 5, 12],
			"to": [16, 7, 14],
			"shade": false,
			"faces": {
				"north": {"uv": [0, 0, 16, 3], "texture": "#0"},
				"east": {"uv": [0, 0, 16, 3], "texture": "#0"},
				"south": {"uv": [0, 0, 16, 3], "texture": "#0"},
				"west": {"uv": [0, 0, 16, 3], "texture": "#0"},
				"up": {"uv": [0, 0, 16, 3], "texture": "#0"},
				"down": {"uv": [0, 0, 16, 3], "texture": "#0"}
			}
		},
		{
			"name": "Cube",
			"from": [14, 3, 10],
			"to": [16, 5, 14],
			"shade": false,
			"faces": {
				"north": {"uv": [0, 0, 16, 3], "texture": "#0"},
				"east": {"uv": [0, 0, 16, 3], "texture": "#0"},
				"south": {"uv": [0, 0, 16, 3], "texture": "#0"},
				"west": {"uv": [0, 0, 16, 3], "texture": "#0"},
				"up": {"uv": [0, 0, 16, 3], "texture": "#0"},
				"down": {"uv": [0, 0, 16, 3], "texture": "#0"}
			}
		},
		{
			"name": "Cube",
			"from": [14, 3, 2],
			"to": [16, 5, 6],
			"shade": false,
			"faces": {
				"north": {"uv": [0, 0, 16, 3], "texture": "#0"},
				"east": {"uv": [0, 0, 16, 3], "texture": "#0"},
				"south": {"uv": [0, 0, 16, 3], "texture": "#0"},
				"west": {"uv": [0, 0, 16, 3], "texture": "#0"},
				"up": {"uv": [0, 0, 16, 3], "texture": "#0"},
				"down": {"uv": [0, 0, 16, 3], "texture": "#0"}
			}
		},
		{
			"name": "Cube",
			"from": [14, 5, 2],
			"to": [16, 7, 4],
			"shade": false,
			"faces": {
				"north": {"uv": [0, 0, 16, 3], "texture": "#0"},
				"east": {"uv": [0, 0, 16, 3], "texture": "#0"},
				"south": {"uv": [0, 0, 16, 3], "texture": "#0"},
				"west": {"uv": [0, 0, 16, 3], "texture": "#0"},
				"up": {"uv": [0, 0, 16, 3], "texture": "#0"},
				"down": {"uv": [0, 0, 16, 3], "texture": "#0"}
			}
		},
		{
			"name": "Cube",
			"from": [0, 5, 2],
			"to": [2, 7, 4],
			"shade": false,
			"faces": {
				"north": {"uv": [0, 0, 16, 3], "texture": "#0"},
				"east": {"uv": [0, 0, 16, 3], "texture": "#0"},
				"south": {"uv": [0, 0, 16, 3], "texture": "#0"},
				"west": {"uv": [0, 0, 16, 3], "texture": "#0"},
				"up": {"uv": [0, 0, 16, 3], "texture": "#0"},
				"down": {"uv": [0, 0, 16, 3], "texture": "#0"}
			}
		},
		{
			"name": "Cube",
			"from": [0, 3, 2],
			"to": [2, 5, 6],
			"shade": false,
			"faces": {
				"north": {"uv": [0, 0, 16, 3], "texture": "#0"},
				"east": {"uv": [0, 0, 16, 3], "texture": "#0"},
				"south": {"uv": [0, 0, 16, 3], "texture": "#0"},
				"west": {"uv": [0, 0, 16, 3], "texture": "#0"},
				"up": {"uv": [0, 0, 16, 3], "texture": "#0"},
				"down": {"uv": [0, 0, 16, 3], "texture": "#0"}
			}
		},
		{
			"name": "Cube",
			"from": [0, 3, 10],
			"to": [2, 5, 14],
			"shade": false,
			"faces": {
				"north": {"uv": [0, 0, 16, 3], "texture": "#0"},
				"east": {"uv": [0, 0, 16, 3], "texture": "#0"},
				"south": {"uv": [0, 0, 16, 3], "texture": "#0"},
				"west": {"uv": [0, 0, 16, 3], "texture": "#0"},
				"up": {"uv": [0, 0, 16, 3], "texture": "#0"},
				"down": {"uv": [0, 0, 16, 3], "texture": "#0"}
			}
		},
		{
			"name": "Cube",
			"from": [0, 5, 12],
			"to": [2, 7, 14],
			"shade": false,
			"faces": {
				"north": {"uv": [0, 0, 16, 3], "texture": "#0"},
				"east": {"uv": [0, 0, 16, 3], "texture": "#0"},
				"south": {"uv": [0, 0, 16, 3], "texture": "#0"},
				"west": {"uv": [0, 0, 16, 3], "texture": "#0"},
				"up": {"uv": [0, 0, 16, 3], "texture": "#0"},
				"down": {"uv": [0, 0, 16, 3], "texture": "#0"}
			}
		},
		{
			"name": "Cube",
			"from": [14, 27, 2],
			"to": [16, 29, 6],
			"shade": false,
			"faces": {
				"north": {"uv": [0, 0, 16, 3], "texture": "#0"},
				"east": {"uv": [0, 0, 16, 3], "texture": "#0"},
				"south": {"uv": [0, 0, 16, 3], "texture": "#0"},
				"west": {"uv": [0, 0, 16, 3], "texture": "#0"},
				"up": {"uv": [0, 0, 16, 3], "texture": "#0"},
				"down": {"uv": [0, 0, 16, 3], "texture": "#0"}
			}
		},
		{
			"name": "Cube",
			"from": [14, 27, 10],
			"to": [16, 29, 14],
			"shade": false,
			"faces": {
				"north": {"uv": [0, 0, 16, 3], "texture": "#0"},
				"east": {"uv": [0, 0, 16, 3], "texture": "#0"},
				"south": {"uv": [0, 0, 16, 3], "texture": "#0"},
				"west": {"uv": [0, 0, 16, 3], "texture": "#0"},
				"up": {"uv": [0, 0, 16, 3], "texture": "#0"},
				"down": {"uv": [0, 0, 16, 3], "texture": "#0"}
			}
		},
		{
			"name": "Cube",
			"from": [14, 25, 12],
			"to": [16, 27, 14],
			"shade": false,
			"faces": {
				"north": {"uv": [0, 0, 16, 3], "texture": "#0"},
				"east": {"uv": [0, 0, 16, 3], "texture": "#0"},
				"south": {"uv": [0, 0, 16, 3], "texture": "#0"},
				"west": {"uv": [0, 0, 16, 3], "texture": "#0"},
				"up": {"uv": [0, 0, 16, 3], "texture": "#0"},
				"down": {"uv": [0, 0, 16, 3], "texture": "#0"}
			}
		},
		{
			"name": "Cube",
			"from": [14, 25, 2],
			"to": [16, 27, 4],
			"shade": false,
			"faces": {
				"north": {"uv": [0, 0, 16, 3], "texture": "#0"},
				"east": {"uv": [0, 0, 16, 3], "texture": "#0"},
				"south": {"uv": [0, 0, 16, 3], "texture": "#0"},
				"west": {"uv": [0, 0, 16, 3], "texture": "#0"},
				"up": {"uv": [0, 0, 16, 3], "texture": "#0"},
				"down": {"uv": [0, 0, 16, 3], "texture": "#0"}
			}
		},
		{
			"name": "Cube",
			"from": [0, 25, 12],
			"to": [2, 27, 14],
			"shade": false,
			"faces": {
				"north": {"uv": [0, 0, 16, 3], "texture": "#0"},
				"east": {"uv": [0, 0, 16, 3], "texture": "#0"},
				"south": {"uv": [0, 0, 16, 3], "texture": "#0"},
				"west": {"uv": [0, 0, 16, 3], "texture": "#0"},
				"up": {"uv": [0, 0, 16, 3], "texture": "#0"},
				"down": {"uv": [0, 0, 16, 3], "texture": "#0"}
			}
		},
		{
			"name": "Cube",
			"from": [0, 25, 2],
			"to": [2, 27, 4],
			"shade": false,
			"faces": {
				"north": {"uv": [0, 0, 16, 3], "texture": "#0"},
				"east": {"uv": [0, 0, 16, 3], "texture": "#0"},
				"south": {"uv": [0, 0, 16, 3], "texture": "#0"},
				"west": {"uv": [0, 0, 16, 3], "texture": "#0"},
				"up": {"uv": [0, 0, 16, 3], "texture": "#0"},
				"down": {"uv": [0, 0, 16, 3], "texture": "#0"}
			}
		},
		{
			"name": "Cube",
			"from": [0, 27, 2],
			"to": [2, 29, 6],
			"shade": false,
			"faces": {
				"north": {"uv": [0, 0, 16, 3], "texture": "#0"},
				"east": {"uv": [0, 0, 16, 3], "texture": "#0"},
				"south": {"uv": [0, 0, 16, 3], "texture": "#0"},
				"west": {"uv": [0, 0, 16, 3], "texture": "#0"},
				"up": {"uv": [0, 0, 16, 3], "texture": "#0"},
				"down": {"uv": [0, 0, 16, 3], "texture": "#0"}
			}
		},
		{
			"name": "Cube",
			"from": [0, 27, 10],
			"to": [2, 29, 14],
			"shade": false,
			"faces": {
				"north": {"uv": [0, 0, 16, 3], "texture": "#0"},
				"east": {"uv": [0, 0, 16, 3], "texture": "#0"},
				"south": {"uv": [0, 0, 16, 3], "texture": "#0"},
				"west": {"uv": [0, 0, 16, 3], "texture": "#0"},
				"up": {"uv": [0, 0, 16, 3], "texture": "#0"},
				"down": {"uv": [0, 0, 16, 3], "texture": "#0"}
			}
		},
		{
			"name": "Cube",
			"from": [2, 27, 14],
			"to": [6, 29, 16],
			"shade": false,
			"faces": {
				"north": {"uv": [0, 0, 16, 3], "texture": "#0"},
				"east": {"uv": [0, 0, 16, 3], "texture": "#0"},
				"south": {"uv": [0, 0, 16, 3], "texture": "#0"},
				"west": {"uv": [0, 0, 16, 3], "texture": "#0"},
				"up": {"uv": [0, 0, 16, 3], "texture": "#0"},
				"down": {"uv": [0, 0, 16, 3], "texture": "#0"}
			}
		},
		{
			"name": "Cube",
			"from": [10, 27, 14],
			"to": [14, 29, 16],
			"shade": false,
			"faces": {
				"north": {"uv": [0, 0, 16, 3], "texture": "#0"},
				"east": {"uv": [0, 0, 16, 3], "texture": "#0"},
				"south": {"uv": [0, 0, 16, 3], "texture": "#0"},
				"west": {"uv": [0, 0, 16, 3], "texture": "#0"},
				"up": {"uv": [0, 0, 16, 3], "texture": "#0"},
				"down": {"uv": [0, 0, 16, 3], "texture": "#0"}
			}
		},
		{
			"name": "Cube",
			"from": [12, 25, 14],
			"to": [14, 27, 16],
			"shade": false,
			"faces": {
				"north": {"uv": [0, 0, 16, 3], "texture": "#0"},
				"east": {"uv": [0, 0, 16, 3], "texture": "#0"},
				"south": {"uv": [0, 0, 16, 3], "texture": "#0"},
				"west": {"uv": [0, 0, 16, 3], "texture": "#0"},
				"up": {"uv": [0, 0, 16, 3], "texture": "#0"},
				"down": {"uv": [0, 0, 16, 3], "texture": "#0"}
			}
		},
		{
			"name": "Cube",
			"from": [2, 25, 14],
			"to": [4, 27, 16],
			"shade": false,
			"faces": {
				"north": {"uv": [0, 0, 16, 3], "texture": "#0"},
				"east": {"uv": [0, 0, 16, 3], "texture": "#0"},
				"south": {"uv": [0, 0, 16, 3], "texture": "#0"},
				"west": {"uv": [0, 0, 16, 3], "texture": "#0"},
				"up": {"uv": [0, 0, 16, 3], "texture": "#0"},
				"down": {"uv": [0, 0, 16, 3], "texture": "#0"}
			}
		},
		{
			"name": "Cube",
			"from": [5, 7.5, 7],
			"to": [7, 26.5, 9],
			"shade": false,
			"faces": {
				"north": {"uv": [0, 1, 16, 15], "texture": "#1"},
				"east": {"uv": [0, 1, 16, 15], "texture": "#1"},
				"south": {"uv": [0, 1, 16, 15], "texture": "#1"},
				"west": {"uv": [0, 1, 16, 15], "texture": "#1"},
				"up": {"uv": [0, 0, 16, 16], "texture": "#1"},
				"down": {"uv": [0, 0, 16, 16], "texture": "#1"}
			}
		},
		{
			"name": "Cube",
			"from": [9, 7.5, 7],
			"to": [11, 26.5, 9],
			"shade": false,
			"faces": {
				"north": {"uv": [0, 1, 16, 15], "texture": "#1"},
				"east": {"uv": [0, 1, 16, 15], "texture": "#1"},
				"south": {"uv": [0, 1, 16, 15], "texture": "#1"},
				"west": {"uv": [0, 1, 16, 15], "texture": "#1"},
				"up": {"uv": [0, 1, 16, 15], "texture": "#1"},
				"down": {"uv": [0, 0, 16, 16], "texture": "#1"}
			}
		},
		{
			"name": "Cube",
			"from": [7, 5.5, 7],
			"to": [9, 8.5, 9],
			"shade": false,
			"faces": {
				"north": {"uv": [0, 0, 16, 16], "texture": "#1"},
				"east": {"uv": [0, 0, 16, 16], "texture": "#1"},
				"south": {"uv": [0, 0, 16, 16], "texture": "#1"},
				"west": {"uv": [0, 0, 16, 16], "texture": "#1"},
				"up": {"uv": [0, 0, 16, 16], "texture": "#1"},
				"down": {"uv": [0, 0, 16, 16], "texture": "#1"}
			}
		},
		{
			"name": "Cube",
			"from": [6, 26.5, 6],
			"to": [10, 30.5, 10],
			"shade": false,
			"faces": {
				"north": {"uv": [0, 0, 16, 16], "texture": "#1"},
				"east": {"uv": [0, 0, 16, 16], "texture": "#1"},
				"south": {"uv": [0, 0, 16, 16], "texture": "#1"},
				"west": {"uv": [0, 0, 16, 16], "texture": "#1"},
				"up": {"uv": [0, 0, 16, 16], "texture": "#1"},
				"down": {"uv": [0, 0, 16, 16], "texture": "#1"}
			}
		},
		{
			"name": "Cube",
			"from": [-1, 29, -1],
			"to": [17, 30, 17],
			"shade": false,
			"faces": {
				"north": {"uv": [0, 0, 16, 3], "texture": "#0"},
				"east": {"uv": [0, 0, 16, 3], "texture": "#0"},
				"south": {"uv": [0, 0, 16, 3], "texture": "#0"},
				"west": {"uv": [0, 0, 16, 3], "texture": "#0"},
				"up": {"uv": [0, 0, 16, 3], "texture": "#0"},
				"down": {"uv": [0, 0, 16, 3], "texture": "#0"}
			}
		},
		{
			"name": "Cube",
			"from": [-1, 30.9, -1],
			"to": [17, 31.9, 17],
			"shade": false,
			"faces": {
				"north": {"uv": [0, 0, 16, 3], "texture": "#0"},
				"east": {"uv": [0, 0, 16, 3], "texture": "#0"},
				"south": {"uv": [0, 0, 16, 3], "texture": "#0"},
				"west": {"uv": [0, 0, 16, 3], "texture": "#0"},
				"up": {"uv": [0, 0, 16, 3], "texture": "#0"},
				"down": {"uv": [0, 0, 16, 3], "texture": "#0"}
			}
		},
		{
			"name": "Cube",
			"from": [-1, 2, -1],
			"to": [17, 3, 17],
			"shade": false,
			"faces": {
				"north": {"uv": [0, 0, 16, 3], "texture": "#0"},
				"east": {"uv": [0, 0, 16, 3], "texture": "#0"},
				"south": {"uv": [0, 0, 16, 3], "texture": "#0"},
				"west": {"uv": [0, 0, 16, 3], "texture": "#0"},
				"up": {"uv": [0, 0, 16, 3], "texture": "#0"},
				"down": {"uv": [0, 0, 16, 3], "texture": "#0"}
			}
		}
	],
	"display": {
		"thirdperson_righthand": {
			"scale": [0.5, 0.5, 0.5],
			"translation": [3, -6, -2.5]
		},
		"thirdperson_lefthand": {
			"scale": [0.5, 0.5, 0.5],
			"translation": [3, -6, -2.5]
		},
		"firstperson_righthand": {
			"scale": [0.5, 0.5, 0.5],
			"translation": [0, -5, 0]
		},
		"firstperson_lefthand": {
			"scale": [0.5, 0.5, 0.5],
			"translation": [0, -5, 0]
		},
		"ground": {
			"scale": [0.5, 0.5, 0.5]
		},
		"fixed": {
			"scale": [0.5, 0.5, 0.5],
			"rotation": [0, 180, 0],
			"translation": [0, -3.5, 0]
		},
		"gui": {
			"scale": [0.4, 0.4, 0.4],
			"translation": [0, -2, 0],
			"rotation": [45, -45, 0]
		}
	}
}