{
	"credit": "Made with Blockbench",
	"textures": {
		"0": "block/spruce_planks",
		"particle": "block/spruce_planks"
	},
	"elements": [
		{
			"from": [7, 29.6, 7],
			"to": [9, 31.6, 9],
			"faces": {
				"north": {"uv": [0, 1.125, 16, 3.25], "rotation": 90, "texture": "#0"},
				"east": {"uv": [0, 1.125, 16, 3.25], "rotation": 90, "texture": "#0"},
				"south": {"uv": [0, 1.125, 16, 3.25], "rotation": 90, "texture": "#0"},
				"west": {"uv": [0, 1.125, 16, 3.25], "rotation": 90, "texture": "#0"},
				"up": {"uv": [0, 1.125, 16, 3.25], "rotation": 90, "texture": "#0"},
				"down": {"uv": [0, 1.125, 16, 3.25], "rotation": 90, "texture": "#0"}
			}
		},
		{
			"from": [7.3, 3.9, 7.3],
			"to": [8.7, 32, 8.7],
			"faces": {
				"north": {"uv": [0, 1.125, 16, 3.25], "rotation": 90, "texture": "#0"},
				"east": {"uv": [0, 1.125, 16, 3.25], "rotation": 90, "texture": "#0"},
				"south": {"uv": [0, 1.125, 16, 3.25], "rotation": 90, "texture": "#0"},
				"west": {"uv": [0, 1.125, 16, 3.25], "rotation": 90, "texture": "#0"},
				"up": {"uv": [0, 1.125, 16, 3.25], "rotation": 90, "texture": "#0"},
				"down": {"uv": [0, 1.125, 16, 3.25], "rotation": 90, "texture": "#0"}
			}
		},
		{
			"from": [7, 3.8, 7],
			"to": [9, 28.7, 9],
			"faces": {
				"north": {"uv": [0, 1.125, 16, 3.25], "rotation": 90, "texture": "#0"},
				"east": {"uv": [0, 1.125, 16, 3.25], "rotation": 90, "texture": "#0"},
				"south": {"uv": [0, 1.125, 16, 3.25], "rotation": 90, "texture": "#0"},
				"west": {"uv": [0, 1.125, 16, 3.25], "rotation": 90, "texture": "#0"},
				"up": {"uv": [0, 1.125, 16, 3.25], "rotation": 90, "texture": "#0"},
				"down": {"uv": [0, 1.125, 16, 3.25], "rotation": 90, "texture": "#0"}
			}
		},
		{
			"from": [4, 1.1, 4],
			"to": [4.4, 1.6, 11.7],
			"faces": {
				"north": {"uv": [0, 1.125, 16, 3.25], "rotation": 90, "texture": "#0"},
				"east": {"uv": [0, 1.125, 16, 3.25], "rotation": 90, "texture": "#0"},
				"south": {"uv": [0, 1.125, 16, 3.25], "rotation": 90, "texture": "#0"},
				"west": {"uv": [0, 1.125, 16, 3.25], "rotation": 90, "texture": "#0"},
				"up": {"uv": [0, 1.125, 16, 3.25], "rotation": 90, "texture": "#0"},
				"down": {"uv": [0, 1.125, 16, 3.25], "rotation": 90, "texture": "#0"}
			}
		},
		{
			"from": [11.6, 1.1, 4],
			"to": [12, 1.6, 12],
			"faces": {
				"north": {"uv": [0, 1.125, 16, 3.25], "rotation": 90, "texture": "#0"},
				"east": {"uv": [0, 1.125, 16, 3.25], "rotation": 90, "texture": "#0"},
				"south": {"uv": [0, 1.125, 16, 3.25], "rotation": 90, "texture": "#0"},
				"west": {"uv": [0, 1.125, 16, 3.25], "rotation": 90, "texture": "#0"},
				"up": {"uv": [0, 1.125, 16, 3.25], "rotation": 90, "texture": "#0"},
				"down": {"uv": [0, 1.125, 16, 3.25], "rotation": 90, "texture": "#0"}
			}
		},
		{
			"from": [4, 1.1, 11.6],
			"to": [12, 1.6, 12],
			"faces": {
				"north": {"uv": [0, 1.125, 16, 3.25], "rotation": 90, "texture": "#0"},
				"east": {"uv": [0, 1.125, 16, 3.25], "rotation": 90, "texture": "#0"},
				"south": {"uv": [0, 1.125, 16, 3.25], "rotation": 90, "texture": "#0"},
				"west": {"uv": [0, 1.125, 16, 3.25], "rotation": 90, "texture": "#0"},
				"up": {"uv": [0, 1.125, 16, 3.25], "rotation": 180, "texture": "#0"},
				"down": {"uv": [0, 1.125, 16, 3.25], "texture": "#0"}
			}
		},
		{
			"from": [4, 1.1, 4],
			"to": [12, 1.6, 4.4],
			"faces": {
				"north": {"uv": [0, 1.125, 16, 3.25], "rotation": 90, "texture": "#0"},
				"east": {"uv": [0, 1.125, 16, 3.25], "rotation": 90, "texture": "#0"},
				"south": {"uv": [0, 1.125, 16, 3.25], "rotation": 90, "texture": "#0"},
				"west": {"uv": [0, 1.125, 16, 3.25], "rotation": 90, "texture": "#0"},
				"up": {"uv": [0, 1.125, 16, 3.25], "texture": "#0"},
				"down": {"uv": [0, 1.125, 16, 3.25], "rotation": 180, "texture": "#0"}
			}
		},
		{
			"from": [7.5, 5, 2],
			"to": [8.5, 6, 15],
			"rotation": {"angle": 45, "axis": "x", "origin": [8, 4, 8]},
			"faces": {
				"north": {"uv": [0, 1.125, 16, 3.25], "rotation": 270, "texture": "#0"},
				"east": {"uv": [0, 1.125, 16, 3.25], "rotation": 180, "texture": "#0"},
				"south": {"uv": [0, 1.125, 16, 3.25], "rotation": 270, "texture": "#0"},
				"west": {"uv": [0, 1.125, 16, 3.25], "texture": "#0"},
				"up": {"uv": [0, 1.125, 16, 3.25], "rotation": 90, "texture": "#0"},
				"down": {"uv": [0, 1.125, 16, 3.25], "rotation": 270, "texture": "#0"}
			}
		},
		{
			"from": [7.5, 5, 1],
			"to": [8.5, 6, 14],
			"rotation": {"angle": -45, "axis": "x", "origin": [8, 4, 8]},
			"faces": {
				"north": {"uv": [0, 1.125, 16, 3.25], "rotation": 90, "texture": "#0"},
				"east": {"uv": [0, 1.125, 16, 3.25], "texture": "#0"},
				"south": {"uv": [0, 1.125, 16, 3.25], "rotation": 90, "texture": "#0"},
				"west": {"uv": [0, 1.125, 16, 3.25], "rotation": 180, "texture": "#0"},
				"up": {"uv": [0, 1.125, 16, 3.25], "rotation": 270, "texture": "#0"},
				"down": {"uv": [0, 1.125, 16, 3.25], "rotation": 90, "texture": "#0"}
			}
		},
		{
			"from": [5, 9.1, 5],
			"to": [11, 9.6, 5.4],
			"faces": {
				"north": {"uv": [0, 1.125, 16, 3.25], "rotation": 90, "texture": "#0"},
				"east": {"uv": [0, 1.125, 16, 3.25], "rotation": 90, "texture": "#0"},
				"south": {"uv": [0, 1.125, 16, 3.25], "rotation": 90, "texture": "#0"},
				"west": {"uv": [0, 1.125, 16, 3.25], "rotation": 90, "texture": "#0"},
				"up": {"uv": [0, 1.125, 16, 3.25], "texture": "#0"},
				"down": {"uv": [0, 1.125, 16, 3.25], "rotation": 180, "texture": "#0"}
			}
		},
		{
			"from": [10.6, 9.1, 5],
			"to": [11, 9.6, 11],
			"faces": {
				"north": {"uv": [0, 1.125, 16, 3.25], "rotation": 90, "texture": "#0"},
				"east": {"uv": [0, 1.125, 16, 3.25], "rotation": 90, "texture": "#0"},
				"south": {"uv": [0, 1.125, 16, 3.25], "rotation": 90, "texture": "#0"},
				"west": {"uv": [0, 1.125, 16, 3.25], "rotation": 90, "texture": "#0"},
				"up": {"uv": [0, 1.125, 16, 3.25], "rotation": 90, "texture": "#0"},
				"down": {"uv": [0, 1.125, 16, 3.25], "rotation": 90, "texture": "#0"}
			}
		},
		{
			"from": [5, 9.1, 10.6],
			"to": [11, 9.6, 11],
			"faces": {
				"north": {"uv": [0, 1.125, 16, 3.25], "rotation": 90, "texture": "#0"},
				"east": {"uv": [0, 1.125, 16, 3.25], "rotation": 90, "texture": "#0"},
				"south": {"uv": [0, 1.125, 16, 3.25], "rotation": 90, "texture": "#0"},
				"west": {"uv": [0, 1.125, 16, 3.25], "rotation": 90, "texture": "#0"},
				"up": {"uv": [0, 1.125, 16, 3.25], "rotation": 180, "texture": "#0"},
				"down": {"uv": [0, 1.125, 16, 3.25], "texture": "#0"}
			}
		},
		{
			"from": [5, 9.1, 5],
			"to": [5.4, 9.6, 10.7],
			"faces": {
				"north": {"uv": [0, 1.125, 16, 3.25], "rotation": 90, "texture": "#0"},
				"east": {"uv": [0, 1.125, 16, 3.25], "rotation": 90, "texture": "#0"},
				"south": {"uv": [0, 1.125, 16, 3.25], "rotation": 90, "texture": "#0"},
				"west": {"uv": [0, 1.125, 16, 3.25], "rotation": 90, "texture": "#0"},
				"up": {"uv": [0, 1.125, 16, 3.25], "rotation": 90, "texture": "#0"},
				"down": {"uv": [0, 1.125, 16, 3.25], "rotation": 90, "texture": "#0"}
			}
		},
		{
			"from": [6.8, 12, 6.8],
			"to": [9.2, 12.5, 9.2],
			"faces": {
				"north": {"uv": [0, 1.125, 16, 3.25], "rotation": 90, "texture": "#0"},
				"east": {"uv": [0, 1.125, 16, 3.25], "rotation": 90, "texture": "#0"},
				"south": {"uv": [0, 1.125, 16, 3.25], "rotation": 90, "texture": "#0"},
				"west": {"uv": [0, 1.125, 16, 3.25], "rotation": 90, "texture": "#0"},
				"up": {"uv": [0, 1.125, 16, 3.25], "rotation": 90, "texture": "#0"},
				"down": {"uv": [0, 1.125, 16, 3.25], "rotation": 90, "texture": "#0"}
			}
		},
		{
			"from": [6.8, 20, 6.8],
			"to": [9.2, 20.5, 9.2],
			"faces": {
				"north": {"uv": [0, 1.125, 16, 3.25], "rotation": 90, "texture": "#0"},
				"east": {"uv": [0, 1.125, 16, 3.25], "rotation": 90, "texture": "#0"},
				"south": {"uv": [0, 1.125, 16, 3.25], "rotation": 90, "texture": "#0"},
				"west": {"uv": [0, 1.125, 16, 3.25], "rotation": 90, "texture": "#0"},
				"up": {"uv": [0, 1.125, 16, 3.25], "rotation": 90, "texture": "#0"},
				"down": {"uv": [0, 1.125, 16, 3.25], "rotation": 90, "texture": "#0"}
			}
		},
		{
			"from": [6.8, 28.7, 6.8],
			"to": [9.2, 29.2, 9.2],
			"faces": {
				"north": {"uv": [0, 1.125, 16, 3.25], "rotation": 90, "texture": "#0"},
				"east": {"uv": [0, 1.125, 16, 3.25], "rotation": 90, "texture": "#0"},
				"south": {"uv": [0, 1.125, 16, 3.25], "rotation": 90, "texture": "#0"},
				"west": {"uv": [0, 1.125, 16, 3.25], "rotation": 90, "texture": "#0"},
				"up": {"uv": [0, 1.125, 16, 3.25], "rotation": 90, "texture": "#0"},
				"down": {"uv": [0, 1.125, 16, 3.25], "rotation": 90, "texture": "#0"}
			}
		},
		{
			"from": [2, 5, 7.5],
			"to": [15, 6, 8.5],
			"rotation": {"angle": -45, "axis": "z", "origin": [8, 4, 8]},
			"faces": {
				"north": {"uv": [0, 1.125, 16, 3.25], "rotation": 180, "texture": "#0"},
				"east": {"uv": [0, 1.125, 16, 3.25], "rotation": 90, "texture": "#0"},
				"south": {"uv": [0, 1.125, 16, 3.25], "texture": "#0"},
				"west": {"uv": [0, 1.125, 16, 3.25], "rotation": 90, "texture": "#0"},
				"up": {"uv": [0, 1.125, 16, 3.25], "texture": "#0"},
				"down": {"uv": [0, 1.125, 16, 3.25], "texture": "#0"}
			}
		},
		{
			"from": [1, 5, 7.5],
			"to": [14, 6, 8.5],
			"rotation": {"angle": 45, "axis": "z", "origin": [8, 4, 8]},
			"faces": {
				"north": {"uv": [0, 1.125, 16, 3.25], "texture": "#0"},
				"east": {"uv": [0, 1.125, 16, 3.25], "rotation": 270, "texture": "#0"},
				"south": {"uv": [0, 1.125, 16, 3.25], "rotation": 180, "texture": "#0"},
				"west": {"uv": [0, 1.125, 16, 3.25], "rotation": 270, "texture": "#0"},
				"up": {"uv": [0, 1.125, 16, 3.25], "rotation": 180, "texture": "#0"},
				"down": {"uv": [0, 1.125, 16, 3.25], "rotation": 180, "texture": "#0"}
			}
		},
		{
			"from": [7.5, 23.5, 5],
			"to": [8.5, 24, 10],
			"rotation": {"angle": 45, "axis": "x", "origin": [8, 21, 8]},
			"faces": {
				"north": {"uv": [0, 1.125, 16, 3.25], "rotation": 270, "texture": "#0"},
				"east": {"uv": [0, 1.125, 16, 3.25], "rotation": 180, "texture": "#0"},
				"south": {"uv": [0, 1.125, 16, 3.25], "rotation": 270, "texture": "#0"},
				"west": {"uv": [0, 1.125, 16, 3.25], "texture": "#0"},
				"up": {"uv": [0, 1.125, 16, 3.25], "rotation": 90, "texture": "#0"},
				"down": {"uv": [0, 1.125, 16, 3.25], "rotation": 270, "texture": "#0"}
			}
		},
		{
			"from": [6, 23.5, 7.5],
			"to": [10, 24, 8.5],
			"rotation": {"angle": 45, "axis": "z", "origin": [8, 21, 8]},
			"faces": {
				"north": {"uv": [0, 1.125, 16, 3.25], "texture": "#0"},
				"east": {"uv": [0, 1.125, 16, 3.25], "rotation": 270, "texture": "#0"},
				"south": {"uv": [0, 1.125, 16, 3.25], "rotation": 180, "texture": "#0"},
				"west": {"uv": [0, 1.125, 16, 3.25], "rotation": 270, "texture": "#0"},
				"up": {"uv": [0, 1.125, 16, 3.25], "rotation": 180, "texture": "#0"},
				"down": {"uv": [0, 1.125, 16, 3.25], "rotation": 180, "texture": "#0"}
			}
		},
		{
			"from": [6, 23.5, 7.5],
			"to": [10, 24, 8.5],
			"rotation": {"angle": -45, "axis": "z", "origin": [8, 21, 8]},
			"faces": {
				"north": {"uv": [0, 1.125, 16, 3.25], "rotation": 180, "texture": "#0"},
				"east": {"uv": [0, 1.125, 16, 3.25], "rotation": 90, "texture": "#0"},
				"south": {"uv": [0, 1.125, 16, 3.25], "texture": "#0"},
				"west": {"uv": [0, 1.125, 16, 3.25], "rotation": 90, "texture": "#0"},
				"up": {"uv": [0, 1.125, 16, 3.25], "texture": "#0"},
				"down": {"uv": [0, 1.125, 16, 3.25], "texture": "#0"}
			}
		},
		{
			"from": [7.5, 23.5, 6],
			"to": [8.5, 24, 10],
			"rotation": {"angle": -45, "axis": "x", "origin": [8, 21, 8]},
			"faces": {
				"north": {"uv": [0, 1.125, 16, 3.25], "rotation": 90, "texture": "#0"},
				"east": {"uv": [0, 1.125, 16, 3.25], "texture": "#0"},
				"south": {"uv": [0, 1.125, 16, 3.25], "rotation": 90, "texture": "#0"},
				"west": {"uv": [0, 1.125, 16, 3.25], "rotation": 180, "texture": "#0"},
				"up": {"uv": [0, 1.125, 16, 3.25], "rotation": 270, "texture": "#0"},
				"down": {"uv": [0, 1.125, 16, 3.25], "rotation": 90, "texture": "#0"}
			}
		},
		{
			"from": [6.5, 24.4, 7.5],
			"to": [9.5, 25.4, 8.5],
			"faces": {
				"north": {"uv": [0, 1.125, 16, 3.25], "rotation": 180, "texture": "#0"},
				"east": {"uv": [0, 1.125, 16, 3.25], "rotation": 270, "texture": "#0"},
				"south": {"uv": [0, 1.125, 16, 3.25], "texture": "#0"},
				"west": {"uv": [0, 1.125, 16, 3.25], "rotation": 270, "texture": "#0"},
				"up": {"uv": [0, 1.125, 16, 3.25], "rotation": 180, "texture": "#0"},
				"down": {"uv": [0, 1.125, 16, 3.25], "rotation": 180, "texture": "#0"}
			}
		},
		{
			"from": [6.3, 24.4, 7.5],
			"to": [9.8, 25.4, 8.5],
			"rotation": {"angle": -45, "axis": "y", "origin": [8, 22, 8]},
			"faces": {
				"north": {"uv": [0, 1.125, 16, 3.25], "rotation": 180, "texture": "#0"},
				"east": {"uv": [0, 1.125, 16, 3.25], "rotation": 270, "texture": "#0"},
				"south": {"uv": [0, 1.125, 16, 3.25], "texture": "#0"},
				"west": {"uv": [0, 1.125, 16, 3.25], "rotation": 270, "texture": "#0"},
				"up": {"uv": [0, 1.125, 16, 3.25], "rotation": 180, "texture": "#0"},
				"down": {"uv": [0, 1.125, 16, 3.25], "rotation": 180, "texture": "#0"}
			}
		},
		{
			"from": [6.3, 24.4, 7.5],
			"to": [9.8, 25.4, 8.5],
			"rotation": {"angle": 45, "axis": "y", "origin": [8, 22, 8]},
			"faces": {
				"north": {"uv": [0, 1.125, 16, 3.25], "rotation": 180, "texture": "#0"},
				"east": {"uv": [0, 1.125, 16, 3.25], "rotation": 270, "texture": "#0"},
				"south": {"uv": [0, 1.125, 16, 3.25], "texture": "#0"},
				"west": {"uv": [0, 1.125, 16, 3.25], "rotation": 270, "texture": "#0"},
				"up": {"uv": [0, 1.125, 16, 3.25], "rotation": 180, "texture": "#0"},
				"down": {"uv": [0, 1.125, 16, 3.25], "rotation": 180, "texture": "#0"}
			}
		},
		{
			"from": [11.8, 26.4, 7.5],
			"to": [12.8, 27.4, 8.5],
			"rotation": {"angle": 45, "axis": "y", "origin": [8, 23, 8]},
			"faces": {
				"north": {"uv": [0, 1.125, 16, 3.25], "rotation": 180, "texture": "#0"},
				"east": {"uv": [0, 1.125, 16, 3.25], "rotation": 270, "texture": "#0"},
				"south": {"uv": [0, 1.125, 16, 3.25], "texture": "#0"},
				"west": {"uv": [0, 1.125, 16, 3.25], "rotation": 270, "texture": "#0"},
				"up": {"uv": [0, 1.125, 16, 3.25], "rotation": 180, "texture": "#0"},
				"down": {"uv": [0, 1.125, 16, 3.25], "rotation": 180, "texture": "#0"}
			}
		},
		{
			"from": [2.8, 26.4, 7.5],
			"to": [3.8, 27.4, 8.5],
			"rotation": {"angle": 45, "axis": "y", "origin": [8, 23, 8]},
			"faces": {
				"north": {"uv": [0, 1.125, 16, 3.25], "rotation": 180, "texture": "#0"},
				"east": {"uv": [0, 1.125, 16, 3.25], "rotation": 270, "texture": "#0"},
				"south": {"uv": [0, 1.125, 16, 3.25], "texture": "#0"},
				"west": {"uv": [0, 1.125, 16, 3.25], "rotation": 270, "texture": "#0"},
				"up": {"uv": [0, 1.125, 16, 3.25], "rotation": 180, "texture": "#0"},
				"down": {"uv": [0, 1.125, 16, 3.25], "rotation": 180, "texture": "#0"}
			}
		},
		{
			"from": [7.5, 26.4, 2.8],
			"to": [8.5, 27.4, 3.8],
			"rotation": {"angle": 45, "axis": "y", "origin": [8, 23, 8]},
			"faces": {
				"north": {"uv": [0, 1.125, 16, 3.25], "rotation": 180, "texture": "#0"},
				"east": {"uv": [0, 1.125, 16, 3.25], "rotation": 270, "texture": "#0"},
				"south": {"uv": [0, 1.125, 16, 3.25], "texture": "#0"},
				"west": {"uv": [0, 1.125, 16, 3.25], "rotation": 270, "texture": "#0"},
				"up": {"uv": [0, 1.125, 16, 3.25], "rotation": 180, "texture": "#0"},
				"down": {"uv": [0, 1.125, 16, 3.25], "rotation": 180, "texture": "#0"}
			}
		},
		{
			"from": [11.8, 26.4, 7.5],
			"to": [12.8, 27.4, 8.5],
			"rotation": {"angle": -45, "axis": "y", "origin": [8, 23, 8]},
			"faces": {
				"north": {"uv": [0, 1.125, 16, 3.25], "rotation": 270, "texture": "#0"},
				"east": {"uv": [0, 1.125, 16, 3.25], "texture": "#0"},
				"south": {"uv": [0, 1.125, 16, 3.25], "rotation": 270, "texture": "#0"},
				"west": {"uv": [0, 1.125, 16, 3.25], "rotation": 180, "texture": "#0"},
				"up": {"uv": [0, 1.125, 16, 3.25], "rotation": 90, "texture": "#0"},
				"down": {"uv": [0, 1.125, 16, 3.25], "rotation": 270, "texture": "#0"}
			}
		},
		{
			"from": [2.8, 26.4, 7.5],
			"to": [3.8, 27.4, 8.5],
			"faces": {
				"north": {"uv": [0, 1.125, 16, 3.25], "rotation": 180, "texture": "#0"},
				"east": {"uv": [0, 1.125, 16, 3.25], "rotation": 270, "texture": "#0"},
				"south": {"uv": [0, 1.125, 16, 3.25], "texture": "#0"},
				"west": {"uv": [0, 1.125, 16, 3.25], "rotation": 270, "texture": "#0"},
				"up": {"uv": [0, 1.125, 16, 3.25], "rotation": 180, "texture": "#0"},
				"down": {"uv": [0, 1.125, 16, 3.25], "rotation": 180, "texture": "#0"}
			}
		},
		{
			"from": [11.8, 26.4, 7.5],
			"to": [12.8, 27.4, 8.5],
			"faces": {
				"north": {"uv": [0, 1.125, 16, 3.25], "rotation": 180, "texture": "#0"},
				"east": {"uv": [0, 1.125, 16, 3.25], "rotation": 270, "texture": "#0"},
				"south": {"uv": [0, 1.125, 16, 3.25], "texture": "#0"},
				"west": {"uv": [0, 1.125, 16, 3.25], "rotation": 270, "texture": "#0"},
				"up": {"uv": [0, 1.125, 16, 3.25], "rotation": 180, "texture": "#0"},
				"down": {"uv": [0, 1.125, 16, 3.25], "rotation": 180, "texture": "#0"}
			}
		},
		{
			"from": [1.8, 27.4, 7.5],
			"to": [2.8, 28.4, 8.5],
			"rotation": {"angle": 45, "axis": "y", "origin": [8, 24, 8]},
			"faces": {
				"north": {"uv": [0, 1.125, 16, 3.25], "rotation": 180, "texture": "#0"},
				"east": {"uv": [0, 1.125, 16, 3.25], "rotation": 270, "texture": "#0"},
				"south": {"uv": [0, 1.125, 16, 3.25], "texture": "#0"},
				"west": {"uv": [0, 1.125, 16, 3.25], "rotation": 270, "texture": "#0"},
				"up": {"uv": [0, 1.125, 16, 3.25], "rotation": 180, "texture": "#0"},
				"down": {"uv": [0, 1.125, 16, 3.25], "rotation": 180, "texture": "#0"}
			}
		},
		{
			"from": [1.8, 27.4, 7.5],
			"to": [2.8, 28.4, 8.5],
			"faces": {
				"north": {"uv": [0, 1.125, 16, 3.25], "rotation": 180, "texture": "#0"},
				"east": {"uv": [0, 1.125, 16, 3.25], "rotation": 270, "texture": "#0"},
				"south": {"uv": [0, 1.125, 16, 3.25], "texture": "#0"},
				"west": {"uv": [0, 1.125, 16, 3.25], "rotation": 270, "texture": "#0"},
				"up": {"uv": [0, 1.125, 16, 3.25], "rotation": 180, "texture": "#0"},
				"down": {"uv": [0, 1.125, 16, 3.25], "rotation": 180, "texture": "#0"}
			}
		},
		{
			"from": [7.5, 27.4, 1.8],
			"to": [8.5, 28.4, 2.8],
			"rotation": {"angle": 45, "axis": "y", "origin": [8, 24, 8]},
			"faces": {
				"north": {"uv": [0, 1.125, 16, 3.25], "rotation": 180, "texture": "#0"},
				"east": {"uv": [0, 1.125, 16, 3.25], "rotation": 270, "texture": "#0"},
				"south": {"uv": [0, 1.125, 16, 3.25], "texture": "#0"},
				"west": {"uv": [0, 1.125, 16, 3.25], "rotation": 270, "texture": "#0"},
				"up": {"uv": [0, 1.125, 16, 3.25], "rotation": 180, "texture": "#0"},
				"down": {"uv": [0, 1.125, 16, 3.25], "rotation": 180, "texture": "#0"}
			}
		},
		{
			"from": [12.8, 27.4, 7.5],
			"to": [13.8, 28.4, 8.5],
			"faces": {
				"north": {"uv": [0, 1.125, 16, 3.25], "rotation": 180, "texture": "#0"},
				"east": {"uv": [0, 1.125, 16, 3.25], "rotation": 270, "texture": "#0"},
				"south": {"uv": [0, 1.125, 16, 3.25], "texture": "#0"},
				"west": {"uv": [0, 1.125, 16, 3.25], "rotation": 270, "texture": "#0"},
				"up": {"uv": [0, 1.125, 16, 3.25], "rotation": 180, "texture": "#0"},
				"down": {"uv": [0, 1.125, 16, 3.25], "rotation": 180, "texture": "#0"}
			}
		},
		{
			"from": [12.8, 27.4, 7.5],
			"to": [13.8, 28.4, 8.5],
			"rotation": {"angle": 45, "axis": "y", "origin": [8, 24, 8]},
			"faces": {
				"north": {"uv": [0, 1.125, 16, 3.25], "rotation": 180, "texture": "#0"},
				"east": {"uv": [0, 1.125, 16, 3.25], "rotation": 270, "texture": "#0"},
				"south": {"uv": [0, 1.125, 16, 3.25], "texture": "#0"},
				"west": {"uv": [0, 1.125, 16, 3.25], "rotation": 270, "texture": "#0"},
				"up": {"uv": [0, 1.125, 16, 3.25], "rotation": 180, "texture": "#0"},
				"down": {"uv": [0, 1.125, 16, 3.25], "rotation": 180, "texture": "#0"}
			}
		},
		{
			"from": [12.8, 27.4, 7.5],
			"to": [13.8, 28.4, 8.5],
			"rotation": {"angle": -45, "axis": "y", "origin": [8, 24, 8]},
			"faces": {
				"north": {"uv": [0, 1.125, 16, 3.25], "rotation": 270, "texture": "#0"},
				"east": {"uv": [0, 1.125, 16, 3.25], "texture": "#0"},
				"south": {"uv": [0, 1.125, 16, 3.25], "rotation": 270, "texture": "#0"},
				"west": {"uv": [0, 1.125, 16, 3.25], "rotation": 180, "texture": "#0"},
				"up": {"uv": [0, 1.125, 16, 3.25], "rotation": 90, "texture": "#0"},
				"down": {"uv": [0, 1.125, 16, 3.25], "rotation": 270, "texture": "#0"}
			}
		},
		{
			"from": [7.5, 24, 9.5],
			"to": [8.5, 24.5, 10],
			"rotation": {"angle": 45, "axis": "x", "origin": [8, 21, 8]},
			"faces": {
				"north": {"uv": [0, 1.125, 16, 3.25], "rotation": 270, "texture": "#0"},
				"east": {"uv": [0, 1.125, 16, 3.25], "rotation": 180, "texture": "#0"},
				"south": {"uv": [0, 1.125, 16, 3.25], "rotation": 270, "texture": "#0"},
				"west": {"uv": [0, 1.125, 16, 3.25], "texture": "#0"},
				"up": {"uv": [0, 1.125, 16, 3.25], "rotation": 90, "texture": "#0"},
				"down": {"uv": [0, 1.125, 16, 3.25], "rotation": 270, "texture": "#0"}
			}
		},
		{
			"from": [6, 24, 7.5],
			"to": [6.5, 24.5, 8.5],
			"rotation": {"angle": 45, "axis": "z", "origin": [8, 21, 8]},
			"faces": {
				"north": {"uv": [0, 1.125, 16, 3.25], "texture": "#0"},
				"east": {"uv": [0, 1.125, 16, 3.25], "rotation": 270, "texture": "#0"},
				"south": {"uv": [0, 1.125, 16, 3.25], "rotation": 180, "texture": "#0"},
				"west": {"uv": [0, 1.125, 16, 3.25], "rotation": 270, "texture": "#0"},
				"up": {"uv": [0, 1.125, 16, 3.25], "rotation": 180, "texture": "#0"},
				"down": {"uv": [0, 1.125, 16, 3.25], "rotation": 180, "texture": "#0"}
			}
		},
		{
			"from": [7.5, 24, 6],
			"to": [8.5, 24.5, 6.5],
			"rotation": {"angle": -45, "axis": "x", "origin": [8, 21, 8]},
			"faces": {
				"north": {"uv": [0, 1.125, 16, 3.25], "rotation": 270, "texture": "#0"},
				"east": {"uv": [0, 1.125, 16, 3.25], "texture": "#0"},
				"south": {"uv": [0, 1.125, 16, 3.25], "rotation": 270, "texture": "#0"},
				"west": {"uv": [0, 1.125, 16, 3.25], "rotation": 180, "texture": "#0"},
				"up": {"uv": [0, 1.125, 16, 3.25], "rotation": 270, "texture": "#0"},
				"down": {"uv": [0, 1.125, 16, 3.25], "rotation": 90, "texture": "#0"}
			}
		},
		{
			"from": [9.5, 24, 7.5],
			"to": [10, 24.5, 8.5],
			"rotation": {"angle": -45, "axis": "z", "origin": [8, 21, 8]},
			"faces": {
				"north": {"uv": [0, 1.125, 16, 3.25], "rotation": 180, "texture": "#0"},
				"east": {"uv": [0, 1.125, 16, 3.25], "rotation": 270, "texture": "#0"},
				"south": {"uv": [0, 1.125, 16, 3.25], "texture": "#0"},
				"west": {"uv": [0, 1.125, 16, 3.25], "rotation": 270, "texture": "#0"},
				"up": {"uv": [0, 1.125, 16, 3.25], "texture": "#0"},
				"down": {"uv": [0, 1.125, 16, 3.25], "texture": "#0"}
			}
		},
		{
			"from": [2.8, 25.4, 7.5],
			"to": [12.8, 26.4, 8.5],
			"faces": {
				"north": {"uv": [0, 1.125, 16, 3.25], "rotation": 180, "texture": "#0"},
				"east": {"uv": [0, 1.125, 16, 3.25], "rotation": 270, "texture": "#0"},
				"south": {"uv": [0, 1.125, 16, 3.25], "texture": "#0"},
				"west": {"uv": [0, 1.125, 16, 3.25], "rotation": 270, "texture": "#0"},
				"up": {"uv": [0, 1.125, 16, 3.25], "rotation": 180, "texture": "#0"},
				"down": {"uv": [0, 1.125, 16, 3.25], "rotation": 180, "texture": "#0"}
			}
		},
		{
			"from": [2.8, 25.4, 7.5],
			"to": [12.8, 26.4, 8.5],
			"rotation": {"angle": -45, "axis": "y", "origin": [8, 23, 8]},
			"faces": {
				"north": {"uv": [0, 1.125, 16, 3.25], "rotation": 180, "texture": "#0"},
				"east": {"uv": [0, 1.125, 16, 3.25], "rotation": 270, "texture": "#0"},
				"south": {"uv": [0, 1.125, 16, 3.25], "texture": "#0"},
				"west": {"uv": [0, 1.125, 16, 3.25], "rotation": 270, "texture": "#0"},
				"up": {"uv": [0, 1.125, 16, 3.25], "rotation": 180, "texture": "#0"},
				"down": {"uv": [0, 1.125, 16, 3.25], "rotation": 180, "texture": "#0"}
			}
		},
		{
			"from": [2.8, 25.4, 7.5],
			"to": [12.8, 26.4, 8.5],
			"rotation": {"angle": 45, "axis": "y", "origin": [8, 23, 8]},
			"faces": {
				"north": {"uv": [0, 1.125, 16, 3.25], "rotation": 180, "texture": "#0"},
				"east": {"uv": [0, 1.125, 16, 3.25], "rotation": 270, "texture": "#0"},
				"south": {"uv": [0, 1.125, 16, 3.25], "texture": "#0"},
				"west": {"uv": [0, 1.125, 16, 3.25], "rotation": 270, "texture": "#0"},
				"up": {"uv": [0, 1.125, 16, 3.25], "rotation": 180, "texture": "#0"},
				"down": {"uv": [0, 1.125, 16, 3.25], "rotation": 180, "texture": "#0"}
			}
		}
	]
}