{
    "__comment": "Model generated using MrCrayfish's Model Creator (http://mrcrayfish.com/modelcreator/)",
    "textures": {
        "0": "block/oak_planks"
    },
    "elements": [
        {
            "name": "Cube",
            "from": [ 0.0, 0.0, 0.0 ], 
            "to": [ 16.0, 16.0, 16.0 ], 
            "faces": {
                "north": { "texture": "#0", "uv": [ 0.0, 0.0, 16.0, 16.0 ] },
                "east": { "texture": "#0", "uv": [ 0.0, 0.0, 16.0, 16.0 ] },
                "south": { "texture": "#0", "uv": [ 0.0, 0.0, 16.0, 16.0 ] },
                "west": { "texture": "#0", "uv": [ 0.0, 0.0, 16.0, 16.0 ] },
                "up": { "texture": "#0", "uv": [ 0.0, 0.0, 16.0, 16.0 ] },
                "down": { "texture": "#0", "uv": [ 0.0, 0.0, 16.0, 16.0 ] }
            }
        },
        {
            "name": "Cube",
            "from": [ 2.0, 5.0, -1.0 ], 
            "to": [ 3.0, 21.0, 17.0 ], 
            "rotation": { "origin": [ 8.0, 16.0, 8.0 ], "axis": "z", "angle": -45.0 },
            "faces": {
                "north": { "texture": "#0", "uv": [ 0.0, 0.0, 1.0, 16.0 ] },
                "east": { "texture": "#0", "uv": [ 0.0, 0.0, 16.0, 16.0 ] },
                "south": { "texture": "#0", "uv": [ 0.0, 0.0, 1.0, 16.0 ] },
                "west": { "texture": "#0", "uv": [ 0.0, 0.0, 16.0, 16.0 ] },
                "up": { "texture": "#0", "uv": [ 0.0, 0.0, 1.0, 18.0 ] },
                "down": { "texture": "#0", "uv": [ 0.0, 0.0, 1.0, 18.0 ] }
            }
        },
        {
            "name": "Cube",
            "from": [ 13.0, 5.0, -1.0 ], 
            "to": [ 14.0, 21.0, 17.0 ], 
            "rotation": { "origin": [ 8.0, 16.0, 8.0 ], "axis": "z", "angle": 45.0 },
            "faces": {
                "north": { "texture": "#0", "uv": [ 0.0, 0.0, 1.0, 16.0 ] },
                "east": { "texture": "#0", "uv": [ 0.0, 0.0, 16.0, 16.0 ] },
                "south": { "texture": "#0", "uv": [ 0.0, 0.0, 1.0, 16.0 ] },
                "west": { "texture": "#0", "uv": [ 0.0, 0.0, 16.0, 16.0 ] },
                "up": { "texture": "#0", "uv": [ 0.0, 0.0, 1.0, 16.0 ] },
                "down": { "texture": "#0", "uv": [ 0.0, 0.0, 1.0, 16.0 ] }
            }
        },
        {
            "name": "Cube",
            "from": [ -3.0, 7.0, 0.1 ], 
            "to": [ 9.0, 19.0, 15.9 ], 
            "rotation": { "origin": [ 8.0, 8.0, 8.0 ], "axis": "z", "angle": -45.0 },
            "faces": {
                "north": { "texture": "#0", "uv": [ 0.0, 0.0, 12.0, 12.0 ] },
                "east": { "texture": "#0", "uv": [ 0.0, 0.0, 15.8, 12.0 ] },
                "south": { "texture": "#0", "uv": [ 0.0, 0.0, 12.0, 12.0 ] },
                "west": { "texture": "#0", "uv": [ 0.0, 0.0, 15.8, 12.0 ] },
                "up": { "texture": "#0", "uv": [ 0.0, 0.0, 12.0, 15.8 ] },
                "down": { "texture": "#0", "uv": [ 0.0, 0.0, 12.0, 15.8 ] }
            }
        }
    ]
}