{
    "__comment": "Model generated using MrCrayfish's Model Creator (http://mrcrayfish.com/modelcreator/)",
    "textures": {
        "0": "block/black_wool",
        "1": "block/10thDOCTOR",
        "2": "block/red_wool",
        "3": "block/blue_glass"
    },
    "elements": [
        {
            "name": "Cube",
            "from": [ 3.0, 0.0, 3.0 ], 
            "to": [ 13.0, 1.0, 13.0 ], 
            "faces": {
                "north": { "texture": "#0", "uv": [ 0.0, 0.0, 10.0, 1.0 ] },
                "east": { "texture": "#0", "uv": [ 0.0, 0.0, 10.0, 1.0 ] },
                "south": { "texture": "#0", "uv": [ 0.0, 0.0, 10.0, 1.0 ] },
                "west": { "texture": "#0", "uv": [ 0.0, 0.0, 10.0, 1.0 ] },
                "up": { "texture": "#0", "uv": [ 0.0, 0.0, 10.0, 10.0 ] },
                "down": { "texture": "#0", "uv": [ 0.0, 0.0, 10.0, 10.0 ] }
            }
        },
        {
            "name": "Cube",
            "from": [ 3.0, 12.0, 3.0 ], 
            "to": [ 13.0, 13.0, 13.0 ], 
            "faces": {
                "north": { "texture": "#0", "uv": [ 0.0, 0.0, 10.0, 1.0 ] },
                "east": { "texture": "#0", "uv": [ 0.0, 0.0, 10.0, 1.0 ] },
                "south": { "texture": "#0", "uv": [ 0.0, 0.0, 10.0, 1.0 ] },
                "west": { "texture": "#0", "uv": [ 0.0, 0.0, 10.0, 1.0 ] },
                "up": { "texture": "#0", "uv": [ 0.0, 0.0, 10.0, 10.0 ] },
                "down": { "texture": "#0", "uv": [ 0.0, 0.0, 10.0, 10.0 ] }
            }
        },
        {
            "name": "Cube",
            "from": [ 3.0, 1.0, 3.0 ], 
            "to": [ 5.0, 12.0, 5.0 ], 
            "faces": {
                "north": { "texture": "#0", "uv": [ 0.0, 0.0, 2.0, 11.0 ] },
                "east": { "texture": "#0", "uv": [ 0.0, 0.0, 2.0, 11.0 ] },
                "south": { "texture": "#0", "uv": [ 0.0, 0.0, 2.0, 11.0 ] },
                "west": { "texture": "#0", "uv": [ 0.0, 0.0, 2.0, 11.0 ] },
                "up": { "texture": "#0", "uv": [ 0.0, 0.0, 2.0, 2.0 ] },
                "down": { "texture": "#0", "uv": [ 0.0, 0.0, 2.0, 2.0 ] }
            }
        },
        {
            "name": "Cube",
            "from": [ 3.0, 1.0, 11.0 ], 
            "to": [ 5.0, 12.0, 13.0 ], 
            "faces": {
                "north": { "texture": "#0", "uv": [ 0.0, 0.0, 2.0, 11.0 ] },
                "east": { "texture": "#0", "uv": [ 0.0, 0.0, 2.0, 11.0 ] },
                "south": { "texture": "#0", "uv": [ 0.0, 0.0, 2.0, 11.0 ] },
                "west": { "texture": "#0", "uv": [ 0.0, 0.0, 2.0, 11.0 ] },
                "up": { "texture": "#0", "uv": [ 0.0, 0.0, 2.0, 2.0 ] },
                "down": { "texture": "#0", "uv": [ 0.0, 0.0, 2.0, 2.0 ] }
            }
        },
        {
            "name": "Cube",
            "from": [ 11.0, 1.0, 11.0 ], 
            "to": [ 13.0, 12.0, 13.0 ], 
            "faces": {
                "north": { "texture": "#0", "uv": [ 0.0, 0.0, 2.0, 11.0 ] },
                "east": { "texture": "#0", "uv": [ 0.0, 0.0, 2.0, 11.0 ] },
                "south": { "texture": "#0", "uv": [ 0.0, 0.0, 2.0, 11.0 ] },
                "west": { "texture": "#0", "uv": [ 0.0, 0.0, 2.0, 11.0 ] },
                "up": { "texture": "#0", "uv": [ 0.0, 0.0, 2.0, 2.0 ] },
                "down": { "texture": "#0", "uv": [ 0.0, 0.0, 2.0, 2.0 ] }
            }
        },
        {
            "name": "Cube",
            "from": [ 5.0, 1.0, 3.0 ], 
            "to": [ 13.0, 12.0, 5.0 ], 
            "faces": {
                "north": { "texture": "#0", "uv": [ 0.0, 0.0, 8.0, 11.0 ] },
                "east": { "texture": "#0", "uv": [ 0.0, 0.0, 2.0, 11.0 ] },
                "south": { "texture": "#0", "uv": [ 0.0, 0.0, 8.0, 11.0 ] },
                "west": { "texture": "#0", "uv": [ 0.0, 0.0, 2.0, 11.0 ] },
                "up": { "texture": "#0", "uv": [ 0.0, 0.0, 8.0, 2.0 ] },
                "down": { "texture": "#0", "uv": [ 0.0, 0.0, 8.0, 2.0 ] }
            }
        },
        {
            "name": "Cube",
            "from": [ 6.0, 5.0, 6.0 ], 
            "to": [ 10.0, 7.0, 10.0 ], 
            "faces": {
                "north": { "texture": "#1", "uv": [ 10.0, 15.0, 11.0, 16.0 ] },
                "east": { "texture": "#1", "uv": [ 10.0, 15.0, 11.0, 16.0 ] },
                "south": { "texture": "#1", "uv": [ 10.0, 15.0, 11.0, 16.0 ], "rotation": 180 },
                "west": { "texture": "#1", "uv": [ 10.0, 15.0, 11.0, 16.0 ], "rotation": 180 },
                "up": { "texture": "#1", "uv": [ 12.0, 8.0, 13.0, 10.0 ] },
                "down": { "texture": "#1", "uv": [ 12.0, 8.0, 13.0, 10.0 ] }
            }
        },
        {
            "name": "Cube",
            "from": [ 6.5, 7.0, 6.5 ], 
            "to": [ 9.5, 9.1, 9.5 ], 
            "faces": {
                "north": { "texture": "#1", "uv": [ 10.0, 15.0, 11.0, 16.0 ] },
                "east": { "texture": "#1", "uv": [ 10.0, 15.0, 11.0, 16.0 ] },
                "south": { "texture": "#1", "uv": [ 10.0, 15.0, 11.0, 16.0 ] },
                "west": { "texture": "#1", "uv": [ 10.0, 15.0, 11.0, 16.0 ] },
                "up": { "texture": "#2", "uv": [ 12.0, 8.0, 13.0, 10.0 ] },
                "down": { "texture": "#1", "uv": [ 12.0, 8.0, 13.0, 10.0 ] }
            }
        },
        {
            "name": "glass",
            "from": [ 4.0, 1.0, 4.0 ], 
            "to": [ 12.0, 12.0, 12.0 ], 
            "faces": {
                "north": { "texture": "#3", "uv": [ 1.0, 0.0, 15.0, 16.0 ] },
                "east": { "texture": "#3", "uv": [ 1.0, 0.0, 15.0, 16.0 ] },
                "south": { "texture": "#3", "uv": [ 1.0, 0.0, 15.0, 16.0 ] },
                "west": { "texture": "#3", "uv": [ 1.0, 0.0, 15.0, 16.0 ] },
                "up": { "texture": "#3", "uv": [ 0.0, 0.0, 16.0, 16.0 ] },
                "down": { "texture": "#3", "uv": [ 1.0, 0.0, 15.0, 16.0 ] }
            }
        },
        {
            "name": "Cube",
            "from": [ 2.0, 0.0, 5.0 ], 
            "to": [ 14.0, 1.0, 11.0 ], 
            "faces": {
                "north": { "texture": "#0", "uv": [ 0.0, 0.0, 12.0, 1.0 ] },
                "east": { "texture": "#0", "uv": [ 0.0, 0.0, 6.0, 1.0 ] },
                "south": { "texture": "#0", "uv": [ 0.0, 0.0, 12.0, 1.0 ] },
                "west": { "texture": "#0", "uv": [ 0.0, 0.0, 6.0, 1.0 ] },
                "up": { "texture": "#0", "uv": [ 0.0, 0.0, 12.0, 6.0 ] },
                "down": { "texture": "#0", "uv": [ 0.0, 0.0, 12.0, 6.0 ] }
            }
        },
        {
            "name": "Cube",
            "from": [ 2.0, 12.0, 5.0 ], 
            "to": [ 14.0, 13.0, 11.0 ], 
            "faces": {
                "north": { "texture": "#0", "uv": [ 0.0, 0.0, 12.0, 1.0 ] },
                "east": { "texture": "#0", "uv": [ 0.0, 0.0, 6.0, 1.0 ] },
                "south": { "texture": "#0", "uv": [ 0.0, 0.0, 12.0, 1.0 ] },
                "west": { "texture": "#0", "uv": [ 0.0, 0.0, 6.0, 1.0 ] },
                "up": { "texture": "#0", "uv": [ 0.0, 0.0, 12.0, 6.0 ] },
                "down": { "texture": "#0", "uv": [ 0.0, 0.0, 12.0, 6.0 ] }
            }
        },
        {
            "name": "Cube",
            "from": [ 5.0, 13.0, 7.0 ], 
            "to": [ 6.0, 15.0, 8.0 ], 
            "faces": {
                "north": { "texture": "#0", "uv": [ 0.0, 0.0, 1.0, 2.0 ] },
                "east": { "texture": "#0", "uv": [ 0.0, 0.0, 1.0, 2.0 ] },
                "south": { "texture": "#0", "uv": [ 0.0, 0.0, 1.0, 2.0 ] },
                "west": { "texture": "#0", "uv": [ 0.0, 0.0, 1.0, 2.0 ] },
                "up": { "texture": "#0", "uv": [ 0.0, 0.0, 1.0, 1.0 ] },
                "down": { "texture": "#0", "uv": [ 0.0, 0.0, 1.0, 1.0 ] }
            }
        },
        {
            "name": "Cube",
            "from": [ 6.0, 15.0, 7.0 ], 
            "to": [ 10.0, 16.0, 8.0 ], 
            "faces": {
                "north": { "texture": "#0", "uv": [ 0.0, 0.0, 4.0, 1.0 ] },
                "east": { "texture": "#0", "uv": [ 0.0, 0.0, 1.0, 1.0 ] },
                "south": { "texture": "#0", "uv": [ 0.0, 0.0, 4.0, 1.0 ] },
                "west": { "texture": "#0", "uv": [ 0.0, 0.0, 1.0, 1.0 ] },
                "up": { "texture": "#0", "uv": [ 0.0, 0.0, 4.0, 1.0 ] },
                "down": { "texture": "#0", "uv": [ 0.0, 0.0, 4.0, 1.0 ] }
            }
        },
        {
            "name": "Cube",
            "from": [ 10.0, 13.0, 7.0 ], 
            "to": [ 11.0, 15.0, 8.0 ], 
            "faces": {
                "north": { "texture": "#0", "uv": [ 0.0, 0.0, 1.0, 2.0 ] },
                "east": { "texture": "#0", "uv": [ 0.0, 0.0, 1.0, 2.0 ] },
                "south": { "texture": "#0", "uv": [ 0.0, 0.0, 1.0, 2.0 ] },
                "west": { "texture": "#0", "uv": [ 0.0, 0.0, 1.0, 2.0 ] },
                "up": { "texture": "#0", "uv": [ 0.0, 0.0, 1.0, 1.0 ] },
                "down": { "texture": "#0", "uv": [ 0.0, 0.0, 1.0, 1.0 ] }
            }
        }
],
"display": {
    "gui": {
        "rotation": [ 45, 45, 0 ],
        "translation": [ 0, 0, 0 ],
        "scale": [ 1, 1, 1 ]
    }
}
}