{
	"credit": "Made with Blockbench",
	"ambientocclusion": false,
	"textures": {
		"bars": "block/iron_ore",
		"edge": "block/iron_ore",
		"particle": "block/iron_ore"
	},
	"elements": [
		{
			"from": [7.5, 1, 15.5],
			"to": [8.5, 15, 16],
			"faces": {
				"north": {"uv": [14, 0, 12.625, 13], "texture": "#bars"},
				"east": {"uv": [14, 0, 12.625, 13], "texture": "#bars"},
				"south": {"uv": [14, 0, 12.625, 13], "texture": "#bars"},
				"west": {"uv": [14, 0, 12.625, 13], "texture": "#bars"},
				"up": {"uv": [14, 0, 12.625, 13], "texture": "#bars"},
				"down": {"uv": [14, 0, 12.625, 13], "texture": "#bars"}
			}
		},
		{
			"from": [7.5, 1, 8],
			"to": [8.5, 15, 8.5],
			"faces": {
				"north": {"uv": [13.375, 0, 12, 16], "texture": "#bars"},
				"east": {"uv": [13.375, 0, 12, 16], "texture": "#bars"},
				"south": {"uv": [13.375, 0, 12, 16], "texture": "#bars"},
				"west": {"uv": [13.375, 0, 12, 16], "texture": "#bars"},
				"up": {"uv": [13.375, 0, 12, 16], "texture": "#bars"},
				"down": {"uv": [13.375, 0, 12, 16], "texture": "#bars"}
			}
		},
		{
			"from": [7, -0.001, 8],
			"to": [9, 0.999, 16],
			"faces": {
				"north": {"uv": [8.25, 0, 8.45, 5.25], "texture": "#edge"},
				"east": {"uv": [8.25, 0, 8.45, 5.25], "texture": "#edge"},
				"south": {"uv": [8.25, 0, 8.45, 5.25], "texture": "#edge"},
				"west": {"uv": [8.25, 0, 8.45, 5.25], "texture": "#edge"},
				"up": {"uv": [8.25, 0, 8.45, 5.25], "texture": "#edge"},
				"down": {"uv": [8.25, 0, 8.45, 5.25], "texture": "#edge"}
			}
		},
		{
			"from": [7, 14.999, 8],
			"to": [9, 15.999, 16],
			"faces": {
				"north": {"uv": [8.25, 0, 8.45, 5.25], "texture": "#edge"},
				"east": {"uv": [8.25, 0, 8.45, 5.25], "texture": "#edge"},
				"south": {"uv": [8.25, 0, 8.45, 5.25], "texture": "#edge"},
				"west": {"uv": [8.25, 0, 8.45, 5.25], "texture": "#edge"},
				"up": {"uv": [8.25, 0, 8.45, 5.25], "texture": "#edge"},
				"down": {"uv": [8.25, 0, 8.45, 5.25], "texture": "#edge"}
			}
		}
	]
}