{
	"credit": "Made with Blockbench",
	"ambientocclusion": false,
	"textures": {
		"edge": "block/iron_ore",
		"particle": "block/iron_ore"
	},
	"elements": [
		{
			"from": [7, -0.001, 7],
			"to": [9, 0.999, 9],
			"faces": {
				"north": {"uv": [6.375, 5.125, 6.75, 5.5], "texture": "#edge"},
				"east": {"uv": [6.375, 5.125, 6.75, 5.5], "texture": "#edge"},
				"south": {"uv": [6.375, 5.125, 6.75, 5.5], "texture": "#edge"},
				"west": {"uv": [6.375, 5.125, 6.75, 5.5], "texture": "#edge"},
				"up": {"uv": [6.375, 5.125, 6.75, 5.5], "texture": "#edge"},
				"down": {"uv": [6.375, 5.125, 6.75, 5.5], "texture": "#edge"}
			}
		},
		{
			"from": [7, 14.999, 7],
			"to": [9, 15.999, 9],
			"faces": {
				"north": {"uv": [6.375, 5.125, 6.75, 5.5], "texture": "#edge"},
				"east": {"uv": [6.375, 5.125, 6.75, 5.5], "texture": "#edge"},
				"south": {"uv": [6.375, 5.125, 6.75, 5.5], "texture": "#edge"},
				"west": {"uv": [6.375, 5.125, 6.75, 5.5], "texture": "#edge"},
				"up": {"uv": [6.375, 5.125, 6.75, 5.5], "texture": "#edge"},
				"down": {"uv": [6.375, 5.125, 6.75, 5.5], "texture": "#edge"}
			}
		}
	]
}