{
	"credit": "Made with Blockbench",
	"ambientocclusion": false,
	"textures": {
		"bars": "block/iron_ore"
	},
	"elements": [
		{
			"from": [7.5, 0, 7.5],
			"to": [8.5, 16, 8.5],
			"faces": {
				"north": {"uv": [8.25, 0, 8.45, 16], "texture": "#bars"},
				"east": {"uv": [8.25, 0, 8.45, 16], "texture": "#bars"},
				"south": {"uv": [8.25, 0, 8.45, 16], "texture": "#bars"},
				"west": {"uv": [8.25, 0, 8.45, 16], "texture": "#bars"},
				"up": {"uv": [8.25, 0, 8.45, 16], "texture": "#bars"},
				"down": {"uv": [8.25, 0, 8.45, 16], "texture": "#bars"}
			}
		}
	]
}