{
	"credit": "Made with Blockbench",
	"textures": {
		"0": "block/iron_ore"
	},
	"elements": [
		{
			"name": "Cube",
			"from": [0, 0, 7],
			"to": [2, 16, 9],
			"faces": {
				"north": {"uv": [0, 0, 2, 16], "texture": "#0"},
				"east": {"uv": [0, 0, 2, 16], "texture": "#0"},
				"south": {"uv": [0, 0, 1, 16], "texture": "#0"},
				"west": {"uv": [0, 0, 2, 16], "texture": "#0"},
				"up": {"uv": [0, 0, 2, 2], "texture": "#0"},
				"down": {"uv": [0, 0, 2, 2], "texture": "#0"}
			}
		},
		{
			"name": "Cube",
			"from": [14, 0, 7],
			"to": [16, 16, 9],
			"faces": {
				"north": {"uv": [0, 0, 2, 16], "texture": "#0"},
				"east": {"uv": [0, 0, 2, 16], "texture": "#0"},
				"south": {"uv": [0, 0, 2, 16], "texture": "#0"},
				"west": {"uv": [0, 0, 2, 16], "texture": "#0"},
				"up": {"uv": [0, 0, 2, 2], "texture": "#0"},
				"down": {"uv": [0, 0, 2, 2], "texture": "#0"}
			}
		},
		{
			"name": "Cube",
			"from": [2, 14, 7],
			"to": [14, 16, 9],
			"faces": {
				"north": {"uv": [0, 0, 13, 2], "texture": "#0"},
				"east": {"uv": [0, 0, 2, 2], "texture": "#0"},
				"south": {"uv": [0, 0, 13, 2], "texture": "#0"},
				"west": {"uv": [0, 0, 2, 2], "texture": "#0"},
				"up": {"uv": [0, 0, 13, 2], "texture": "#0"},
				"down": {"uv": [0, 0, 13, 2], "texture": "#-1"}
			}
		},
		{
			"name": "Cube",
			"from": [2, 6, 7],
			"to": [14, 8, 9],
			"faces": {
				"north": {"uv": [0, 0, 13, 2], "texture": "#0"},
				"east": {"uv": [0, 0, 13, 2], "texture": "#0"},
				"south": {"uv": [0, 0, 13, 2], "texture": "#0"},
				"west": {"uv": [0, 0, 13, 2], "texture": "#0"},
				"up": {"uv": [0, 0, 13, 2], "texture": "#0"},
				"down": {"uv": [0, 0, 13, 2], "texture": "#0"}
			}
		}
	]
}