{
	"textures": {
		"1": "block/iron_door_top",
		"3": "block/white_tardis_top",
		"4": "block/white_tardis_bottom",
		"5": "block/light_gray_wool",
		"6": "block/black_wool",
		"particle": "block/black_wool"
	},
	"elements": [
		{
			"name": "Cube",
			"from": [2.5, 0, -4],
			"to": [4.5, 16, 20],
			"faces": {
				"north": {"uv": [0, 4, 1, 16], "texture": "#1"},
				"east": {"uv": [0, 3, 16, 16], "texture": "#1"},
				"south": {"uv": [0, 4, 1, 16], "texture": "#1"},
				"west": {"uv": [0, 3, 16, 16], "texture": "#3"},
				"up": {"uv": [0, 4, 1, 16], "texture": "#1"},
				"down": {"uv": [0, 4, 1, 16], "texture": "#1"}
			}
		},
		{
			"name": "Cube",
			"from": [1.5, 1, 10],
			"to": [2.5, 7, 16],
			"faces": {
				"north": {"uv": [0, 4, 1, 16], "texture": "#4"},
				"east": {"uv": [2, 6, 7, 13], "texture": "#4"},
				"south": {"uv": [0, 4, 1, 14], "texture": "#4"},
				"west": {"uv": [2, 0, 7, 6], "texture": "#4"},
				"up": {"uv": [0, 4, 1, 16], "texture": "#4"},
				"down": {"uv": [0, 4, 1, 16], "texture": "#4"}
			}
		},
		{
			"name": "Cube",
			"from": [4.5, 1.5, 10],
			"to": [5, 6.5, 16],
			"faces": {
				"north": {"uv": [0, 4, 1, 16], "texture": "#6"},
				"east": {"uv": [2.8, 10.8, 6.3, 14.8], "texture": "#1"},
				"south": {"uv": [0, 4, 1, 14], "texture": "#6"},
				"west": {"uv": [2.8, 10.8, 6.3, 14.8], "texture": "#1"},
				"up": {"uv": [0, 4, 1, 16], "texture": "#6"},
				"down": {"uv": [0, 4, 1, 9], "texture": "#6"}
			}
		},
		{
			"name": "Cube",
			"from": [4.5, 1, 6],
			"to": [5, 2, 7],
			"faces": {
				"north": {"uv": [0, 4, 1, 16], "texture": "#5"},
				"east": {"uv": [2, 6, 7, 13], "texture": "#5"},
				"south": {"uv": [0, 4, 1, 14], "texture": "#5"},
				"west": {"uv": [2.8, 10.8, 6.3, 14.8], "texture": "#5"},
				"up": {"uv": [0, 4, 1, 16], "texture": "#5"},
				"down": {"uv": [0, 4, 1, 9], "texture": "#5"}
			}
		},
		{
			"name": "Cube",
			"from": [4.5, 5, 6],
			"to": [5, 6, 7],
			"faces": {
				"north": {"uv": [0, 4, 1, 16], "texture": "#5"},
				"east": {"uv": [2, 6, 7, 13], "texture": "#5"},
				"south": {"uv": [0, 4, 1, 14], "texture": "#5"},
				"west": {"uv": [2.8, 10.8, 6.3, 14.8], "texture": "#5"},
				"up": {"uv": [0, 4, 1, 16], "texture": "#5"},
				"down": {"uv": [0, 4, 1, 9], "texture": "#5"}
			}
		},
		{
			"name": "Cube",
			"from": [5, 1, 6],
			"to": [5.5, 6, 7],
			"rotation": {"angle": 0, "axis": "y", "origin": [8.5, 8, 8]},
			"faces": {
				"north": {"uv": [0, 4, 1, 16], "texture": "#5"},
				"east": {"uv": [2, 6, 7, 13], "texture": "#5"},
				"south": {"uv": [0, 4, 1, 14], "texture": "#5"},
				"west": {"uv": [2.8, 10.8, 6.3, 14.8], "texture": "#5"},
				"up": {"uv": [0, 4, 1, 16], "texture": "#5"},
				"down": {"uv": [0, 4, 1, 9], "texture": "#5"}
			}
		}
	]
}