{
	"textures": {
		"1": "block/iron_door_top",
		"3": "block/white_tardis_top",
		"4": "block/white_tardis_bottom",
		"5": "block/light_gray_wool",
		"6": "block/black_wool",
		"particle": "block/black_wool"
	},
	"elements": [
		{
			"name": "Cube",
			"from": [2.5, 0, -4],
			"to": [4.5, 16, 20],
			"faces": {
				"north": {"uv": [1, 4, 0, 16], "texture": "#1"},
				"east": {"uv": [16, 3, 0, 16], "texture": "#1"},
				"south": {"uv": [1, 4, 0, 16], "texture": "#1"},
				"west": {"uv": [16, 3, 0, 16], "texture": "#3"},
				"up": {"uv": [0, 16, 1, 4], "texture": "#1"},
				"down": {"uv": [0, 16, 1, 4], "texture": "#1"}
			}
		},
		{
			"name": "Cube",
			"from": [1.5, 1, 0],
			"to": [2.5, 7, 6],
			"faces": {
				"north": {"uv": [1, 4, 0, 14], "texture": "#4"},
				"east": {"uv": [7, 6, 2, 13], "texture": "#4"},
				"south": {"uv": [1, 4, 0, 16], "texture": "#4"},
				"west": {"uv": [7, 0, 2, 6], "texture": "#4"},
				"up": {"uv": [0, 16, 1, 4], "texture": "#4"},
				"down": {"uv": [0, 16, 1, 4], "texture": "#4"}
			}
		},
		{
			"name": "Cube",
			"from": [4.5, 1.5, 0],
			"to": [5, 6.5, 6],
			"faces": {
				"north": {"uv": [1, 4, 0, 14], "texture": "#6"},
				"east": {"uv": [6.3, 10.8, 2.8, 14.8], "texture": "#1"},
				"south": {"uv": [1, 4, 0, 16], "texture": "#6"},
				"west": {"uv": [6.3, 10.8, 2.8, 14.8], "texture": "#1"},
				"up": {"uv": [0, 16, 1, 4], "texture": "#6"},
				"down": {"uv": [0, 9, 1, 4], "texture": "#6"}
			}
		},
		{
			"name": "Cube",
			"from": [4.5, 1, 9],
			"to": [5, 2, 10],
			"faces": {
				"north": {"uv": [1, 4, 0, 14], "texture": "#5"},
				"east": {"uv": [7, 6, 2, 13], "texture": "#5"},
				"south": {"uv": [1, 4, 0, 16], "texture": "#5"},
				"west": {"uv": [6.3, 10.8, 2.8, 14.8], "texture": "#5"},
				"up": {"uv": [0, 16, 1, 4], "texture": "#5"},
				"down": {"uv": [0, 9, 1, 4], "texture": "#5"}
			}
		},
		{
			"name": "Cube",
			"from": [4.5, 5, 9],
			"to": [5, 6, 10],
			"faces": {
				"north": {"uv": [1, 4, 0, 14], "texture": "#5"},
				"east": {"uv": [7, 6, 2, 13], "texture": "#5"},
				"south": {"uv": [1, 4, 0, 16], "texture": "#5"},
				"west": {"uv": [6.3, 10.8, 2.8, 14.8], "texture": "#5"},
				"up": {"uv": [0, 16, 1, 4], "texture": "#5"},
				"down": {"uv": [0, 9, 1, 4], "texture": "#5"}
			}
		},
		{
			"name": "Cube",
			"from": [5, 1, 9],
			"to": [5.5, 6, 10],
			"rotation": {"angle": 0, "axis": "y", "origin": [8.5, 8, 8]},
			"faces": {
				"north": {"uv": [1, 4, 0, 14], "texture": "#5"},
				"east": {"uv": [7, 6, 2, 13], "texture": "#5"},
				"south": {"uv": [1, 4, 0, 16], "texture": "#5"},
				"west": {"uv": [6.3, 10.8, 2.8, 14.8], "texture": "#5"},
				"up": {"uv": [0, 16, 1, 4], "texture": "#5"},
				"down": {"uv": [0, 9, 1, 4], "texture": "#5"}
			}
		}
	]
}