{
	"textures": {
		"0": "block/diamond_block",
		"1": "block/lapis_block",
		"2": "block/white_tardis_bottom"
	},
	"elements": [
		{
			"name": "Cube",
			"from": [2.5, 0, -4],
			"to": [4.5, 16, 20],
			"faces": {
				"north": {"uv": [1, 4, 0, 16], "texture": "#0"},
				"east": {"uv": [16, 0, 0, 16], "texture": "#1"},
				"south": {"uv": [1, 4, 0, 16], "texture": "#0"},
				"west": {"uv": [16, 0, 0, 16], "texture": "#2"},
				"up": {"uv": [0, 16, 1, 4], "texture": "#0"},
				"down": {"uv": [0, 16, 1, 4], "texture": "#0"}
			}
		}
	]
}