{
	"credit": "Made with Blockbench",
	"parent": "block/cube_all",
	"textures": {
		"0": "block/top",
		"1": "block/gray_wool",
		"2": "block/davrosbody",
		"3": "block/davroshead",
		"4": "block/davrosarm",
		"5": "block/repeater",
		"6": "block/acacia_trapdoor"
	},
	"elements": [
		{
			"name": "base",
			"from": [0, 0, 0],
			"to": [16, 1, 16],
			"faces": {
				"north": {"uv": [0, 0, 16, 1], "texture": "#0"},
				"east": {"uv": [0, 0, 10, 4], "texture": "#0"},
				"south": {"uv": [0, 0, 6, 9], "texture": "#0"},
				"west": {"uv": [0, 0, 16, 12], "texture": "#0"},
				"up": {"uv": [0, 0, 16, 16], "texture": "#0"},
				"down": {"uv": [0, 0, 16, 16], "texture": "#0"}
			}
		},
		{
			"name": "chair1",
			"from": [1, 1, 1],
			"to": [15, 2, 2],
			"faces": {
				"north": {"uv": [0, 0, 2, 6], "texture": "#1"},
				"east": {"uv": [0, 0, 1, 1], "texture": "#1"},
				"south": {"uv": [0, 0, 14, 1], "texture": "#1"},
				"west": {"uv": [0, 0, -20, -3], "texture": "#1"},
				"up": {"uv": [0, 6, 11, 7], "texture": "#1"},
				"down": {"uv": [0, 10, 14, 11], "texture": "#1"}
			}
		},
		{
			"name": "Chair2",
			"from": [2, 1, 14],
			"to": [14, 2, 15],
			"faces": {
				"north": {"uv": [0, 0, 12, 1], "texture": "#1"},
				"east": {"uv": [0, 0, 1, 1], "texture": "#1"},
				"south": {"uv": [0, 0, 12, 1], "texture": "#1"},
				"west": {"uv": [0, 0, 1, 1], "texture": "#1"},
				"up": {"uv": [0, 0, 12, 1], "texture": "#1"},
				"down": {"uv": [0, 0, 12, 1], "texture": "#1"}
			}
		},
		{
			"name": "chair3",
			"from": [1, 1, 2],
			"to": [2, 2, 14],
			"faces": {
				"north": {"uv": [0, 0, 1, 1], "texture": "#1"},
				"east": {"uv": [0, 0, 12, 1], "texture": "#1"},
				"south": {"uv": [0, 0, 1, 1], "texture": "#1"},
				"west": {"uv": [0, 0, 12, 1], "texture": "#1"},
				"up": {"uv": [0, 0, 1, 12], "texture": "#1"},
				"down": {"uv": [0, 0, 1, 12], "texture": "#1"}
			}
		},
		{
			"name": "chair4",
			"from": [14, 1, 2],
			"to": [15, 2, 14],
			"faces": {
				"north": {"uv": [0, 0, 1, 1], "texture": "#1"},
				"east": {"uv": [0, 0, 12, 1], "texture": "#1"},
				"south": {"uv": [0, 0, 1, 1], "texture": "#1"},
				"west": {"uv": [0, 0, 12, 1], "texture": "#1"},
				"up": {"uv": [0, 0, 1, 12], "texture": "#1"},
				"down": {"uv": [0, 0, 1, 12], "texture": "#1"}
			}
		},
		{
			"name": "body",
			"from": [4, 1, 3],
			"to": [12, 10, 7],
			"faces": {
				"north": {"uv": [9, 3, 12, 8], "texture": "#2"},
				"east": {"uv": [6, 3, 8, 8], "texture": "#2"},
				"south": {"uv": [6, 2, 2, 8], "texture": "#2"},
				"west": {"uv": [0, 8, 2, 3], "texture": "#2"},
				"up": {"uv": [2, 0, 6, 2], "texture": "#2"},
				"down": {"uv": [4, 5, 2, 3], "texture": "#2"}
			}
		},
		{
			"name": "head",
			"from": [4, 10, 1],
			"to": [12, 18, 9],
			"faces": {
				"north": {"uv": [12, 4, 16, 8], "texture": "#3"},
				"east": {"uv": [8, 4, 12, 8], "texture": "#3"},
				"south": {"uv": [4, 4, 8, 8], "texture": "#3"},
				"west": {"uv": [12, 4, 8, 8], "texture": "#3"},
				"up": {"uv": [4, 0, 8, 4], "texture": "#3"},
				"down": {"uv": [8, 0, 12, 4], "texture": "#3"}
			}
		},
		{
			"name": "arm right",
			"from": [0, 5, 3],
			"to": [4, 9, 15],
			"rotation": {"angle": 22.5, "axis": "x", "origin": [8, 8, 8]},
			"faces": {
				"north": {"uv": [6, 1, 10, 5], "rotation": 180, "texture": "#4"},
				"east": {"uv": [10, 4, 6, 16], "rotation": 90, "texture": "#4"},
				"south": {"uv": [5, 0, 9, 4], "texture": "#4"},
				"west": {"uv": [6, 4, 10, 16], "rotation": 270, "texture": "#4"},
				"up": {"uv": [6, 4, 10, 16], "texture": "#4"},
				"down": {"uv": [6, 4, 10, 16], "rotation": 180, "texture": "#4"}
			}
		},
		{
			"name": "arm left",
			"from": [12, 5, 3],
			"to": [16, 9, 15],
			"rotation": {"angle": 22.5, "axis": "x", "origin": [8, 8, 8]},
			"faces": {
				"north": {"uv": [6, 0, 10, 3], "texture": "#4"},
				"east": {"uv": [10, 4, 6, 16], "rotation": 90, "texture": "#4"},
				"south": {"uv": [5, 0, 9, 4], "rotation": 180, "texture": "#4"},
				"west": {"uv": [6, 5, 9, 16], "rotation": 90, "texture": "#4"},
				"up": {"uv": [6, 4, 10, 16], "texture": "#4"},
				"down": {"uv": [6, 4, 10, 16], "rotation": 180, "texture": "#4"}
			}
		},
		{
			"name": "comp",
			"from": [3, 1, 8],
			"to": [13, 2, 13],
			"faces": {
				"north": {"uv": [1, 14, 15, 15], "texture": "#5"},
				"east": {"uv": [1, 14, 14, 15], "texture": "#5"},
				"south": {"uv": [2, 14, 12, 15], "texture": "#5"},
				"west": {"uv": [1, 15, 15, 14], "texture": "#5"},
				"up": {"uv": [2, 14, 10, 11], "texture": "#5"},
				"down": {"uv": [2, 14, 15, 15], "texture": "#5"}
			}
		},
		{
			"name": "chair arm 1",
			"from": [7, 2, 1],
			"to": [9, 10, 2],
			"faces": {
				"north": {"uv": [0, 0, 2, 8], "texture": "#0"},
				"east": {"uv": [0, 0, 1, 8], "texture": "#0"},
				"south": {"uv": [0, 0, 2, 8], "texture": "#0"},
				"west": {"uv": [0, 0, 1, 8], "texture": "#0"},
				"up": {"uv": [0, 0, 2, 1], "texture": "#0"},
				"down": {"uv": [0, 0, 2, 1], "texture": "#0"}
			}
		},
		{
			"name": "chair arm 2",
			"from": [10, 2, 1],
			"to": [11, 10, 2],
			"faces": {
				"north": {"uv": [0, 0, 1, 8], "texture": "#0"},
				"east": {"uv": [0, 0, 1, 8], "texture": "#0"},
				"south": {"uv": [0, 0, 1, 8], "texture": "#0"},
				"west": {"uv": [0, 0, 1, 8], "texture": "#0"},
				"up": {"uv": [0, 0, 1, 1], "texture": "#0"},
				"down": {"uv": [0, 0, 1, 1], "texture": "#0"}
			}
		},
		{
			"name": "chair arm 3",
			"from": [5, 2, 1],
			"to": [6, 10, 2],
			"faces": {
				"north": {"uv": [0, 0, 1, 8], "texture": "#0"},
				"east": {"uv": [0, 0, 1, 8], "texture": "#0"},
				"south": {"uv": [0, 0, 1, 8], "texture": "#0"},
				"west": {"uv": [0, 0, 1, 8], "texture": "#0"},
				"up": {"uv": [0, 0, 1, 1], "texture": "#0"},
				"down": {"uv": [0, 0, 1, 1], "texture": "#0"}
			}
		},
		{
			"name": "eye",
			"from": [7, 16, 8.5],
			"to": [9, 17, 9.5],
			"faces": {
				"north": {"uv": [2.875, 7.875, 3.875, 8.875], "rotation": 180, "texture": "#6"},
				"east": {"uv": [2.875, 7.875, 3.875, 8.875], "rotation": 180, "texture": "#6"},
				"south": {"uv": [2.875, 7.875, 3.875, 8.875], "rotation": 180, "texture": "#6"},
				"west": {"uv": [2.875, 7.875, 3.875, 8.875], "rotation": 180, "texture": "#6"},
				"up": {"uv": [2.875, 7.875, 3.875, 8.875], "rotation": 180, "texture": "#6"},
				"down": {"uv": [2.875, 7.875, 3.875, 8.875], "rotation": 180, "texture": "#6"}
			}
		},
		{
			"name": "chair5",
			"from": [2, 3, 2],
			"to": [14, 4, 3],
			"faces": {
				"north": {"uv": [0, 0, 2, 6], "texture": "#1"},
				"east": {"uv": [0, 0, 1, 1], "texture": "#1"},
				"south": {"uv": [0, 0, 12, 1], "texture": "#1"},
				"west": {"uv": [0, 0, -20, -3], "texture": "#1"},
				"up": {"uv": [0, 6, 11, 7], "texture": "#1"},
				"down": {"uv": [0, 10, 12, 11], "texture": "#1"}
			}
		},
		{
			"name": "chair 6",
			"from": [3, 5, 2],
			"to": [13, 6, 3],
			"faces": {
				"north": {"uv": [0, 0, 2, 6], "texture": "#1"},
				"east": {"uv": [0, 0, 1, 1], "texture": "#1"},
				"south": {"uv": [0, 0, 10, 1], "texture": "#1"},
				"west": {"uv": [0, 0, -20, -3], "texture": "#1"},
				"up": {"uv": [0, 6, 11, 7], "texture": "#1"},
				"down": {"uv": [0, 10, 10, 11], "texture": "#1"}
			}
		},
		{
			"name": "chair 7",
			"from": [4, 7, 2],
			"to": [12, 8, 3],
			"faces": {
				"north": {"uv": [0, 0, 2, 6], "texture": "#1"},
				"east": {"uv": [0, 0, 1, 1], "texture": "#1"},
				"south": {"uv": [0, 0, 8, 1], "texture": "#1"},
				"west": {"uv": [0, 0, -20, -3], "texture": "#1"},
				"up": {"uv": [0, 6, 11, 7], "texture": "#1"},
				"down": {"uv": [0, 10, 8, 11], "texture": "#1"}
			}
		},
		{
			"name": "headrest2",
			"from": [5, 15, 0],
			"to": [11, 16, 1],
			"faces": {
				"north": {"uv": [0, 0, 2, 6], "texture": "#1"},
				"east": {"uv": [0, 0, 1, 1], "texture": "#1"},
				"south": {"uv": [0, 0, 6, 1], "texture": "#1"},
				"west": {"uv": [0, 0, -20, -3], "texture": "#1"},
				"up": {"uv": [0, 6, 11, 7], "texture": "#1"},
				"down": {"uv": [0, 10, 6, 11], "texture": "#1"}
			}
		},
		{
			"name": "headrest3",
			"from": [7, 9, 0],
			"to": [9, 11, 1],
			"faces": {
				"north": {"uv": [0, 0, 2, 6], "texture": "#1"},
				"east": {"uv": [0, 0, 1, 2], "texture": "#1"},
				"south": {"uv": [0, 0, 2, 2], "texture": "#1"},
				"west": {"uv": [0, 0, -20, -3], "texture": "#1"},
				"up": {"uv": [0, 6, 11, 7], "texture": "#1"},
				"down": {"uv": [0, 10, 2, 11], "texture": "#1"}
			}
		},
		{
			"name": "headrest",
			"from": [5, 13, 0],
			"to": [11, 14, 1],
			"faces": {
				"north": {"uv": [0, 0, 2, 6], "texture": "#1"},
				"east": {"uv": [0, 0, 1, 1], "texture": "#1"},
				"south": {"uv": [0, 0, 6, 1], "texture": "#1"},
				"west": {"uv": [0, 0, -20, -3], "texture": "#1"},
				"up": {"uv": [0, 6, 11, 7], "texture": "#1"},
				"down": {"uv": [0, 10, 6, 11], "texture": "#1"}
			}
		},
		{
			"name": "headrest4",
			"from": [5, 11, 0],
			"to": [11, 12, 1],
			"faces": {
				"north": {"uv": [0, 0, 2, 6], "texture": "#1"},
				"east": {"uv": [0, 0, 1, 1], "texture": "#1"},
				"south": {"uv": [0, 0, 6, 1], "texture": "#1"},
				"west": {"uv": [0, 0, -20, -3], "texture": "#1"},
				"up": {"uv": [0, 6, 11, 7], "texture": "#1"},
				"down": {"uv": [0, 10, 6, 11], "texture": "#1"}
			}
		},
		{
			"name": "readrrest5",
			"from": [5, 12, 0],
			"to": [6, 15, 1],
			"faces": {
				"north": {"uv": [0, 0, 1, 3], "texture": "#1"},
				"east": {"uv": [0, 0, 1, 3], "texture": "#1"},
				"south": {"uv": [0, 0, 1, 3], "texture": "#1"},
				"west": {"uv": [0, 0, 1, 3], "texture": "#1"},
				"up": {"uv": [0, 0, 1, 1], "texture": "#1"},
				"down": {"uv": [0, 0, 1, 1], "texture": "#1"}
			}
		},
		{
			"name": "headrest6",
			"from": [10, 12, 0],
			"to": [11, 15, 1],
			"faces": {
				"north": {"uv": [0, 0, 1, 3], "texture": "#1"},
				"east": {"uv": [0, 0, 1, 3], "texture": "#1"},
				"south": {"uv": [0, 0, 1, 3], "texture": "#1"},
				"west": {"uv": [0, 0, 1, 3], "texture": "#1"},
				"up": {"uv": [0, 0, 1, 1], "texture": "#1"},
				"down": {"uv": [0, 0, 1, 1], "texture": "#1"}
			}
		}
	]
}