{
    "__comment": "Model generated using MrCrayfish's Model Creator (http://mrcrayfish.com/modelcreator/)",
    "textures": {
        "0": "block/red_wool",
        "1": "block/black_wool"
    },
    "elements": [
        {
            "name": "Cube",
            "from": [ 4.0, 14.0, 4.0 ], 
            "to": [ 12.0, 22.0, 12.0 ], 
            "faces": {
                "north": { "texture": "#0", "uv": [ 0.0, 0.0, 16.0, 16.0 ] },
                "east": { "texture": "#0", "uv": [ 0.0, 0.0, 16.0, 16.0 ] },
                "south": { "texture": "#0", "uv": [ 0.0, 0.0, 16.0, 16.0 ] },
                "west": { "texture": "#0", "uv": [ 0.0, 0.0, 16.0, 16.0 ] },
                "up": { "texture": "#0", "uv": [ 0.0, 0.0, 16.0, 16.0 ] },
                "down": { "texture": "#0", "uv": [ 0.0, 0.0, 16.0, 16.0 ] }
            }
        },
        {
            "name": "Cube",
            "from": [ 4.0, 22.0, 8.0 ], 
            "to": [ 8.0, 22.2, 9.0 ], 
            "faces": {
                "north": { "texture": "#1", "uv": [ 0.0, 0.0, 4.0, 0.2 ] },
                "east": { "texture": "#1", "uv": [ 0.0, 0.0, 1.0, 0.2 ] },
                "south": { "texture": "#1", "uv": [ 0.0, 0.0, 4.0, 0.2 ] },
                "west": { "texture": "#1", "uv": [ 0.0, 0.0, 1.0, 0.2 ] },
                "up": { "texture": "#1", "uv": [ 0.0, 0.0, 4.0, 1.0 ] },
                "down": { "texture": "#1", "uv": [ 0.0, 0.0, 4.0, 1.0 ] }
            }
        },
        {
            "name": "Cube",
            "from": [ 3.8, 18.0, 8.0 ], 
            "to": [ 4.0, 22.0, 9.0 ], 
            "faces": {
                "north": { "texture": "#1", "uv": [ 0.0, 0.0, 0.2, 4.0 ] },
                "east": { "texture": "#1", "uv": [ 0.0, 0.0, 1.0, 4.0 ] },
                "south": { "texture": "#1", "uv": [ 0.0, 0.0, 0.2, 4.0 ] },
                "west": { "texture": "#1", "uv": [ 0.0, 0.0, 1.0, 4.0 ] },
                "up": { "texture": "#1", "uv": [ 0.0, 0.0, 0.2, 1.0 ] },
                "down": { "texture": "#1", "uv": [ 0.0, 0.0, 0.2, 1.0 ] }
            }
        },
        {
            "name": "Cube",
            "from": [ 3.8, 17.5, 8.5 ], 
            "to": [ 4.0, 19.5, 9.5 ], 
            "faces": {
                "north": { "texture": "#1", "uv": [ 0.0, 0.0, 0.2, 2.0 ] },
                "east": { "texture": "#1", "uv": [ 0.0, 0.0, 1.0, 2.0 ] },
                "south": { "texture": "#1", "uv": [ 0.0, 0.0, 0.2, 2.0 ] },
                "west": { "texture": "#1", "uv": [ 0.0, 0.0, 1.0, 2.0 ] },
                "up": { "texture": "#1", "uv": [ 0.0, 0.0, 0.2, 1.0 ] },
                "down": { "texture": "#1", "uv": [ 0.0, 0.0, 0.2, 1.0 ] }
            }
        },
        {
            "name": "Cube",
            "from": [ 3.8, 18.0, 7.5 ], 
            "to": [ 4.0, 19.0, 8.5 ], 
            "faces": {
                "north": { "texture": "#1", "uv": [ 0.0, 0.0, 0.2, 1.0 ] },
                "east": { "texture": "#1", "uv": [ 0.0, 0.0, 1.0, 1.0 ] },
                "south": { "texture": "#1", "uv": [ 0.0, 0.0, 0.2, 1.0 ] },
                "west": { "texture": "#1", "uv": [ 0.0, 0.0, 1.0, 1.0 ] },
                "up": { "texture": "#1", "uv": [ 0.0, 0.0, 0.2, 1.0 ] },
                "down": { "texture": "#1", "uv": [ 0.0, 0.0, 0.2, 1.0 ] }
            }
        },
        {
            "name": "Cube",
            "from": [ 4.5, 13.9, 4.5 ], 
            "to": [ 11.5, 14.0, 11.5 ], 
            "faces": {
                "north": { "texture": "#1", "uv": [ 0.0, 0.0, 7.0, 0.1 ] },
                "east": { "texture": "#1", "uv": [ 0.0, 0.0, 7.0, 0.1 ] },
                "south": { "texture": "#1", "uv": [ 0.0, 0.0, 7.0, 0.1 ] },
                "west": { "texture": "#1", "uv": [ 0.0, 0.0, 7.0, 0.1 ] },
                "up": { "texture": "#1", "uv": [ 0.0, 0.0, 7.0, 7.0 ] },
                "down": { "texture": "#1", "uv": [ 0.0, 0.0, 7.0, 7.0 ] }
            }
        }
],
"display": {
    "gui": {
        "rotation": [ 45, 45, 0 ],
        "translation": [ 0, -7, 0 ],
        "scale": [ 1.0, 1.0, 1.0]
    },
    "ground": {
        "rotation": [ 0, 0, 0 ],
        "translation": [ 0, 1, 0 ],
        "scale": [ 0.3, 0.3, 0.3]
    },
    "fixed": {
        "rotation": [ 0, 0, 0 ],
        "translation": [ 0, -16, 0 ],
        "scale": [ 1.5, 1.5, 1.5]
    },
    "firstperson_righthand": {
        "rotation": [ 0, 90, 0 ],
        "translation": [ 0, -5, 0 ],
        "scale": [ 0.5, 0.5, 0.5]
    },
    "firstperson_lefthand": {
        "rotation": [ 0, 90, 0 ],
        "translation": [ 0, -5, 0 ],
        "scale": [ 0.5, 0.5, 0.5]
    },
    "thirdperson_righthand": {
        "rotation": [ 0, 270, 0 ],
        "translation": [ 0, -5, 0 ],
        "scale": [ 0.5, 0.5, 0.5]
    },
    "thirdperson_lefthand": {
        "rotation": [ 0, 270, 0 ],
        "translation": [ 0, -5, 0 ],
        "scale": [ 0.5, 0.5, 0.5]

    }
}
}