{
	"textures": {
		"0": "block/white_tardis_top",
		"1": "block/white_tardis_bottom"
	},
	"elements": [
		{
			"name": "Cube",
			"from": [0, 0, 0],
			"to": [2, 16, 16],
			"faces": {
				"north": {"uv": [0, 4, 1, 16], "texture": "#0"},
				"east": {"uv": [0, 0, 16, 16], "texture": "#1"},
				"south": {"uv": [0, 3, 1, 14], "texture": "#0"},
				"west": {"uv": [16, 0, 0, 16], "texture": "#1"},
				"up": {"uv": [0, 0, 16, 1], "texture": "#0"},
				"down": {"uv": [3, 11, 5, 15], "texture": "#0"}
			}
		}
	]
}