{
    "__comment": "Model generated using MrCrayfish's Model Creator (http://mrcrayfish.com/modelcreator/)",
    "textures": {
        "0": "block/consolecomp",
        "1": "block/black_wool"
    },
    "elements": [
        {
            "name": "Cube",
            "from": [ 7.0, 7.8, 5.5 ], 
            "to": [ 9.0, 9.8, 9.5 ], 
            "rotation": { "origin": [ 8.0, 8.0, 8.0 ], "axis": "x", "angle": -22.5 },
            "faces": {
                "north": { "texture": "#0", "uv": [ 1.0, 10.0, 8.0, 15.0 ] },
                "east": { "texture": "#0", "uv": [ 1.0, 10.0, 8.0, 15.0 ] },
                "south": { "texture": "#0", "uv": [ 1.0, 10.0, 8.0, 15.0 ] },
                "west": { "texture": "#0", "uv": [ 1.0, 10.0, 8.0, 15.0 ] },
                "up": { "texture": "#0", "uv": [ 1.0, 10.0, 8.0, 15.0 ] },
                "down": { "texture": "#0", "uv": [ 1.0, 10.0, 8.0, 15.0 ] }
            }
        },
        {
            "name": "Cube",
            "from": [ 4.0, 4.0, 5.0 ], 
            "to": [ 12.0, 12.0, 5.5 ], 
            "faces": {
                "north": { "texture": "#0", "uv": [ 1.0, 10.0, 8.0, 15.0 ] },
                "east": { "texture": "#0", "uv": [ 1.0, 10.0, 8.5, 15.0 ] },
                "south": { "texture": "#0", "uv": [ 1.0, 10.0, 8.0, 15.0 ] },
                "west": { "texture": "#0", "uv": [ 1.0, 10.0, 8.5, 15.0 ] },
                "up": { "texture": "#0", "uv": [ 1.0, 10.0, 8.0, 14.5 ] },
                "down": { "texture": "#0", "uv": [ 1.0, 10.0, 8.0, 14.5 ] }
            }
        },
        {
            "name": "Cube",
            "from": [ 4.0, 4.0, 4.5 ], 
            "to": [ 12.0, 5.0, 5.0 ], 
            "faces": {
                "north": { "texture": "#0", "uv": [ 1.0, 10.0, 8.0, 15.0 ] },
                "east": { "texture": "#0", "uv": [ 1.0, 10.0, 8.0, 15.0 ] },
                "south": { "texture": "#0", "uv": [ 1.0, 10.0, 8.0, 15.0 ] },
                "west": { "texture": "#0", "uv": [ 1.0, 10.0, 8.0, 15.0 ] },
                "up": { "texture": "#0", "uv": [ 1.0, 10.0, 8.0, 15.0 ] },
                "down": { "texture": "#0", "uv": [ 1.0, 10.0, 8.0, 15.0 ] }
            }
        },
        {
            "name": "Cube",
            "from": [ 4.0, 11.0, 4.5 ], 
            "to": [ 12.0, 12.0, 5.0 ], 
            "faces": {
                "north": { "texture": "#0", "uv": [ 1.0, 10.0, 8.0, 15.0 ] },
                "east": { "texture": "#0", "uv": [ 1.0, 10.0, 8.0, 15.0 ] },
                "south": { "texture": "#0", "uv": [ 1.0, 10.0, 8.0, 15.0 ] },
                "west": { "texture": "#0", "uv": [ 1.0, 10.0, 8.0, 15.0 ] },
                "up": { "texture": "#0", "uv": [ 1.0, 10.0, 8.0, 15.0 ] },
                "down": { "texture": "#0", "uv": [ 1.0, 10.0, 8.0, 15.0 ] }
            }
        },
        {
            "name": "Cube",
            "from": [ 4.0, 5.0, 4.5 ], 
            "to": [ 5.0, 11.0, 5.0 ], 
            "faces": {
                "north": { "texture": "#0", "uv": [ 1.0, 10.0, 8.0, 15.0 ] },
                "east": { "texture": "#0", "uv": [ 1.0, 10.0, 8.5, 15.0 ] },
                "south": { "texture": "#0", "uv": [ 1.0, 10.0, 8.0, 15.0 ] },
                "west": { "texture": "#0", "uv": [ 1.0, 10.0, 8.5, 16.0 ] },
                "up": { "texture": "#0", "uv": [ 1.0, 10.0, 9.0, 15.5 ] },
                "down": { "texture": "#0", "uv": [ 1.0, 10.0, 8.0, 15.5 ] }
            }
        },
        {
            "name": "Cube",
            "from": [ 5.0, 5.0, 4.5 ], 
            "to": [ 11.0, 11.0, 5.0 ], 
            "faces": {
                "north": { "texture": "#1", "uv": [ 0.0, 0.0, 16.0, 16.0 ] },
                "east": { "texture": "#0", "uv": [ 1.0, 10.0, 8.0, 15.0 ] },
                "south": { "texture": "#0", "uv": [ 1.0, 10.0, 8.5, 15.0 ] },
                "west": { "texture": "#0", "uv": [ 1.0, 10.0, 8.5, 15.0 ] },
                "up": { "texture": "#0", "uv": [ 1.0, 10.0, 7.0, 14.5 ] },
                "down": { "texture": "#0", "uv": [ 2.0, 10.0, 12.0, 15.5 ] }
            }
        },
        {
            "name": "Cube",
            "from": [ 11.0, 5.0, 4.5 ], 
            "to": [ 12.0, 11.0, 5.0 ], 
            "faces": {
                "north": { "texture": "#0", "uv": [ 1.0, 10.0, 8.0, 15.0 ] },
                "east": { "texture": "#0", "uv": [ 1.0, 10.0, 8.0, 15.0 ] },
                "south": { "texture": "#0", "uv": [ 1.0, 10.0, 8.0, 15.0 ] },
                "west": { "texture": "#0", "uv": [ 1.0, 10.0, 8.0, 15.0 ] },
                "up": { "texture": "#0", "uv": [ 1.0, 10.0, 8.0, 14.0 ] },
                "down": { "texture": "#0", "uv": [ 1.0, 10.0, 8.0, 15.0 ] }
            }
        },
        {
            "name": "Cube",
            "from": [ 7.0, 8.2, 8.5 ], 
            "to": [ 9.0, 10.299999999999999, 15.0 ], 
            "faces": {
                "north": { "texture": "#0", "uv": [ 1.0, 10.0, 9.0, 15.1 ] },
                "east": { "texture": "#0", "uv": [ 1.0, 10.0, 8.2, 15.1 ] },
                "south": { "texture": "#0", "uv": [ 1.0, 10.0, 9.0, 15.1 ] },
                "west": { "texture": "#0", "uv": [ 1.0, 10.0, 8.2, 15.1 ] },
                "up": { "texture": "#0", "uv": [ 1.0, 10.0, 8.0, 15.2 ] },
                "down": { "texture": "#0", "uv": [ 1.0, 10.0, 8.0, 15.2 ] }
            }
        }
    ]
}