{
    "__comment": "Model generated using MrCrayfish's Model Creator (http://mrcrayfish.com/modelcreator/)",
    "textures": {
        "0": "block/iron_ore"
    },
    "elements": [
        {
            "name": "Cube",
            "from": [ 13.0, 0.0, 14.0 ], 
            "to": [ 14.0, 16.0, 16.0 ], 
            "faces": {
                "north": { "texture": "#0", "uv": [ 0.0, 0.0, 2.0, 16.0 ] },
                "east": { "texture": "#0", "uv": [ 0.0, 0.0, 2.0, 16.0 ] },
                "south": { "texture": "#0", "uv": [ 0.0, 0.0, 2.0, 16.0 ] },
                "west": { "texture": "#0", "uv": [ 0.0, 0.0, 2.0, 16.0 ] },
                "up": { "texture": "#0", "uv": [ 0.0, 0.0, 2.0, 2.0 ] },
                "down": { "texture": "#0", "uv": [ 0.0, 0.0, 2.0, 2.0 ] }
            }
        },
        {
            "name": "Cube",
            "from": [ 2.0, 0.0, 14.0 ], 
            "to": [ 3.0, 16.0, 16.0 ], 
            "faces": {
                "north": { "texture": "#0", "uv": [ 0.0, 0.0, 2.0, 16.0 ] },
                "east": { "texture": "#0", "uv": [ 0.0, 0.0, 2.0, 16.0 ] },
                "south": { "texture": "#0", "uv": [ 0.0, 0.0, 2.0, 16.0 ] },
                "west": { "texture": "#0", "uv": [ 0.0, 0.0, 2.0, 16.0 ] },
                "up": { "texture": "#0", "uv": [ 0.0, 0.0, 2.0, 2.0 ] },
                "down": { "texture": "#0", "uv": [ 0.0, 0.0, 2.0, 2.0 ] }
            }
        },
        {
            "name": "Cube",
            "from": [ 1.0, 10.0, 14.5 ], 
            "to": [ 15.0, 11.0, 15.5 ], 
            "faces": {
                "north": { "texture": "#0", "uv": [ 0.0, 0.0, 16.0, 2.0 ] },
                "east": { "texture": "#0", "uv": [ 0.0, 0.0, 1.0, 1.0 ] },
                "south": { "texture": "#0", "uv": [ 0.0, 0.0, 16.0, 2.0 ] },
                "west": { "texture": "#0", "uv": [ 0.0, 0.0, 1.0, 1.0 ] },
                "up": { "texture": "#0", "uv": [ 0.0, 0.0, 2.0, 2.0 ] },
                "down": { "texture": "#0", "uv": [ 0.0, 0.0, 2.0, 2.0 ] }
            }
        },
        {
            "name": "Cube",
            "from": [ 1.0, 0.0, 14.5 ], 
            "to": [ 15.0, 0.5, 15.5 ], 
            "faces": {
                "north": { "texture": "#0", "uv": [ 0.0, 0.0, 16.0, 2.0 ] },
                "east": { "texture": "#0", "uv": [ 0.0, 0.0, 1.0, 0.5 ] },
                "south": { "texture": "#0", "uv": [ 0.0, 0.0, 16.0, 2.0 ] },
                "west": { "texture": "#0", "uv": [ 0.0, 0.0, 1.0, 0.5 ] },
                "up": { "texture": "#0", "uv": [ 0.0, 0.0, 2.0, 2.0 ] },
                "down": { "texture": "#0", "uv": [ 0.0, 0.0, 2.0, 2.0 ] }
            }
        },
        {
            "name": "Cube",
            "from": [ 1.0, 15.5, 14.5 ], 
            "to": [ 15.0, 16.0, 15.5 ], 
            "faces": {
                "north": { "texture": "#0", "uv": [ 0.0, 0.0, 16.0, 2.0 ] },
                "east": { "texture": "#0", "uv": [ 0.0, 0.0, 1.0, 0.5 ] },
                "south": { "texture": "#0", "uv": [ 0.0, 0.0, 16.0, 2.0 ] },
                "west": { "texture": "#0", "uv": [ 0.0, 0.0, 1.0, 0.5 ] },
                "up": { "texture": "#0", "uv": [ 0.0, 0.0, 2.0, 2.0 ] },
                "down": { "texture": "#0", "uv": [ 0.0, 0.0, 2.0, 2.0 ] }
            }
        },
        {
            "name": "Cube",
            "from": [ 1.0, 4.0, 14.5 ], 
            "to": [ 15.0, 5.0, 15.5 ], 
            "faces": {
                "north": { "texture": "#0", "uv": [ 0.0, 0.0, 16.0, 2.0 ] },
                "east": { "texture": "#0", "uv": [ 0.0, 0.0, 1.0, 1.0 ] },
                "south": { "texture": "#0", "uv": [ 0.0, 0.0, 16.0, 2.0 ] },
                "west": { "texture": "#0", "uv": [ 0.0, 0.0, 1.0, 1.0 ] },
                "up": { "texture": "#0", "uv": [ 0.0, 0.0, 2.0, 2.0 ] },
                "down": { "texture": "#0", "uv": [ 0.0, 0.0, 2.0, 2.0 ] }
            }
        },
        {
            "name": "Cube",
            "from": [ 13.0, 0.0, 7.0 ], 
            "to": [ 14.0, 16.0, 9.0 ], 
            "faces": {
                "north": { "texture": "#0", "uv": [ 0.0, 0.0, 2.0, 16.0 ] },
                "east": { "texture": "#0", "uv": [ 0.0, 0.0, 2.0, 16.0 ] },
                "south": { "texture": "#0", "uv": [ 0.0, 0.0, 2.0, 16.0 ] },
                "west": { "texture": "#0", "uv": [ 0.0, 0.0, 2.0, 16.0 ] },
                "up": { "texture": "#0", "uv": [ 0.0, 0.0, 2.0, 2.0 ] },
                "down": { "texture": "#0", "uv": [ 0.0, 0.0, 2.0, 2.0 ] }
            }
        },
        {
            "name": "Cube",
            "from": [ 2.0, 0.0, 7.0 ], 
            "to": [ 3.0, 16.0, 9.0 ], 
            "faces": {
                "north": { "texture": "#0", "uv": [ 0.0, 0.0, 2.0, 16.0 ] },
                "east": { "texture": "#0", "uv": [ 0.0, 0.0, 2.0, 16.0 ] },
                "south": { "texture": "#0", "uv": [ 0.0, 0.0, 2.0, 16.0 ] },
                "west": { "texture": "#0", "uv": [ 0.0, 0.0, 2.0, 16.0 ] },
                "up": { "texture": "#0", "uv": [ 0.0, 0.0, 2.0, 2.0 ] },
                "down": { "texture": "#0", "uv": [ 0.0, 0.0, 2.0, 2.0 ] }
            }
        },
        {
            "name": "Cube",
            "from": [ 2.0, 15.5, 9.0 ], 
            "to": [ 3.0, 16.0, 14.0 ], 
            "faces": {
                "north": { "texture": "#0", "uv": [ 0.0, 0.0, 2.0, 16.0 ] },
                "east": { "texture": "#0", "uv": [ 0.0, 0.0, 5.0, 0.5 ] },
                "south": { "texture": "#0", "uv": [ 0.0, 0.0, 2.0, 16.0 ] },
                "west": { "texture": "#0", "uv": [ 0.0, 0.0, 5.0, 0.5 ] },
                "up": { "texture": "#0", "uv": [ 0.0, 0.0, 2.0, 2.0 ] },
                "down": { "texture": "#0", "uv": [ 0.0, 0.0, 2.0, 2.0 ] }
            }
        },
        {
            "name": "Cube",
            "from": [ 13.0, 15.5, 9.0 ], 
            "to": [ 14.0, 16.0, 14.0 ], 
            "faces": {
                "north": { "texture": "#0", "uv": [ 0.0, 0.0, 2.0, 16.0 ] },
                "east": { "texture": "#0", "uv": [ 0.0, 0.0, 5.0, 0.5 ] },
                "south": { "texture": "#0", "uv": [ 0.0, 0.0, 2.0, 16.0 ] },
                "west": { "texture": "#0", "uv": [ 0.0, 0.0, 5.0, 0.5 ] },
                "up": { "texture": "#0", "uv": [ 0.0, 0.0, 2.0, 2.0 ] },
                "down": { "texture": "#0", "uv": [ 0.0, 0.0, 2.0, 2.0 ] }
            }
        },
        {
            "name": "Cube",
            "from": [ 13.0, -0.0, 9.0 ], 
            "to": [ 14.0, 0.5, 14.0 ], 
            "faces": {
                "north": { "texture": "#0", "uv": [ 0.0, 0.0, 2.0, 16.0 ] },
                "east": { "texture": "#0", "uv": [ 0.0, 0.0, 5.0, 0.5 ] },
                "south": { "texture": "#0", "uv": [ 0.0, 0.0, 2.0, 16.0 ] },
                "west": { "texture": "#0", "uv": [ 0.0, 0.0, 5.0, 0.5 ] },
                "up": { "texture": "#0", "uv": [ 0.0, 0.0, 2.0, 2.0 ] },
                "down": { "texture": "#0", "uv": [ 0.0, 0.0, 2.0, 2.0 ] }
            }
        },
        {
            "name": "Cube",
            "from": [ 2.0, -0.0, 9.0 ], 
            "to": [ 3.0, 0.5, 14.0 ], 
            "faces": {
                "north": { "texture": "#0", "uv": [ 0.0, 0.0, 2.0, 16.0 ] },
                "east": { "texture": "#0", "uv": [ 0.0, 0.0, 5.0, 0.5 ] },
                "south": { "texture": "#0", "uv": [ 0.0, 0.0, 2.0, 16.0 ] },
                "west": { "texture": "#0", "uv": [ 0.0, 0.0, 5.0, 0.5 ] },
                "up": { "texture": "#0", "uv": [ 0.0, 0.0, 2.0, 2.0 ] },
                "down": { "texture": "#0", "uv": [ 0.0, 0.0, 2.0, 2.0 ] }
            }
        },
        {
            "name": "Cube",
            "from": [ 2.0, 4.0, 9.0 ], 
            "to": [ 3.0, 5.0, 14.0 ], 
            "faces": {
                "north": { "texture": "#0", "uv": [ 0.0, 0.0, 2.0, 16.0 ] },
                "east": { "texture": "#0", "uv": [ 0.0, 0.0, 5.0, 1.0 ] },
                "south": { "texture": "#0", "uv": [ 0.0, 0.0, 2.0, 16.0 ] },
                "west": { "texture": "#0", "uv": [ 0.0, 0.0, 5.0, 1.0 ] },
                "up": { "texture": "#0", "uv": [ 0.0, 0.0, 2.0, 2.0 ] },
                "down": { "texture": "#0", "uv": [ 0.0, 0.0, 2.0, 2.0 ] }
            }
        },
        {
            "name": "Cube",
            "from": [ 2.0, 10.0, 9.0 ], 
            "to": [ 3.0, 11.0, 14.0 ], 
            "faces": {
                "north": { "texture": "#0", "uv": [ 0.0, 0.0, 2.0, 16.0 ] },
                "east": { "texture": "#0", "uv": [ 0.0, 0.0, 5.0, 1.0 ] },
                "south": { "texture": "#0", "uv": [ 0.0, 0.0, 2.0, 16.0 ] },
                "west": { "texture": "#0", "uv": [ 0.0, 0.0, 5.0, 1.0 ] },
                "up": { "texture": "#0", "uv": [ 0.0, 0.0, 2.0, 2.0 ] },
                "down": { "texture": "#0", "uv": [ 0.0, 0.0, 2.0, 2.0 ] }
            }
        },
        {
            "name": "Cube",
            "from": [ 13.0, 10.0, 9.0 ], 
            "to": [ 14.0, 11.0, 14.0 ], 
            "faces": {
                "north": { "texture": "#0", "uv": [ 0.0, 0.0, 2.0, 16.0 ] },
                "east": { "texture": "#0", "uv": [ 0.0, 0.0, 5.0, 1.0 ] },
                "south": { "texture": "#0", "uv": [ 0.0, 0.0, 2.0, 16.0 ] },
                "west": { "texture": "#0", "uv": [ 0.0, 0.0, 5.0, 1.0 ] },
                "up": { "texture": "#0", "uv": [ 0.0, 0.0, 2.0, 2.0 ] },
                "down": { "texture": "#0", "uv": [ 0.0, 0.0, 2.0, 2.0 ] }
            }
        },
        {
            "name": "Cube",
            "from": [ 13.0, 4.0, 9.0 ], 
            "to": [ 14.0, 5.0, 14.0 ], 
            "faces": {
                "north": { "texture": "#0", "uv": [ 0.0, 0.0, 2.0, 16.0 ] },
                "east": { "texture": "#0", "uv": [ 0.0, 0.0, 5.0, 1.0 ] },
                "south": { "texture": "#0", "uv": [ 0.0, 0.0, 2.0, 16.0 ] },
                "west": { "texture": "#0", "uv": [ 0.0, 0.0, 5.0, 1.0 ] },
                "up": { "texture": "#0", "uv": [ 0.0, 0.0, 2.0, 2.0 ] },
                "down": { "texture": "#0", "uv": [ 0.0, 0.0, 2.0, 2.0 ] }
            }
        }
    ]
}