{
    "__comment": "Model generated using MrCrayfish's Model Creator (http://mrcrayfish.com/modelcreator/)",
    "textures": {
	    "particle": "block/gray_wool",
        "0": "block/black_wool",
        "1": "block/gray_wool",
        "2": "block/light_gray_wool"
    },
    "elements": [
        {
            "name": "Cube",
            "from": [ 5.0, 0.0, 4.0 ], 
            "to": [ 11.0, 0.5, 12.0 ], 
            "faces": {
                "north": { "texture": "#0", "uv": [ 0.0, 0.0, 6.0, 0.5 ] },
                "east": { "texture": "#0", "uv": [ 0.0, 0.0, 8.0, 0.5 ] },
                "south": { "texture": "#0", "uv": [ 0.0, 0.0, 6.0, 0.5 ] },
                "west": { "texture": "#0", "uv": [ 0.0, 0.0, 8.0, 0.5 ] },
                "up": { "texture": "#0", "uv": [ 0.0, 0.0, 6.0, 8.0 ] },
                "down": { "texture": "#0", "uv": [ 0.0, 0.0, 6.0, 8.0 ] }
            }
        },
        {
            "name": "Cube",
            "from": [ 5.0, 0.5, 4.5 ], 
            "to": [ 11.0, 1.0, 11.5 ], 
            "faces": {
                "north": { "texture": "#0", "uv": [ 0.0, 0.0, 6.0, 0.5 ] },
                "east": { "texture": "#0", "uv": [ 0.0, 0.0, 7.0, 0.5 ] },
                "south": { "texture": "#0", "uv": [ 0.0, 0.0, 6.0, 0.5 ] },
                "west": { "texture": "#0", "uv": [ 0.0, 0.0, 7.0, 0.5 ] },
                "up": { "texture": "#0", "uv": [ 0.0, 0.0, 6.0, 7.0 ] },
                "down": { "texture": "#0", "uv": [ 0.0, 0.0, 6.0, 7.0 ] }
            }
        },
        {
            "name": "Cube",
            "from": [ 5.0, 1.0, 5.0 ], 
            "to": [ 11.0, 1.5, 11.0 ], 
            "faces": {
                "north": { "texture": "#0", "uv": [ 0.0, 0.0, 6.0, 0.5 ] },
                "east": { "texture": "#0", "uv": [ 0.0, 0.0, 6.0, 0.5 ] },
                "south": { "texture": "#0", "uv": [ 0.0, 0.0, 6.0, 0.5 ] },
                "west": { "texture": "#0", "uv": [ 0.0, 0.0, 6.0, 0.5 ] },
                "up": { "texture": "#0", "uv": [ 0.0, 0.0, 6.0, 6.0 ] },
                "down": { "texture": "#0", "uv": [ 0.0, 0.0, 6.0, 6.0 ] }
            }
        },
        {
            "name": "Cube",
            "from": [ 5.0, 1.5, 6.0 ], 
            "to": [ 11.0, 2.0, 10.0 ], 
            "faces": {
                "north": { "texture": "#0", "uv": [ 0.0, 0.0, 6.0, 0.5 ] },
                "east": { "texture": "#0", "uv": [ 0.0, 0.0, 4.0, 0.5 ] },
                "south": { "texture": "#0", "uv": [ 0.0, 0.0, 6.0, 0.5 ] },
                "west": { "texture": "#0", "uv": [ 0.0, 0.0, 4.0, 0.5 ] },
                "up": { "texture": "#0", "uv": [ 0.0, 0.0, 6.0, 4.0 ] },
                "down": { "texture": "#0", "uv": [ 0.0, 0.0, 6.0, 4.0 ] }
            }
        },
        {
            "name": "Cube",
            "from": [ 4.5, 0.0, 4.0 ], 
            "to": [ 5.0, 0.5, 4.5 ], 
            "faces": {
                "north": { "texture": "#1", "uv": [ 0.0, 0.0, 0.5, 0.5 ] },
                "east": { "texture": "#1", "uv": [ 0.0, 0.0, 0.5, 0.5 ] },
                "south": { "texture": "#1", "uv": [ 0.0, 0.0, 0.5, 0.5 ] },
                "west": { "texture": "#1", "uv": [ 0.0, 0.0, 0.5, 0.5 ] },
                "up": { "texture": "#1", "uv": [ 0.0, 0.0, 0.5, 0.5 ] },
                "down": { "texture": "#1", "uv": [ 0.0, 0.0, 0.5, 0.5 ] }
            }
        },
        {
            "name": "Cube",
            "from": [ 11.0, 0.0, 4.0 ], 
            "to": [ 11.5, 0.5, 4.5 ], 
            "faces": {
                "north": { "texture": "#1", "uv": [ 0.0, 0.0, 0.5, 0.5 ] },
                "east": { "texture": "#1", "uv": [ 0.0, 0.0, 0.5, 0.5 ] },
                "south": { "texture": "#1", "uv": [ 0.0, 0.0, 0.5, 0.5 ] },
                "west": { "texture": "#1", "uv": [ 0.0, 0.0, 0.5, 0.5 ] },
                "up": { "texture": "#1", "uv": [ 0.0, 0.0, 0.5, 0.5 ] },
                "down": { "texture": "#1", "uv": [ 0.0, 0.0, 0.5, 0.5 ] }
            }
        },
        {
            "name": "Cube",
            "from": [ 11.0, 0.0, 11.5 ], 
            "to": [ 11.5, 0.5, 12.0 ], 
            "faces": {
                "north": { "texture": "#1", "uv": [ 0.0, 0.0, 0.5, 0.5 ] },
                "east": { "texture": "#1", "uv": [ 0.0, 0.0, 0.5, 0.5 ] },
                "south": { "texture": "#1", "uv": [ 0.0, 0.0, 0.5, 0.5 ] },
                "west": { "texture": "#1", "uv": [ 0.0, 0.0, 0.5, 0.5 ] },
                "up": { "texture": "#1", "uv": [ 0.0, 0.0, 0.5, 0.5 ] },
                "down": { "texture": "#1", "uv": [ 0.0, 0.0, 0.5, 0.5 ] }
            }
        },
        {
            "name": "Cube",
            "from": [ 4.5, 0.0, 11.5 ], 
            "to": [ 5.0, 0.5, 12.0 ], 
            "faces": {
                "north": { "texture": "#1", "uv": [ 0.0, 0.0, 0.5, 0.5 ] },
                "east": { "texture": "#1", "uv": [ 0.0, 0.0, 0.5, 0.5 ] },
                "south": { "texture": "#1", "uv": [ 0.0, 0.0, 0.5, 0.5 ] },
                "west": { "texture": "#1", "uv": [ 0.0, 0.0, 0.5, 0.5 ] },
                "up": { "texture": "#1", "uv": [ 0.0, 0.0, 0.5, 0.5 ] },
                "down": { "texture": "#1", "uv": [ 0.0, 0.0, 0.5, 0.5 ] }
            }
        },
        {
            "name": "Cube",
            "from": [ 4.5, 0.5, 11.0 ], 
            "to": [ 5.0, 1.0, 11.5 ], 
            "faces": {
                "north": { "texture": "#1", "uv": [ 0.0, 0.0, 0.5, 0.5 ] },
                "east": { "texture": "#1", "uv": [ 0.0, 0.0, 0.5, 0.5 ] },
                "south": { "texture": "#1", "uv": [ 0.0, 0.0, 0.5, 0.5 ] },
                "west": { "texture": "#1", "uv": [ 0.0, 0.0, 0.5, 0.5 ] },
                "up": { "texture": "#1", "uv": [ 0.0, 0.0, 0.5, 0.5 ] },
                "down": { "texture": "#1", "uv": [ 0.0, 0.0, 0.5, 0.5 ] }
            }
        },
        {
            "name": "Cube",
            "from": [ 4.5, 1.0, 10.0 ], 
            "to": [ 5.0, 1.5, 11.0 ], 
            "faces": {
                "north": { "texture": "#1", "uv": [ 0.0, 0.0, 0.5, 0.5 ] },
                "east": { "texture": "#1", "uv": [ 0.0, 0.0, 1.0, 0.5 ] },
                "south": { "texture": "#1", "uv": [ 0.0, 0.0, 0.5, 0.5 ] },
                "west": { "texture": "#1", "uv": [ 0.0, 0.0, 1.0, 0.5 ] },
                "up": { "texture": "#1", "uv": [ 0.0, 0.0, 0.5, 1.0 ] },
                "down": { "texture": "#1", "uv": [ 0.0, 0.0, 0.5, 1.0 ] }
            }
        },
        {
            "name": "Cube",
            "from": [ 11.0, 1.0, 10.0 ], 
            "to": [ 11.5, 1.5, 11.0 ], 
            "faces": {
                "north": { "texture": "#1", "uv": [ 0.0, 0.0, 0.5, 0.5 ] },
                "east": { "texture": "#1", "uv": [ 0.0, 0.0, 1.0, 0.5 ] },
                "south": { "texture": "#1", "uv": [ 0.0, 0.0, 0.5, 0.5 ] },
                "west": { "texture": "#1", "uv": [ 0.0, 0.0, 1.0, 0.5 ] },
                "up": { "texture": "#1", "uv": [ 0.0, 0.0, 0.5, 1.0 ] },
                "down": { "texture": "#1", "uv": [ 0.0, 0.0, 0.5, 1.0 ] }
            }
        },
        {
            "name": "Cube",
            "from": [ 11.0, 0.5, 11.0 ], 
            "to": [ 11.5, 1.0, 11.5 ], 
            "faces": {
                "north": { "texture": "#1", "uv": [ 0.0, 0.0, 0.5, 0.5 ] },
                "east": { "texture": "#1", "uv": [ 0.0, 0.0, 0.5, 0.5 ] },
                "south": { "texture": "#1", "uv": [ 0.0, 0.0, 0.5, 0.5 ] },
                "west": { "texture": "#1", "uv": [ 0.0, 0.0, 0.5, 0.5 ] },
                "up": { "texture": "#1", "uv": [ 0.0, 0.0, 0.5, 0.5 ] },
                "down": { "texture": "#1", "uv": [ 0.0, 0.0, 0.5, 0.5 ] }
            }
        },
        {
            "name": "Cube",
            "from": [ 11.0, 1.5, 6.0 ], 
            "to": [ 11.5, 2.0, 10.0 ], 
            "faces": {
                "north": { "texture": "#1", "uv": [ 0.0, 0.0, 0.5, 0.5 ] },
                "east": { "texture": "#1", "uv": [ 0.0, 0.0, 4.0, 0.5 ] },
                "south": { "texture": "#1", "uv": [ 0.0, 0.0, 0.5, 0.5 ] },
                "west": { "texture": "#1", "uv": [ 0.0, 0.0, 4.0, 0.5 ] },
                "up": { "texture": "#1", "uv": [ 0.0, 0.0, 0.5, 4.0 ] },
                "down": { "texture": "#1", "uv": [ 0.0, 0.0, 0.5, 4.0 ] }
            }
        },
        {
            "name": "Cube",
            "from": [ 4.5, 1.5, 6.0 ], 
            "to": [ 5.0, 2.0, 10.0 ], 
            "faces": {
                "north": { "texture": "#1", "uv": [ 0.0, 0.0, 0.5, 0.5 ] },
                "east": { "texture": "#1", "uv": [ 0.0, 0.0, 4.0, 0.5 ] },
                "south": { "texture": "#1", "uv": [ 0.0, 0.0, 0.5, 0.5 ] },
                "west": { "texture": "#1", "uv": [ 0.0, 0.0, 4.0, 0.5 ] },
                "up": { "texture": "#1", "uv": [ 0.0, 0.0, 0.5, 4.0 ] },
                "down": { "texture": "#1", "uv": [ 0.0, 0.0, 0.5, 4.0 ] }
            }
        },
        {
            "name": "Cube",
            "from": [ 4.5, 0.5, 4.5 ], 
            "to": [ 5.0, 1.0, 5.0 ], 
            "faces": {
                "north": { "texture": "#1", "uv": [ 0.0, 0.0, 0.5, 0.5 ] },
                "east": { "texture": "#1", "uv": [ 0.0, 0.0, 0.5, 0.5 ] },
                "south": { "texture": "#1", "uv": [ 0.0, 0.0, 0.5, 0.5 ] },
                "west": { "texture": "#1", "uv": [ 0.0, 0.0, 0.5, 0.5 ] },
                "up": { "texture": "#1", "uv": [ 0.0, 0.0, 0.5, 0.5 ] },
                "down": { "texture": "#1", "uv": [ 0.0, 0.0, 0.5, 0.5 ] }
            }
        },
        {
            "name": "Cube",
            "from": [ 4.5, 1.0, 5.0 ], 
            "to": [ 5.0, 1.5, 6.0 ], 
            "faces": {
                "north": { "texture": "#1", "uv": [ 0.0, 0.0, 0.5, 0.5 ] },
                "east": { "texture": "#1", "uv": [ 0.0, 0.0, 4.0, 0.5 ] },
                "south": { "texture": "#1", "uv": [ 0.0, 0.0, 0.5, 0.5 ] },
                "west": { "texture": "#1", "uv": [ 0.0, 0.0, 4.0, 0.5 ] },
                "up": { "texture": "#1", "uv": [ 0.0, 0.0, 0.5, 4.0 ] },
                "down": { "texture": "#1", "uv": [ 0.0, 0.0, 0.5, 4.0 ] }
            }
        },
        {
            "name": "Cube",
            "from": [ 6.0, 2.0, 7.5 ], 
            "to": [ 6.5, 3.0, 8.5 ], 
            "rotation": { "origin": [ 8.0, 1.0, 8.0 ], "axis": "x", "angle": 45.0 },
            "faces": {
                "north": { "texture": "#1", "uv": [ 0.0, 0.0, 0.5, 0.5 ] },
                "east": { "texture": "#1", "uv": [ 0.0, 0.0, 4.0, 0.5 ] },
                "south": { "texture": "#1", "uv": [ 0.0, 0.0, 0.5, 0.5 ] },
                "west": { "texture": "#1", "uv": [ 0.0, 0.0, 4.0, 0.5 ] },
                "up": { "texture": "#1", "uv": [ 0.0, 0.0, 0.5, 4.0 ] },
                "down": { "texture": "#1", "uv": [ 0.0, 0.0, 0.5, 4.0 ] }
            }
        },
        {
            "name": "Cube",
            "from": [ 5.5, 3.0, 7.5 ], 
            "to": [ 6.0, 4.0, 8.5 ], 
            "rotation": { "origin": [ 8.0, 1.0, 8.0 ], "axis": "x", "angle": 45.0 },
            "faces": {
                "north": { "texture": "#1", "uv": [ 0.0, 0.0, 0.5, 0.5 ] },
                "east": { "texture": "#1", "uv": [ 0.0, 0.0, 4.0, 0.5 ] },
                "south": { "texture": "#1", "uv": [ 0.0, 0.0, 0.5, 0.5 ] },
                "west": { "texture": "#1", "uv": [ 0.0, 0.0, 4.0, 0.5 ] },
                "up": { "texture": "#1", "uv": [ 0.0, 0.0, 0.5, 4.0 ] },
                "down": { "texture": "#1", "uv": [ 0.0, 0.0, 0.5, 4.0 ] }
            }
        },
        {
            "name": "Cube",
            "from": [ 5.0, 4.0, 7.5 ], 
            "to": [ 5.5, 7.0, 8.5 ], 
            "rotation": { "origin": [ 8.0, 1.0, 8.0 ], "axis": "x", "angle": 45.0 },
            "faces": {
                "north": { "texture": "#1", "uv": [ 0.0, 0.0, 0.5, 0.5 ] },
                "east": { "texture": "#1", "uv": [ 0.0, 0.0, 4.0, 0.5 ] },
                "south": { "texture": "#1", "uv": [ 0.0, 0.0, 0.5, 0.5 ] },
                "west": { "texture": "#1", "uv": [ 0.0, 0.0, 4.0, 0.5 ] },
                "up": { "texture": "#1", "uv": [ 0.0, 0.0, 0.5, 4.0 ] },
                "down": { "texture": "#1", "uv": [ 0.0, 0.0, 0.5, 4.0 ] }
            }
        },
        {
            "name": "Cube",
            "from": [ 9.5, 2.0, 7.5 ], 
            "to": [ 10.0, 3.0, 8.5 ], 
            "rotation": { "origin": [ 8.0, 1.0, 8.0 ], "axis": "x", "angle": 45.0 },
            "faces": {
                "north": { "texture": "#1", "uv": [ 0.0, 0.0, 0.5, 0.5 ] },
                "east": { "texture": "#1", "uv": [ 0.0, 0.0, 4.0, 0.5 ] },
                "south": { "texture": "#1", "uv": [ 0.0, 0.0, 0.5, 0.5 ] },
                "west": { "texture": "#1", "uv": [ 0.0, 0.0, 4.0, 0.5 ] },
                "up": { "texture": "#1", "uv": [ 0.0, 0.0, 0.5, 4.0 ] },
                "down": { "texture": "#1", "uv": [ 0.0, 0.0, 0.5, 4.0 ] }
            }
        },
        {
            "name": "Cube",
            "from": [ 10.0, 3.0, 7.5 ], 
            "to": [ 10.5, 4.0, 8.5 ], 
            "rotation": { "origin": [ 8.0, 1.0, 8.0 ], "axis": "x", "angle": 45.0 },
            "faces": {
                "north": { "texture": "#1", "uv": [ 0.0, 0.0, 0.5, 0.5 ] },
                "east": { "texture": "#1", "uv": [ 0.0, 0.0, 4.0, 0.5 ] },
                "south": { "texture": "#1", "uv": [ 0.0, 0.0, 0.5, 0.5 ] },
                "west": { "texture": "#1", "uv": [ 0.0, 0.0, 4.0, 0.5 ] },
                "up": { "texture": "#1", "uv": [ 0.0, 0.0, 0.5, 4.0 ] },
                "down": { "texture": "#1", "uv": [ 0.0, 0.0, 0.5, 4.0 ] }
            }
        },
        {
            "name": "Cube",
            "from": [ 10.5, 4.0, 7.5 ], 
            "to": [ 11.0, 7.0, 8.5 ], 
            "rotation": { "origin": [ 8.0, 1.0, 8.0 ], "axis": "x", "angle": 45.0 },
            "faces": {
                "north": { "texture": "#1", "uv": [ 0.0, 0.0, 0.5, 0.5 ] },
                "east": { "texture": "#1", "uv": [ 0.0, 0.0, 4.0, 0.5 ] },
                "south": { "texture": "#1", "uv": [ 0.0, 0.0, 0.5, 0.5 ] },
                "west": { "texture": "#1", "uv": [ 0.0, 0.0, 4.0, 0.5 ] },
                "up": { "texture": "#1", "uv": [ 0.0, 0.0, 0.5, 4.0 ] },
                "down": { "texture": "#1", "uv": [ 0.0, 0.0, 0.5, 4.0 ] }
            }
        },
        {
            "name": "Cube",
            "from": [ 11.0, 1.0, 5.0 ], 
            "to": [ 11.5, 1.5, 6.0 ], 
            "faces": {
                "north": { "texture": "#1", "uv": [ 0.0, 0.0, 0.5, 0.5 ] },
                "east": { "texture": "#1", "uv": [ 0.0, 0.0, 4.0, 0.5 ] },
                "south": { "texture": "#1", "uv": [ 0.0, 0.0, 0.5, 0.5 ] },
                "west": { "texture": "#1", "uv": [ 0.0, 0.0, 4.0, 0.5 ] },
                "up": { "texture": "#1", "uv": [ 0.0, 0.0, 0.5, 4.0 ] },
                "down": { "texture": "#1", "uv": [ 0.0, 0.0, 0.5, 4.0 ] }
            }
        },
        {
            "name": "Cube",
            "from": [ 11.0, 0.5, 4.5 ], 
            "to": [ 11.5, 1.0, 5.0 ], 
            "faces": {
                "north": { "texture": "#1", "uv": [ 0.0, 0.0, 0.5, 0.5 ] },
                "east": { "texture": "#1", "uv": [ 0.0, 0.0, 4.0, 0.5 ] },
                "south": { "texture": "#1", "uv": [ 0.0, 0.0, 0.5, 0.5 ] },
                "west": { "texture": "#1", "uv": [ 0.0, 0.0, 4.0, 0.5 ] },
                "up": { "texture": "#1", "uv": [ 0.0, 0.0, 0.5, 4.0 ] },
                "down": { "texture": "#1", "uv": [ 0.0, 0.0, 0.5, 4.0 ] }
            }
        },
        {
            "name": "Cube",
            "from": [ 8.5, 6.0, 7.5 ], 
            "to": [ 10.5, 7.0, 8.5 ], 
            "rotation": { "origin": [ 8.0, 1.0, 8.0 ], "axis": "x", "angle": 45.0 },
            "faces": {
                "north": { "texture": "#2", "uv": [ 0.0, 0.0, 2.0, 1.0 ] },
                "east": { "texture": "#2", "uv": [ 0.0, 0.0, 1.0, 1.0 ] },
                "south": { "texture": "#2", "uv": [ 0.0, 0.0, 2.0, 1.0 ] },
                "west": { "texture": "#2", "uv": [ 0.0, 0.0, 1.0, 1.0 ] },
                "up": { "texture": "#2", "uv": [ 0.0, 0.0, 2.0, 1.0 ] },
                "down": { "texture": "#2", "uv": [ 0.0, 0.0, 2.0, 1.0 ] }
            }
        },
        {
            "name": "Cube",
            "from": [ 5.5, 6.0, 7.5 ], 
            "to": [ 7.5, 7.0, 8.5 ], 
            "rotation": { "origin": [ 8.0, 1.0, 8.0 ], "axis": "x", "angle": 45.0 },
            "faces": {
                "north": { "texture": "#2", "uv": [ 0.0, 0.0, 2.0, 1.0 ] },
                "east": { "texture": "#2", "uv": [ 0.0, 0.0, 1.0, 1.0 ] },
                "south": { "texture": "#2", "uv": [ 0.0, 0.0, 2.0, 1.0 ] },
                "west": { "texture": "#2", "uv": [ 0.0, 0.0, 1.0, 1.0 ] },
                "up": { "texture": "#2", "uv": [ 0.0, 0.0, 2.0, 1.0 ] },
                "down": { "texture": "#2", "uv": [ 0.0, 0.0, 2.0, 1.0 ] }
            }
        }
    ]
}