{
    "__comment": "Model generated using MrCrayfish's Model Creator (http://mrcrayfish.com/modelcreator/)",
    "textures": {
        "0": "block/iron_ore",
        "1": "block/glass"
    },
    "elements": [
        {
            "name": "Cube",
            "from": [ 5.0, 0.0, 5.0 ], 
            "to": [ 11.0, 15.0, 11.0 ], 
            "faces": {
                "north": { "texture": "#0", "uv": [ 0.0, 0.0, 6.0, 15.0 ] },
                "east": { "texture": "#0", "uv": [ 0.0, 0.0, 6.0, 15.0 ] },
                "south": { "texture": "#0", "uv": [ 0.0, 0.0, 6.0, 15.0 ] },
                "west": { "texture": "#0", "uv": [ 0.0, 0.0, 6.0, 15.0 ] },
                "up": { "texture": "#0", "uv": [ 0.0, 0.0, 6.0, 6.0 ] },
                "down": { "texture": "#0", "uv": [ 0.0, 0.0, 6.0, 6.0 ] }
            }
        },
        {
            "name": "Cube",
            "from": [ 2.0, 0.0, 3.0 ], 
            "to": [ 5.0, 13.0, 6.0 ], 
            "faces": {
                "north": { "texture": "#0", "uv": [ 0.0, 0.0, 3.0, 13.0 ] },
                "east": { "texture": "#0", "uv": [ 0.0, 0.0, 3.0, 13.0 ] },
                "south": { "texture": "#0", "uv": [ 0.0, 0.0, 3.0, 13.0 ] },
                "west": { "texture": "#0", "uv": [ 0.0, 0.0, 3.0, 13.0 ] },
                "up": { "texture": "#0", "uv": [ 0.0, 0.0, 3.0, 3.0 ] },
                "down": { "texture": "#0", "uv": [ 0.0, 0.0, 3.0, 3.0 ] }
            }
        },
        {
            "name": "Cube",
            "from": [ 11.0, 0.0, 3.0 ], 
            "to": [ 14.0, 13.0, 6.0 ], 
            "faces": {
                "north": { "texture": "#0", "uv": [ 0.0, 0.0, 3.0, 13.0 ] },
                "east": { "texture": "#0", "uv": [ 0.0, 0.0, 3.0, 13.0 ] },
                "south": { "texture": "#0", "uv": [ 0.0, 0.0, 3.0, 13.0 ] },
                "west": { "texture": "#0", "uv": [ 0.0, 0.0, 3.0, 13.0 ] },
                "up": { "texture": "#0", "uv": [ 0.0, 0.0, 3.0, 3.0 ] },
                "down": { "texture": "#0", "uv": [ 0.0, 0.0, 3.0, 3.0 ] }
            }
        },
        {
            "name": "Cube",
            "from": [ 11.0, 0.0, 10.0 ], 
            "to": [ 14.0, 13.0, 13.0 ], 
            "faces": {
                "north": { "texture": "#0", "uv": [ 0.0, 0.0, 3.0, 13.0 ] },
                "east": { "texture": "#0", "uv": [ 0.0, 0.0, 3.0, 13.0 ] },
                "south": { "texture": "#0", "uv": [ 0.0, 0.0, 3.0, 13.0 ] },
                "west": { "texture": "#0", "uv": [ 0.0, 0.0, 3.0, 13.0 ] },
                "up": { "texture": "#0", "uv": [ 0.0, 0.0, 3.0, 3.0 ] },
                "down": { "texture": "#0", "uv": [ 0.0, 0.0, 3.0, 3.0 ] }
            }
        },
        {
            "name": "Cube",
            "from": [ 2.0, 0.0, 10.0 ], 
            "to": [ 5.0, 13.0, 13.0 ], 
            "faces": {
                "north": { "texture": "#0", "uv": [ 0.0, 0.0, 3.0, 13.0 ] },
                "east": { "texture": "#0", "uv": [ 0.0, 0.0, 3.0, 13.0 ] },
                "south": { "texture": "#0", "uv": [ 0.0, 0.0, 3.0, 13.0 ] },
                "west": { "texture": "#0", "uv": [ 0.0, 0.0, 3.0, 13.0 ] },
                "up": { "texture": "#0", "uv": [ 0.0, 0.0, 3.0, 3.0 ] },
                "down": { "texture": "#0", "uv": [ 0.0, 0.0, 3.0, 3.0 ] }
            }
        },
        {
            "name": "Cube",
            "from": [ 6.5, 0.0, 12.0 ], 
            "to": [ 9.5, 13.0, 15.0 ], 
            "faces": {
                "north": { "texture": "#0", "uv": [ 0.0, 0.0, 3.0, 13.0 ] },
                "east": { "texture": "#0", "uv": [ 0.0, 0.0, 3.0, 13.0 ] },
                "south": { "texture": "#0", "uv": [ 0.0, 0.0, 3.0, 13.0 ] },
                "west": { "texture": "#0", "uv": [ 0.0, 0.0, 3.0, 13.0 ] },
                "up": { "texture": "#0", "uv": [ 0.0, 0.0, 3.0, 3.0 ] },
                "down": { "texture": "#0", "uv": [ 0.0, 0.0, 3.0, 3.0 ] }
            }
        },
        {
            "name": "Cube",
            "from": [ 6.5, 0.0, 1.0 ], 
            "to": [ 9.5, 13.0, 4.0 ], 
            "faces": {
                "north": { "texture": "#0", "uv": [ 0.0, 0.0, 3.0, 13.0 ] },
                "east": { "texture": "#0", "uv": [ 0.0, 0.0, 3.0, 13.0 ] },
                "south": { "texture": "#0", "uv": [ 0.0, 0.0, 3.0, 13.0 ] },
                "west": { "texture": "#0", "uv": [ 0.0, 0.0, 3.0, 13.0 ] },
                "up": { "texture": "#0", "uv": [ 0.0, 0.0, 3.0, 3.0 ] },
                "down": { "texture": "#0", "uv": [ 0.0, 0.0, 3.0, 3.0 ] }
            }
        },
        {
            "name": "Cube",
            "from": [ 0.0, 0.0, 0.0 ], 
            "to": [ 16.0, 16.0, 16.0 ], 
            "faces": {
                "north": { "texture": "#1", "uv": [ 0.0, 0.0, 16.0, 16.0 ] },
                "east": { "texture": "#1", "uv": [ 0.0, 0.0, 16.0, 16.0 ] },
                "south": { "texture": "#1", "uv": [ 0.0, 0.0, 16.0, 16.0 ] },
                "west": { "texture": "#1", "uv": [ 0.0, 0.0, 16.0, 16.0 ] },
                "up": { "texture": "#1", "uv": [ 0.0, 0.0, 16.0, 16.0 ] },
                "down": { "texture": "#1", "uv": [ 0.0, 0.0, 16.0, 16.0 ] }
            }
        }
    ]
}