{
	"credit": "Made with Blockbench",
	"textures": {
		"2": "block/iron_ore",
		"3": "block/gray_wool",
		"4": "block/light_gray_wool"
	},
	"elements": [
		{
			"from": [0, -4, -1],
			"to": [15, -1, 17],
			"rotation": {"angle": 0, "axis": "y", "origin": [7, -3.5, 0]},
			"faces": {
				"north": {"uv": [0, 0, 16, 16], "texture": "#4"},
				"east": {"uv": [0, 0, 16, 16], "texture": "#4"},
				"south": {"uv": [0, 0, 16, 16], "texture": "#4"},
				"west": {"uv": [0, 0, 16, 16], "texture": "#4"},
				"up": {"uv": [0, 0, 16, 16], "texture": "#4"},
				"down": {"uv": [0, 0, 16, 16], "texture": "#4"}
			}
		},
		{
			"from": [16, 3, -1],
			"to": [19, 16, 17],
			"rotation": {"angle": 22.5, "axis": "z", "origin": [7, 7, 8]},
			"faces": {
				"north": {"uv": [0, 0, 16, 16], "texture": "#4", "rotation": 90},
				"east": {"uv": [0, 0, 16, 16], "texture": "#4", "rotation": 90},
				"south": {"uv": [0, 0, 16, 16], "texture": "#4", "rotation": 90},
				"west": {"uv": [0, 0, 16, 16], "texture": "#4", "rotation": 90},
				"up": {"uv": [0, 0, 16, 16], "texture": "#4", "rotation": 90},
				"down": {"uv": [0, 0, 16, 16], "texture": "#4", "rotation": 90}
			}
		},
		{
			"from": [14.36827, -3.86827, -1],
			"to": [18.36827, 8.13173, 17],
			"rotation": {"angle": -22.5, "axis": "z", "origin": [17.86827, 4.13173, 0]},
			"faces": {
				"north": {"uv": [0, 0, 16, 16], "texture": "#4", "rotation": 90},
				"east": {"uv": [0, 0, 16, 16], "texture": "#4", "rotation": 90},
				"south": {"uv": [0, 0, 16, 16], "texture": "#4", "rotation": 90},
				"west": {"uv": [0, 0, 16, 16], "texture": "#4", "rotation": 90},
				"up": {"uv": [0, 0, 16, 16], "texture": "#4", "rotation": 90},
				"down": {"uv": [0, 0, 16, 16], "texture": "#4", "rotation": 90}
			}
		},
		{
			"from": [-3.63173, -3.86827, -1],
			"to": [-0.63173, 8.13173, 17],
			"rotation": {"angle": 22.5, "axis": "z", "origin": [-3.13173, 5.13173, 0]},
			"faces": {
				"north": {"uv": [0, 0, 16, 16], "texture": "#4", "rotation": 90},
				"east": {"uv": [0, 0, 16, 16], "texture": "#4", "rotation": 90},
				"south": {"uv": [0, 0, 16, 16], "texture": "#4", "rotation": 90},
				"west": {"uv": [0, 0, 16, 16], "texture": "#4", "rotation": 90},
				"up": {"uv": [0, 0, 16, 16], "texture": "#4", "rotation": 90},
				"down": {"uv": [0, 0, 16, 16], "texture": "#4", "rotation": 90}
			}
		},
		{
			"from": [-4, 3, -1],
			"to": [-1, 16, 17],
			"rotation": {"angle": -22.5, "axis": "z", "origin": [8, 7, 8]},
			"faces": {
				"north": {"uv": [0, 0, 16, 16], "texture": "#4", "rotation": 270},
				"east": {"uv": [0, 0, 16, 16], "texture": "#4", "rotation": 270},
				"south": {"uv": [0, 0, 16, 16], "texture": "#4", "rotation": 270},
				"west": {"uv": [0, 0, 16, 16], "texture": "#4", "rotation": 270},
				"up": {"uv": [0, 0, 16, 16], "texture": "#4", "rotation": 270},
				"down": {"uv": [0, 0, 16, 16], "texture": "#4", "rotation": 270}
			}
		},
		{
			"from": [1, 17, -1],
			"to": [14, 20, 17],
			"faces": {
				"north": {"uv": [0, 0, 16, 16], "texture": "#4"},
				"east": {"uv": [0, 0, 16, 16], "texture": "#4"},
				"south": {"uv": [0, 0, 16, 16], "texture": "#4"},
				"west": {"uv": [0, 0, 16, 16], "texture": "#4"},
				"up": {"uv": [0, 0, 16, 16], "texture": "#4"},
				"down": {"uv": [0, 0, 16, 16], "texture": "#4"}
			}
		},
		{
			"from": [4.5, -0.5, 0],
			"to": [9.5, 8.5, 16],
			"rotation": {"angle": 0, "axis": "z", "origin": [8.5, -1.5, 8]},
			"faces": {
				"north": {"uv": [0, 0, 16, 16], "texture": "#3", "rotation": 90},
				"east": {"uv": [0, 0, 16, 16], "texture": "#3", "rotation": 90},
				"south": {"uv": [0, 0, 16, 16], "texture": "#3", "rotation": 90},
				"west": {"uv": [0, 0, 16, 16], "texture": "#3", "rotation": 90},
				"up": {"uv": [0, 0, 16, 16], "texture": "#3", "rotation": 90},
				"down": {"uv": [0, 0, 16, 16], "texture": "#3", "rotation": 90}
			}
		},
		{
			"from": [-2, 10, 0],
			"to": [7, 15, 16],
			"rotation": {"angle": -22.5, "axis": "z", "origin": [-0.5, 10, 8]},
			"faces": {
				"north": {"uv": [0, 0, 16, 16], "texture": "#3", "rotation": 90},
				"east": {"uv": [0, 0, 16, 16], "texture": "#3", "rotation": 90},
				"south": {"uv": [0, 0, 16, 16], "texture": "#3", "rotation": 90},
				"west": {"uv": [0, 0, 16, 16], "texture": "#3", "rotation": 90},
				"up": {"uv": [0, 0, 16, 16], "texture": "#3", "rotation": 90},
				"down": {"uv": [0, 0, 16, 16], "texture": "#3", "rotation": 90}
			}
		},
		{
			"from": [7, 7.5, 0],
			"to": [16, 12.5, 16],
			"rotation": {"angle": 22.5, "axis": "z", "origin": [8.5, 7.5, 8]},
			"faces": {
				"north": {"uv": [0, 0, 16, 16], "texture": "#3", "rotation": 90},
				"east": {"uv": [0, 0, 16, 16], "texture": "#3", "rotation": 90},
				"south": {"uv": [0, 0, 16, 16], "texture": "#3", "rotation": 90},
				"west": {"uv": [0, 0, 16, 16], "texture": "#3", "rotation": 90},
				"up": {"uv": [0, 0, 16, 16], "texture": "#3", "rotation": 90},
				"down": {"uv": [0, 0, 16, 16], "texture": "#3", "rotation": 90}
			}
		},
		{
			"from": [-2.5, 5.5, 2],
			"to": [6.5, 10.5, 14],
			"rotation": {"angle": 22.5, "axis": "z", "origin": [6, 7, 8]},
			"faces": {
				"north": {"uv": [0, 0, 3.125, 3], "texture": "#2", "rotation": 180},
				"east": {"uv": [0, 0, 3.125, 3], "texture": "#2", "rotation": 180},
				"south": {"uv": [0, 0, 16, 16], "texture": "#2", "rotation": 180},
				"west": {"uv": [0, 0, 3.125, 3], "texture": "#2", "rotation": 180},
				"up": {"uv": [0, 0, 3.125, 3], "texture": "#2", "rotation": 180},
				"down": {"uv": [0, 0, 3.125, 3], "texture": "#2", "rotation": 180}
			}
		},
		{
			"from": [7.5, 5.5, 2],
			"to": [16.5, 10.5, 14],
			"rotation": {"angle": -22.5, "axis": "z", "origin": [8, 9, 8]},
			"faces": {
				"north": {"uv": [0, 0, 3.125, 3], "texture": "#2", "rotation": 180},
				"east": {"uv": [0, 0, 3.125, 3], "texture": "#2"},
				"south": {"uv": [0, 0, 16, 16], "texture": "#2"},
				"west": {"uv": [0, 0, 3.125, 3], "texture": "#2"},
				"up": {"uv": [0, 0, 3.125, 3], "texture": "#2"},
				"down": {"uv": [0, 0, 3.125, 3], "texture": "#2"}
			}
		},
		{
			"from": [4.5, 8.5, 2],
			"to": [9.5, 17.5, 14],
			"rotation": {"angle": 0, "axis": "z", "origin": [8.5, 7.5, 8]},
			"faces": {
				"north": {"uv": [0, 0, 3.125, 3], "texture": "#2", "rotation": 90},
				"east": {"uv": [0, 0, 3.125, 3], "texture": "#2", "rotation": 90},
				"south": {"uv": [0, 0, 16, 16], "texture": "#2", "rotation": 90},
				"west": {"uv": [0, 0, 3.125, 3], "texture": "#2", "rotation": 90},
				"up": {"uv": [0, 0, 3.125, 3], "texture": "#2", "rotation": 90},
				"down": {"uv": [0, 0, 3.125, 3], "texture": "#2", "rotation": 90}
			}
		}
	],
	"display": {
		"thirdperson_righthand": {
			"scale": [0.5, 0.5, 0.5]
		},
		"thirdperson_lefthand": {
			"scale": [0.5, 0.5, 0.5]
		},
		"firstperson_righthand": {
			"scale": [0.5, 0.5, 0.5]
		},
		"firstperson_lefthand": {
			"scale": [0.5, 0.5, 0.5]
		},
		"ground": {
			"scale": [0.525, 0.525, 0.525]
		},
		"fixed": {
			"scale": [0.5, 0.5, 0.5]
		},
		"gui": {
			"scale": [0.4, 0.4, 0.4],
			"rotation": [45, 25, 0]
		}
	}
}