{
	"credit": "Made with Blockbench - Made by RyanGar46 - Models are for Classic 3D Only",
	"parent": "block/cube_all",
	"textures": {
		"0": "block/iron_ore",
		"1": "block/tardisbuttons",
		"2": "block/tardis_striplights",
		"3": "block/stone_slab_top",
		"4": "block/iron_block",
		"5": "block/brown_wool",
		"6": "block/blue_wool",
		"7": "block/yellow_wool",
		"8": "block/green_wool",
		"9": "block/black_wool",
		"10": "block/tardis_goo",
		"11": "block/redstone_block",
		"12": "block/yellow_stained_glass"
	},
	"elements": [
		{
			"name": "Cube",
			"from": [-16, 11, 0],
			"to": [16, 16, 16],
			"faces": {
				"north": {"uv": [0, 0, 16, 5], "texture": "#0"},
				"east": {"uv": [0, 0, 16, 5], "texture": "#0"},
				"south": {"uv": [0, 0, -13, 5], "texture": "#0"},
				"west": {"uv": [0, 0, 16, 5], "texture": "#0"},
				"up": {"uv": [0, 0, 16, 16], "texture": "#0"},
				"down": {"uv": [0, 0, 16, 16], "texture": "#0"}
			}
		},
		{
			"name": "Cube",
			"from": [0, 14, 4],
			"to": [16, 20.2, 18],
			"rotation": {"angle": -22.5, "axis": "x", "origin": [8, 8, 8]},
			"faces": {
				"north": {"uv": [0, 0, 16, 6.2], "texture": "#0"},
				"east": {"uv": [0, 0, 14, 6.2], "texture": "#0"},
				"south": {"uv": [0, 0, 16, 6.2], "texture": "#0"},
				"west": {"uv": [0, 0, 14, 6.2], "texture": "#0"},
				"up": {"uv": [16, 16, 0, 0], "texture": "#1"},
				"down": {"uv": [0, 0, 16, 16], "texture": "#0"}
			}
		},
		{
			"name": "Cube",
			"from": [0, 16, 12],
			"to": [16, 24, 16],
			"faces": {
				"north": {"uv": [0, 0, 16, 14], "texture": "#2"},
				"east": {"uv": [0, 0, 4, 8], "texture": "#0"},
				"south": {"uv": [0, 0, 16, 8], "texture": "#0"},
				"west": {"uv": [0, 0, 4, 8], "texture": "#0"},
				"up": {"uv": [0, 0, 16, 4], "texture": "#0"},
				"down": {"uv": [0, 0, 16, 4], "texture": "#0"}
			}
		},
		{
			"name": "Cube",
			"from": [-6, 16, 5.2],
			"to": [-0.5, 24, 10.2],
			"rotation": {"angle": 45, "axis": "y", "origin": [8, 8, 8]},
			"faces": {
				"north": {"uv": [0, 0, 5.5, 14], "texture": "#2"},
				"east": {"uv": [0, 0, 5, 8], "texture": "#0"},
				"south": {"uv": [0, 0, 5.5, 8], "texture": "#0"},
				"west": {"uv": [0, 0, 5, 8], "texture": "#0"},
				"up": {"uv": [0, 0, 5.5, 5], "texture": "#0"},
				"down": {"uv": [0, 0, 7.5, 5], "texture": "#0"}
			}
		},
		{
			"name": "Cube",
			"from": [11, -2.5, 7.5],
			"to": [16, 12.5, 12.5],
			"rotation": {"angle": -22.5, "axis": "x", "origin": [8, 8, 8]},
			"faces": {
				"north": {"uv": [0, 0, 5, 15], "texture": "#0"},
				"east": {"uv": [0, 0, 5, 15], "texture": "#0"},
				"south": {"uv": [0, 0, 5, 15], "texture": "#0"},
				"west": {"uv": [0, 0, 5, 15], "texture": "#0"},
				"up": {"uv": [0, 0, 5, 5], "texture": "#0"},
				"down": {"uv": [0, 0, 5, 5], "texture": "#0"}
			}
		},
		{
			"name": "Cube",
			"from": [0, -2.5, 7.5],
			"to": [5, 12.5, 12.5],
			"rotation": {"angle": -22.5, "axis": "x", "origin": [8, 8, 8]},
			"faces": {
				"north": {"uv": [0, 0, 5, 15], "texture": "#0"},
				"east": {"uv": [0, 0, 5, 15], "texture": "#0"},
				"south": {"uv": [0, 0, 5, 15], "texture": "#0"},
				"west": {"uv": [0, 0, 5, 15], "texture": "#0"},
				"up": {"uv": [0, 0, 5, 5], "texture": "#0"},
				"down": {"uv": [0, 0, 5, 5], "texture": "#0"}
			}
		},
		{
			"name": "side",
			"from": [-1, 19, 4],
			"to": [1, 20, 18],
			"rotation": {"angle": -22.5, "axis": "x", "origin": [8, 8, 8]},
			"faces": {
				"north": {"uv": [0, 0, 2, 1], "texture": "#0"},
				"east": {"uv": [0, 0, 14, 1], "texture": "#0"},
				"south": {"uv": [0, 0, 2, 1], "texture": "#0"},
				"west": {"uv": [0, 0, 14, 1], "texture": "#0"},
				"up": {"uv": [0, 0, 2, 14], "texture": "#0"},
				"down": {"uv": [0, 0, 2, 14], "texture": "#0"}
			}
		},
		{
			"name": "side",
			"from": [-10, 20, 12],
			"to": [4, 26, 16],
			"rotation": {"angle": 22.5, "axis": "z", "origin": [8, 8, 8]},
			"faces": {
				"north": {"uv": [0, 0, 14, 3], "texture": "#0"},
				"east": {"uv": [0, 0, 2, 3], "texture": "#0"},
				"south": {"uv": [0, 0, 14, 3], "texture": "#0"},
				"west": {"uv": [0, 0, 2, 3], "texture": "#0"},
				"up": {"uv": [0, 0, 14, 2], "texture": "#0"},
				"down": {"uv": [0, 0, 14, 2], "texture": "#0"}
			}
		},
		{
			"name": "Cube",
			"from": [0, 0, 0],
			"to": [16, 0.1, 16],
			"faces": {
				"north": {"uv": [0, 0, 16, 0.1], "texture": "#3"},
				"east": {"uv": [0, 0, 16, 0.1], "texture": "#3"},
				"south": {"uv": [0, 0, 16, 0.1], "texture": "#3"},
				"west": {"uv": [0, 0, 16, 0.1], "texture": "#3"},
				"up": {"uv": [0, 0, 16, 16], "texture": "#3"},
				"down": {"uv": [0, 0, 16, 16], "texture": "#3"}
			}
		},
		{
			"name": "Cube",
			"from": [12, 20.6, 7],
			"to": [14, 21.6, 9],
			"faces": {
				"north": {"uv": [0, 0, 16, 16], "texture": "#4"},
				"east": {"uv": [0, 0, 16, 16], "texture": "#4"},
				"south": {"uv": [0, 0, 16, 16], "texture": "#4"},
				"west": {"uv": [0, 0, 16, 16], "texture": "#4"},
				"up": {"uv": [0, 0, 16, 16], "texture": "#4"},
				"down": {"uv": [0, 0, 16, 16], "texture": "#4"}
			}
		},
		{
			"name": "Cube",
			"from": [3.2, 20, 11.5],
			"to": [7.2, 20.6, 14.5],
			"rotation": {"angle": -22.5, "axis": "x", "origin": [8, 8, 8]},
			"faces": {
				"north": {"uv": [0, 0, 4, 0.6], "texture": "#5"},
				"east": {"uv": [0, 0, 3, 0.6], "texture": "#5"},
				"south": {"uv": [0, 0, 4, 0.6], "texture": "#5"},
				"west": {"uv": [0, 0, 3, 0.6], "texture": "#5"},
				"up": {"uv": [12.6, 7, 9, 3.9], "texture": "#1"},
				"down": {"uv": [0, 0, 4, 3], "texture": "#5"}
			}
		},
		{
			"name": "Cube",
			"from": [4.2, 20, 6],
			"to": [5.9, 20.6, 10.5],
			"rotation": {"angle": -22.5, "axis": "x", "origin": [8, 8, 8]},
			"faces": {
				"north": {"uv": [0, 0, 1.7, 0.6], "texture": "#5"},
				"east": {"uv": [0, 0, 4.5, 0.6], "texture": "#5"},
				"south": {"uv": [0, 0, 1.7, 0.6], "texture": "#5"},
				"west": {"uv": [0, 0, 4.5, 0.6], "texture": "#5"},
				"up": {"uv": [11.9, 14, 10, 8.5], "texture": "#1"},
				"down": {"uv": [0, 0, 1.7, 4.5], "texture": "#5"}
			}
		},
		{
			"name": "Cube",
			"from": [7.7, 20.2, 11.6],
			"to": [8.1, 20.4, 12.1],
			"rotation": {"angle": -22.5, "axis": "x", "origin": [8, 8, 8]},
			"faces": {
				"north": {"uv": [0, 0, 0.4, 0.2], "texture": "#6"},
				"east": {"uv": [0, 0, 0.5, 0.2], "texture": "#6"},
				"south": {"uv": [0, 0, 0.4, 0.2], "texture": "#6"},
				"west": {"uv": [0, 0, 0.5, 0.2], "texture": "#6"},
				"up": {"uv": [0, 0, 0.4, 0.5], "texture": "#6"},
				"down": {"uv": [0, 0, 0.4, 0.5], "texture": "#6"}
			}
		},
		{
			"name": "Cube",
			"from": [8.4, 20.2, 12.6],
			"to": [8.8, 20.4, 13.1],
			"rotation": {"angle": -22.5, "axis": "x", "origin": [8, 8, 8]},
			"faces": {
				"north": {"uv": [0, 0, 0.4, 0.2], "texture": "#4"},
				"east": {"uv": [0, 0, 0.5, 0.2], "texture": "#4"},
				"south": {"uv": [0, 0, 0.4, 0.2], "texture": "#4"},
				"west": {"uv": [0, 0, 0.5, 0.2], "texture": "#4"},
				"up": {"uv": [5, 1, 5.4, 3.5], "texture": "#4"},
				"down": {"uv": [0, 0, 0.4, 0.5], "texture": "#4"}
			}
		},
		{
			"name": "Cube",
			"from": [9.2, 20.2, 13.4],
			"to": [9.6, 20.4, 13.9],
			"rotation": {"angle": -22.5, "axis": "x", "origin": [8, 8, 8]},
			"faces": {
				"north": {"uv": [0, 0, 0.4, 0.2], "texture": "#7"},
				"east": {"uv": [0, 0, 0.5, 0.2], "texture": "#7"},
				"south": {"uv": [0, 0, 0.4, 0.2], "texture": "#7"},
				"west": {"uv": [0, 0, 0.5, 0.2], "texture": "#7"},
				"up": {"uv": [0, 1, 0.4, 1.5], "texture": "#7"},
				"down": {"uv": [0, 0, 0.4, 0.5], "texture": "#7"}
			}
		},
		{
			"name": "Cube",
			"from": [10.8, 20.2, 12.7],
			"to": [11.2, 20.4, 13.2],
			"rotation": {"angle": -22.5, "axis": "x", "origin": [8, 8, 8]},
			"faces": {
				"north": {"uv": [0, 0, 0.4, 0.2], "texture": "#7"},
				"east": {"uv": [0, 0, 0.5, 0.2], "texture": "#7"},
				"south": {"uv": [0, 0, 0.4, 0.2], "texture": "#7"},
				"west": {"uv": [0, 0, 0.5, 0.2], "texture": "#7"},
				"up": {"uv": [0, 0, 0.4, 0.5], "texture": "#7"},
				"down": {"uv": [0, 0, 0.4, 0.5], "texture": "#7"}
			}
		},
		{
			"name": "Cube",
			"from": [11.5, 20.2, 11.4],
			"to": [11.9, 20.4, 11.9],
			"rotation": {"angle": -22.5, "axis": "x", "origin": [8, 8, 8]},
			"faces": {
				"north": {"uv": [0, 0, 0.4, 0.2], "texture": "#6"},
				"east": {"uv": [0, 0, 0.5, 0.2], "texture": "#6"},
				"south": {"uv": [0, 0, 0.4, 0.2], "texture": "#6"},
				"west": {"uv": [0, 0, 0.5, 0.2], "texture": "#6"},
				"up": {"uv": [0, 0, 0.4, 0.5], "texture": "#6"},
				"down": {"uv": [0, 0, 0.4, 0.5], "texture": "#-1"}
			}
		},
		{
			"name": "Cube",
			"from": [10, 20.2, 13.5],
			"to": [10.4, 20.4, 14],
			"rotation": {"angle": -22.5, "axis": "x", "origin": [8, 8, 8]},
			"faces": {
				"north": {"uv": [0, 0, 0.4, 0.2], "texture": "#8"},
				"east": {"uv": [0, 0, 0.5, 0.2], "texture": "#8"},
				"south": {"uv": [0, 0, 0.4, 0.2], "texture": "#8"},
				"west": {"uv": [0, 0, 0.5, 0.2], "texture": "#8"},
				"up": {"uv": [0, 0, 0.4, 0.5], "texture": "#8"},
				"down": {"uv": [0, 0, 0.4, 0.5], "texture": "#8"}
			}
		},
		{
			"name": "Cube",
			"from": [7.7, 20.2, 14.5],
			"to": [8.2, 20.7, 15],
			"rotation": {"angle": -22.5, "axis": "x", "origin": [8, 8, 8]},
			"faces": {
				"north": {"uv": [0, 0, 15.5, 15.5], "texture": "#3"},
				"east": {"uv": [0, 0, 15.5, 15.5], "texture": "#3"},
				"south": {"uv": [0, 0, 15.5, 15.5], "texture": "#3"},
				"west": {"uv": [0, 0, 15.5, 15.5], "texture": "#3"},
				"up": {"uv": [0, 0, 15.5, 15.5], "texture": "#3"},
				"down": {"uv": [0, 0, 15.5, 14.5], "texture": "#3"}
			}
		},
		{
			"name": "Cube",
			"from": [8.4, 20.2, 14.5],
			"to": [8.9, 20.7, 15],
			"rotation": {"angle": -22.5, "axis": "x", "origin": [8, 8, 8]},
			"faces": {
				"north": {"uv": [0, 0, 15.5, 15.5], "texture": "#3"},
				"east": {"uv": [0, 0, 15.5, 15.5], "texture": "#3"},
				"south": {"uv": [0, 0, 15.5, 15.5], "texture": "#3"},
				"west": {"uv": [0, 0, 15.5, 15.5], "texture": "#3"},
				"up": {"uv": [0, 0, 15.5, 15.5], "texture": "#3"},
				"down": {"uv": [0, 0, 15.5, 14.5], "texture": "#3"}
			}
		},
		{
			"name": "Cube",
			"from": [9.2, 20.2, 14.5],
			"to": [9.7, 20.7, 15],
			"rotation": {"angle": -22.5, "axis": "x", "origin": [8, 8, 8]},
			"faces": {
				"north": {"uv": [0, 0, 15.5, 15.5], "texture": "#3"},
				"east": {"uv": [0, 0, 15.5, 15.5], "texture": "#3"},
				"south": {"uv": [0, 0, 15.5, 15.5], "texture": "#3"},
				"west": {"uv": [0, 0, 15.5, 15.5], "texture": "#3"},
				"up": {"uv": [0, 0, 15.5, 15.5], "texture": "#3"},
				"down": {"uv": [0, 0, 15.5, 14.5], "texture": "#3"}
			}
		},
		{
			"name": "Cube",
			"from": [10, 20.2, 14.5],
			"to": [10.5, 20.7, 15],
			"rotation": {"angle": -22.5, "axis": "x", "origin": [8, 8, 8]},
			"faces": {
				"north": {"uv": [0, 0, 15.5, 15.5], "texture": "#3"},
				"east": {"uv": [0, 0, 15.5, 15.5], "texture": "#3"},
				"south": {"uv": [0, 0, 15.5, 15.5], "texture": "#3"},
				"west": {"uv": [0, 0, 15.5, 15.5], "texture": "#3"},
				"up": {"uv": [0, 0, 15.5, 15.5], "texture": "#3"},
				"down": {"uv": [0, 0, 15.5, 14.5], "texture": "#3"}
			}
		},
		{
			"name": "Cube",
			"from": [10.7, 20.2, 14.5],
			"to": [11.2, 20.7, 15],
			"rotation": {"angle": -22.5, "axis": "x", "origin": [8, 8, 8]},
			"faces": {
				"north": {"uv": [0, 0, 15.5, 15.5], "texture": "#3"},
				"east": {"uv": [0, 0, 15.5, 15.5], "texture": "#3"},
				"south": {"uv": [0, 0, 15.5, 15.5], "texture": "#3"},
				"west": {"uv": [0, 0, 15.5, 15.5], "texture": "#3"},
				"up": {"uv": [0, 0, 15.5, 15.5], "texture": "#3"},
				"down": {"uv": [0, 0, 15.5, 14.5], "texture": "#3"}
			}
		},
		{
			"name": "Cube",
			"from": [11.4, 20.2, 14.5],
			"to": [11.9, 20.7, 15],
			"rotation": {"angle": -22.5, "axis": "x", "origin": [8, 8, 8]},
			"faces": {
				"north": {"uv": [0, 0, 15.5, 15.5], "texture": "#3"},
				"east": {"uv": [0, 0, 15.5, 15.5], "texture": "#3"},
				"south": {"uv": [0, 0, 15.5, 15.5], "texture": "#3"},
				"west": {"uv": [0, 0, 15.5, 15.5], "texture": "#3"},
				"up": {"uv": [0, 0, 15.5, 15.5], "texture": "#3"},
				"down": {"uv": [0, 0, 15.5, 14.5], "texture": "#3"}
			}
		},
		{
			"name": "Cube",
			"from": [5, 20, 4],
			"to": [5.5, 20.5, 6.5],
			"rotation": {"angle": -22.5, "axis": "x", "origin": [8, 8, 8]},
			"faces": {
				"north": {"uv": [0, 0, 0.5, 0.5], "texture": "#9"},
				"east": {"uv": [0, 0, 2.5, 0.5], "texture": "#9"},
				"south": {"uv": [0, 0, 0.5, 0.5], "texture": "#9"},
				"west": {"uv": [0, 0, 2.5, 0.5], "texture": "#9"},
				"up": {"uv": [0, 0, 0.5, 2.5], "texture": "#9"},
				"down": {"uv": [0, 0, 0.5, 2.5], "texture": "#9"}
			}
		},
		{
			"name": "Cube",
			"from": [5, 14, -0.5],
			"to": [5.5, 18, 0],
			"faces": {
				"north": {"uv": [0, 0, 0.5, 4], "texture": "#9"},
				"east": {"uv": [0, 0, 0.5, 4], "texture": "#9"},
				"south": {"uv": [0, 0, 0.5, 4], "texture": "#9"},
				"west": {"uv": [0, 0, 0.5, 4], "texture": "#9"},
				"up": {"uv": [0, 0, 0.5, 0.5], "texture": "#9"},
				"down": {"uv": [0, 0, 0.5, 0.5], "texture": "#9"}
			}
		},
		{
			"name": "Cube",
			"from": [6.5, 14, -0.5],
			"to": [7, 18, 0],
			"faces": {
				"north": {"uv": [0, 0, 0.5, 4], "texture": "#9"},
				"east": {"uv": [0, 0, 0.5, 4], "texture": "#9"},
				"south": {"uv": [0, 0, 0.5, 4], "texture": "#9"},
				"west": {"uv": [0, 0, 0.5, 4], "texture": "#9"},
				"up": {"uv": [0, 0, 0.5, 0.5], "texture": "#9"},
				"down": {"uv": [0, 0, 0.5, 0.5], "texture": "#9"}
			}
		},
		{
			"name": "Cube",
			"from": [6.5, 20, 4],
			"to": [7, 20.5, 6.5],
			"rotation": {"angle": -22.5, "axis": "x", "origin": [8, 8, 8]},
			"faces": {
				"north": {"uv": [0, 0, 0.5, 0.5], "texture": "#9"},
				"east": {"uv": [0, 0, 2.5, 0.5], "texture": "#9"},
				"south": {"uv": [0, 0, 0.5, 0.5], "texture": "#9"},
				"west": {"uv": [0, 0, 2.5, 0.5], "texture": "#9"},
				"up": {"uv": [0, 0, 0.5, 2.5], "texture": "#9"},
				"down": {"uv": [0, 0, 0.5, 2.5], "texture": "#9"}
			}
		},
		{
			"name": "Cube",
			"from": [5, 14, -0.5],
			"to": [7, 14.5, 0],
			"faces": {
				"north": {"uv": [0, 0, 2, 0.5], "texture": "#9"},
				"east": {"uv": [0, 0, 0.5, 0.5], "texture": "#9"},
				"south": {"uv": [0, 0, 2, 0.5], "texture": "#9"},
				"west": {"uv": [0, 0, 0.5, 0.5], "texture": "#9"},
				"up": {"uv": [0, 0, 2, 0.5], "texture": "#9"},
				"down": {"uv": [0, 0, 2, 0.5], "texture": "#9"}
			}
		},
		{
			"name": "Cube",
			"from": [1, 20.2, 12],
			"to": [3.5, 20.3, 16],
			"rotation": {"angle": -22.5, "axis": "x", "origin": [8, 8, 8]},
			"faces": {
				"north": {"uv": [0, 0, 2.5, 0.1], "texture": "#10"},
				"east": {"uv": [0, 0, 4, 0.1], "texture": "#10"},
				"south": {"uv": [0, 0, 2.5, 0.1], "texture": "#10"},
				"west": {"uv": [0, 0, 4, 0.1], "texture": "#10"},
				"up": {"uv": [1, 2, 3.5, 4], "texture": "#10"},
				"down": {"uv": [0, 0, 2.5, 4], "texture": "#10"}
			}
		},
		{
			"name": "Cube",
			"from": [2, 20, 11.6],
			"to": [3, 20.5, 12.6],
			"rotation": {"angle": -22.5, "axis": "x", "origin": [8, 9, 8]},
			"faces": {
				"north": {"uv": [0, 0, 1, 0.5], "texture": "#0"},
				"east": {"uv": [0, 0, 1, 0.5], "texture": "#0"},
				"south": {"uv": [0, 0, 1, 0.5], "texture": "#0"},
				"west": {"uv": [0, 0, 1, 0.5], "texture": "#0"},
				"up": {"uv": [0, 0, 1, 1], "texture": "#0"},
				"down": {"uv": [0, 0, 1, 1], "texture": "#0"}
			}
		},
		{
			"name": "Cube",
			"from": [2, 20, 13.5],
			"to": [3, 20.5, 14.5],
			"rotation": {"angle": -22.5, "axis": "x", "origin": [8, 8, 8]},
			"faces": {
				"north": {"uv": [0, 0, 1, 0.5], "texture": "#0"},
				"east": {"uv": [0, 0, 1, 0.5], "texture": "#0"},
				"south": {"uv": [0, 0, 1, 0.5], "texture": "#0"},
				"west": {"uv": [0, 0, 1, 0.5], "texture": "#0"},
				"up": {"uv": [0, 0, 1, 1], "texture": "#0"},
				"down": {"uv": [0, 0, 1, 1], "texture": "#0"}
			}
		},
		{
			"name": "Cube",
			"from": [2, 20, 15],
			"to": [3, 20.5, 16],
			"rotation": {"angle": -22.5, "axis": "x", "origin": [8, 8, 8]},
			"faces": {
				"north": {"uv": [0, 0, 1, 0.5], "texture": "#0"},
				"east": {"uv": [0, 0, 1, 0.5], "texture": "#0"},
				"south": {"uv": [0, 0, 1, 0.5], "texture": "#0"},
				"west": {"uv": [0, 0, 1, 0.5], "texture": "#0"},
				"up": {"uv": [0, 0, 1, 1], "texture": "#0"},
				"down": {"uv": [0, 0, 1, 1], "texture": "#0"}
			}
		},
		{
			"name": "Cube",
			"from": [2.2, 20, 12.2],
			"to": [2.8, 21, 12.8],
			"rotation": {"angle": -22.5, "axis": "x", "origin": [8, 8, 8]},
			"faces": {
				"north": {"uv": [0, 0, 0.6, 1], "texture": "#11"},
				"east": {"uv": [0, 0, 0.6, 1], "texture": "#11"},
				"south": {"uv": [0, 0, 0.6, 1], "texture": "#11"},
				"west": {"uv": [0, 0, 0.6, 1], "texture": "#11"},
				"up": {"uv": [0, 0, 0.6, 0.6], "texture": "#11"},
				"down": {"uv": [0, 0, 0.6, 0.6], "texture": "#11"}
			}
		},
		{
			"name": "Cube",
			"from": [2.2, 20, 15.2],
			"to": [2.8, 21, 15.8],
			"rotation": {"angle": -22.5, "axis": "x", "origin": [8, 8, 8]},
			"faces": {
				"north": {"uv": [0, 0, 15.6, 16], "texture": "#12"},
				"east": {"uv": [0, 0, 15.6, 16], "texture": "#12"},
				"south": {"uv": [0, 0, 15.6, 16], "texture": "#12"},
				"west": {"uv": [0, 0, 15.6, 16], "texture": "#12"},
				"up": {"uv": [0, 0, 15.6, 15.6], "texture": "#12"},
				"down": {"uv": [0, 0, 15.6, 15.6], "texture": "#12"}
			}
		},
		{
			"name": "Cube",
			"from": [2.2, 20, 13.7],
			"to": [2.8, 21, 14.3],
			"rotation": {"angle": -22.5, "axis": "x", "origin": [8, 8, 8]},
			"faces": {
				"north": {"uv": [0, 0, 15.6, 16], "texture": "#12"},
				"east": {"uv": [0, 0, 15.6, 16], "texture": "#12"},
				"south": {"uv": [0, 0, 15.6, 16], "texture": "#12"},
				"west": {"uv": [0, 0, 15.6, 16], "texture": "#12"},
				"up": {"uv": [0, 0, 15.6, 15.6], "texture": "#12"},
				"down": {"uv": [0, 0, 15.6, 15.6], "texture": "#12"}
			}
		},
		{
			"name": "Cube",
			"from": [2, 21, 12],
			"to": [3, 21.2, 13],
			"rotation": {"angle": -22.5, "axis": "x", "origin": [8, 8, 8]},
			"faces": {
				"north": {"uv": [0, 0, 1, 0.2], "texture": "#11"},
				"east": {"uv": [0, 0, 1, 0.2], "texture": "#11"},
				"south": {"uv": [0, 0, 1, 0.2], "texture": "#11"},
				"west": {"uv": [0, 0, 1, 0.2], "texture": "#11"},
				"up": {"uv": [0, 0, 1, 1], "texture": "#11"},
				"down": {"uv": [0, 0, 1, 1], "texture": "#11"}
			}
		},
		{
			"name": "Cube",
			"from": [12.5, 21, 7.5],
			"to": [13.5, 22, 8.5],
			"faces": {
				"north": {"uv": [0, 0, 1, 1], "texture": "#0"},
				"east": {"uv": [0, 0, 1, 1], "texture": "#0"},
				"south": {"uv": [0, 0, 1, 1], "texture": "#0"},
				"west": {"uv": [0, 0, 1, 1], "texture": "#0"},
				"up": {"uv": [0, 0, 1, 1], "texture": "#0"},
				"down": {"uv": [0, 0, 1, 1], "texture": "#0"}
			}
		},
		{
			"name": "Cube",
			"from": [12.5, 22.5, 7.5],
			"to": [13.5, 23.5, 8.5],
			"faces": {
				"north": {"uv": [0, 0, 1, 1], "texture": "#0"},
				"east": {"uv": [0, 0, 1, 1], "texture": "#0"},
				"south": {"uv": [0, 0, 1, 1], "texture": "#0"},
				"west": {"uv": [0, 0, 1, 1], "texture": "#0"},
				"up": {"uv": [0, 0, 1, 1], "texture": "#0"},
				"down": {"uv": [0, 0, 1, 1], "texture": "#0"}
			}
		},
		{
			"name": "Cube",
			"from": [12.5, 23.8, 7.5],
			"to": [13.5, 24.1, 8.5],
			"faces": {
				"north": {"uv": [0, 0, 1, 0.3], "texture": "#0"},
				"east": {"uv": [0, 0, 1, 0.3], "texture": "#0"},
				"south": {"uv": [0, 0, 1, 0.3], "texture": "#0"},
				"west": {"uv": [0, 0, 1, 0.3], "texture": "#0"},
				"up": {"uv": [0, 0, 1, 1], "texture": "#0"},
				"down": {"uv": [0, 0, 1, 1], "texture": "#0"}
			}
		},
		{
			"name": "Cube",
			"from": [12.7, 20.8, 7.7],
			"to": [13.3, 24.1, 8.3],
			"faces": {
				"north": {"uv": [0, 0, 0.6, 3.3], "texture": "#0"},
				"east": {"uv": [0, 0, 0.6, 3.3], "texture": "#0"},
				"south": {"uv": [0, 0, 0.6, 3.3], "texture": "#0"},
				"west": {"uv": [0, 0, 0.6, 3.3], "texture": "#0"},
				"up": {"uv": [0, 0, 0.6, 0.6], "texture": "#0"},
				"down": {"uv": [0, 0, 0.6, 0.6], "texture": "#0"}
			}
		}
	],
	"display": {
		"gui": {
			"rotation": [45, 45, 0],
			"scale": [0.5, 0.5, 0.5]
		}
	}
}