{
	"credit": "Made with Blockbench - Made by RyanGar46 - Models are for Classic 3D Only",
	"parent": "block/cube_all",
	"textures": {
		"0": "block/iron_ore",
		"1": "block/tardis_goo",
		"2": "block/tardis_striplights",
		"3": "block/tardistv",
		"4": "block/iron_block",
		"5": "block/stone_slab_top"
	},
	"elements": [
		{
			"name": "Cube",
			"from": [-16, 11, 0],
			"to": [16, 16, 16],
			"faces": {
				"north": {"uv": [0, 0, 16, 5], "texture": "#0"},
				"east": {"uv": [0, 0, 16, 5], "texture": "#0"},
				"south": {"uv": [0, 0, -13, 5], "texture": "#0"},
				"west": {"uv": [0, 0, 16, 5], "texture": "#0"},
				"up": {"uv": [0, 0, 16, 16], "texture": "#0"},
				"down": {"uv": [0, 0, 16, 16], "texture": "#0"}
			}
		},
		{
			"name": "Cube",
			"from": [0, 14, 4],
			"to": [16, 20.2, 18],
			"rotation": {"angle": -22.5, "axis": "x", "origin": [8, 8, 8]},
			"faces": {
				"north": {"uv": [0, 0, 16, 6.2], "texture": "#0"},
				"east": {"uv": [0, 0, 14, 6.2], "texture": "#0"},
				"south": {"uv": [0, 0, 16, 6.2], "texture": "#0"},
				"west": {"uv": [0, 0, 14, 6.2], "texture": "#0"},
				"up": {"uv": [0, 0, 16, 16], "texture": "#1"},
				"down": {"uv": [0, 0, 16, 14], "texture": "#1"}
			}
		},
		{
			"name": "Cube",
			"from": [0, 16, 12],
			"to": [16, 24, 16],
			"faces": {
				"north": {"uv": [0, 0, 16, 14], "texture": "#2"},
				"east": {"uv": [0, 0, 4, 8], "texture": "#0"},
				"south": {"uv": [0, 0, 16, 8], "texture": "#0"},
				"west": {"uv": [0, 0, 4, 8], "texture": "#0"},
				"up": {"uv": [0, 0, 16, 4], "texture": "#0"},
				"down": {"uv": [0, 0, 16, 4], "texture": "#0"}
			}
		},
		{
			"name": "Cube",
			"from": [-6, 16, 5.2],
			"to": [-0.5, 24, 10.2],
			"rotation": {"angle": 45, "axis": "y", "origin": [8, 8, 8]},
			"faces": {
				"north": {"uv": [0, 0, 5.5, 14], "texture": "#2"},
				"east": {"uv": [0, 0, 5, 8], "texture": "#0"},
				"south": {"uv": [0, 0, 5.5, 8], "texture": "#0"},
				"west": {"uv": [0, 0, 5, 8], "texture": "#0"},
				"up": {"uv": [0, 0, 5.5, 5], "texture": "#0"},
				"down": {"uv": [0, 0, 7.5, 5], "texture": "#0"}
			}
		},
		{
			"name": "Cube",
			"from": [11, -2.5, 7.5],
			"to": [16, 12.5, 12.5],
			"rotation": {"angle": -22.5, "axis": "x", "origin": [8, 8, 8]},
			"faces": {
				"north": {"uv": [0, 0, 5, 15], "texture": "#0"},
				"east": {"uv": [0, 0, 5, 15], "texture": "#0"},
				"south": {"uv": [0, 0, 5, 15], "texture": "#0"},
				"west": {"uv": [0, 0, 5, 15], "texture": "#0"},
				"up": {"uv": [0, 0, 5, 5], "texture": "#0"},
				"down": {"uv": [0, 0, 5, 5], "texture": "#0"}
			}
		},
		{
			"name": "Cube",
			"from": [0, -2.5, 7.5],
			"to": [5, 12.5, 12.5],
			"rotation": {"angle": -22.5, "axis": "x", "origin": [8, 8, 8]},
			"faces": {
				"north": {"uv": [0, 0, 5, 15], "texture": "#0"},
				"east": {"uv": [0, 0, 5, 15], "texture": "#0"},
				"south": {"uv": [0, 0, 5, 15], "texture": "#0"},
				"west": {"uv": [0, 0, 5, 15], "texture": "#0"},
				"up": {"uv": [0, 0, 5, 5], "texture": "#0"},
				"down": {"uv": [0, 0, 5, 5], "texture": "#0"}
			}
		},
		{
			"name": "Cube",
			"from": [-4.5, 16, 9],
			"to": [-2.5, 17, 29],
			"rotation": {"angle": -45, "axis": "y", "origin": [8, 8, 8]},
			"faces": {
				"north": {"uv": [0, 0, 2, 1], "texture": "#0"},
				"east": {"uv": [0, 0, 16, 1], "texture": "#0"},
				"south": {"uv": [0, 0, 2, 1], "texture": "#0"},
				"west": {"uv": [0, 0, 16, 1], "texture": "#0"},
				"up": {"uv": [0, 0, 2, 20], "texture": "#0"},
				"down": {"uv": [0, 0, 2, 16], "texture": "#0"}
			}
		},
		{
			"name": "space",
			"from": [-3.5, 17, 9],
			"to": [-1.5, 18, 28],
			"rotation": {"angle": -45, "axis": "y", "origin": [8, 8, 8]},
			"faces": {
				"north": {"uv": [0, 0, 2, 1], "texture": "#3"},
				"east": {"uv": [0, 0, 16, 1], "texture": "#3"},
				"south": {"uv": [0, 0, 2, 1], "texture": "#3"},
				"west": {"uv": [0, 14, 16, 15], "texture": "#3"},
				"up": {"uv": [0, 10, 16, 12], "rotation": 90, "texture": "#3"},
				"down": {"uv": [0, 0, 2, 16], "texture": "#3"}
			}
		},
		{
			"name": "space",
			"from": [-1.5, 18, 11],
			"to": [0.5, 19, 26],
			"rotation": {"angle": -45, "axis": "y", "origin": [8, 8, 8]},
			"faces": {
				"north": {"uv": [0, 0, 2, 1], "texture": "#3"},
				"east": {"uv": [0, 0, 15, 1], "texture": "#3"},
				"south": {"uv": [0, 0, 2, 1], "texture": "#3"},
				"west": {"uv": [0.5, 8.3, 15.5, 10.3], "texture": "#3"},
				"up": {"uv": [0.5, 7, 15.5, 8.5], "rotation": 90, "texture": "#3"},
				"down": {"uv": [0, 0, 2, 15], "texture": "#3"}
			}
		},
		{
			"name": "space",
			"from": [0.5, 19, 13],
			"to": [2.5, 20, 24],
			"rotation": {"angle": -45, "axis": "y", "origin": [8, 8, 8]},
			"faces": {
				"north": {"uv": [0, 0, 2, 1], "texture": "#-1"},
				"east": {"uv": [0, 0, 11, 1], "texture": "#-1"},
				"south": {"uv": [0, 0, 2, 1], "texture": "#-1"},
				"west": {"uv": [2.5, 5.4, 13.5, 7], "texture": "#3"},
				"up": {"uv": [2, 2.5, 13.8, 5.5], "rotation": 90, "texture": "#3"},
				"down": {"uv": [0, 0, 2, 11], "texture": "#-1"}
			}
		},
		{
			"name": "space",
			"from": [2.5, 20, 14],
			"to": [4.5, 21, 22],
			"rotation": {"angle": -45, "axis": "y", "origin": [8, 8, 8]},
			"faces": {
				"north": {"uv": [0, 0, 2, 1], "texture": "#-1"},
				"east": {"uv": [0, 0, 8, 1], "texture": "#-1"},
				"south": {"uv": [0, 0, 2, 1], "texture": "#-1"},
				"west": {"uv": [0, 1.5, 14, 2], "texture": "#3"},
				"up": {"uv": [0, 0.5, 16, 1.5], "rotation": 90, "texture": "#3"},
				"down": {"uv": [0, 0, 2, 8], "texture": "#-1"}
			}
		},
		{
			"name": "space",
			"from": [4.5, 21, 15],
			"to": [6.5, 22, 21],
			"rotation": {"angle": -45, "axis": "y", "origin": [8, 8, 8]},
			"faces": {
				"north": {"uv": [0, 0, 2, 1], "texture": "#3"},
				"east": {"uv": [0, 0, 6, 1], "texture": "#3"},
				"south": {"uv": [0, 0, 2, 1], "texture": "#3"},
				"west": {"uv": [0, 0.4, 16, 0], "rotation": 180, "texture": "#3"},
				"up": {"uv": [0, 0, 10, 1], "texture": "#3"},
				"down": {"uv": [0, 0, 3, 6], "texture": "#3"}
			}
		},
		{
			"name": "side",
			"from": [-1, 19, 4],
			"to": [1, 20, 18],
			"rotation": {"angle": -22.5, "axis": "x", "origin": [8, 8, 8]},
			"faces": {
				"north": {"uv": [0, 0, 2, 1], "texture": "#0"},
				"east": {"uv": [0, 0, 14, 1], "texture": "#0"},
				"south": {"uv": [0, 0, 2, 1], "texture": "#0"},
				"west": {"uv": [0, 0, 14, 1], "texture": "#0"},
				"up": {"uv": [0, 0, 2, 14], "texture": "#0"},
				"down": {"uv": [0, 0, 2, 14], "texture": "#0"}
			}
		},
		{
			"name": "side",
			"from": [-10, 23, 14],
			"to": [4, 26, 16],
			"rotation": {"angle": 22.5, "axis": "z", "origin": [8, 8, 8]},
			"faces": {
				"north": {"uv": [0, 0, 14, 3], "texture": "#0"},
				"east": {"uv": [0, 0, 2, 3], "texture": "#0"},
				"south": {"uv": [0, 0, 14, 3], "texture": "#0"},
				"west": {"uv": [0, 0, 2, 3], "texture": "#0"},
				"up": {"uv": [0, 0, 14, 2], "texture": "#0"},
				"down": {"uv": [0, 0, 14, 2], "texture": "#0"}
			}
		},
		{
			"name": "Cube",
			"from": [-13, 16, 3],
			"to": [-5, 16.5, 11],
			"faces": {
				"north": {"uv": [0, 0, 16, 0.5], "texture": "#4"},
				"east": {"uv": [0, 0, 16, 0.5], "texture": "#4"},
				"south": {"uv": [0, 0, 16, 0.5], "texture": "#4"},
				"west": {"uv": [0, 0, 16, 0.5], "texture": "#4"},
				"up": {"uv": [0, 0, 16, 16], "texture": "#4"},
				"down": {"uv": [0, 0, 16, 16], "texture": "#4"}
			}
		},
		{
			"name": "Cube",
			"from": [0, 0, 0],
			"to": [16, 0.1, 16],
			"faces": {
				"north": {"uv": [0, 0, 16, 0.1], "texture": "#5"},
				"east": {"uv": [0, 0, 16, 0.1], "texture": "#5"},
				"south": {"uv": [0, 0, 16, 0.1], "texture": "#5"},
				"west": {"uv": [0, 0, 16, 0.1], "texture": "#5"},
				"up": {"uv": [0, 0, 16, 16], "texture": "#5"},
				"down": {"uv": [0, 0, 16, 16], "texture": "#5"}
			}
		}
	],
	"display": {
		"gui": {
			"rotation": [45, 45, 0],
			"scale": [0.5, 0.5, 0.5]
		}
	}
}