{
	"credit": "Made with Blockbench",
	"textures": {
		"0": "block/blue_concrete",
		"1": "block/iron_ore",
		"2": "block/blackg",
		"particle": "block/blue_concrete"
	},
	"elements": [
		{
			"from": [-0.8, 7, 0],
			"to": [0, 7.8, 16],
			"faces": {
				"north": {"uv": [0, 0, 16, 16], "texture": "#1"},
				"east": {"uv": [0, 0, 16, 16], "texture": "#1"},
				"south": {"uv": [0, 0, 16, 16], "texture": "#1"},
				"west": {"uv": [0, 0, 16, 16], "texture": "#1"},
				"up": {"uv": [0, 0, 16, 16], "rotation": 90, "texture": "#0"},
				"down": {"uv": [0, 0, 16, 16], "rotation": 270, "texture": "#1"}
			}
		},
		{
			"from": [0, 0, 16],
			"to": [16, 0.8, 16.8],
			"faces": {
				"north": {"uv": [0, 0, 16, 16], "texture": "#1"},
				"east": {"uv": [0, 0, 16, 16], "texture": "#1"},
				"south": {"uv": [0, 0, 16, 16], "texture": "#1"},
				"west": {"uv": [0, 0, 16, 16], "texture": "#1"},
				"up": {"uv": [0, 0, 16, 16], "texture": "#1"},
				"down": {"uv": [0, 0, 16, 16], "texture": "#1"}
			}
		},
		{
			"from": [-0.8, 0, 0],
			"to": [0, 0.8, 16],
			"faces": {
				"north": {"uv": [0, 0, 16, 16], "texture": "#1"},
				"east": {"uv": [0, 0, 16, 16], "texture": "#1"},
				"south": {"uv": [0, 0, 16, 16], "texture": "#1"},
				"west": {"uv": [0, 0, 16, 16], "texture": "#1"},
				"up": {"uv": [0, 0, 16, 16], "rotation": 90, "texture": "#1"},
				"down": {"uv": [0, 0, 16, 16], "rotation": 270, "texture": "#1"}
			}
		},
		{
			"from": [0, 0, -0.8],
			"to": [16, 0.8, 0],
			"faces": {
				"north": {"uv": [0, 0, 16, 16], "texture": "#1"},
				"east": {"uv": [0, 0, 16, 16], "texture": "#1"},
				"south": {"uv": [0, 0, 16, 16], "texture": "#1"},
				"west": {"uv": [0, 0, 16, 16], "texture": "#1"},
				"up": {"uv": [0, 0, 16, 16], "rotation": 180, "texture": "#1"},
				"down": {"uv": [0, 0, 16, 16], "rotation": 180, "texture": "#1"}
			}
		},
		{
			"from": [16, 0, 0],
			"to": [16.8, 0.8, 16],
			"faces": {
				"north": {"uv": [0, 0, 16, 16], "texture": "#1"},
				"east": {"uv": [0, 0, 16, 16], "texture": "#1"},
				"south": {"uv": [0, 0, 16, 16], "texture": "#1"},
				"west": {"uv": [0, 0, 16, 16], "texture": "#1"},
				"up": {"uv": [0, 0, 16, 16], "rotation": 270, "texture": "#1"},
				"down": {"uv": [0, 0, 16, 16], "rotation": 90, "texture": "#1"}
			}
		},
		{
			"from": [16, 7, 0],
			"to": [16.8, 7.8, 16],
			"faces": {
				"north": {"uv": [0, 0, 16, 16], "texture": "#1"},
				"east": {"uv": [0, 0, 16, 16], "texture": "#1"},
				"south": {"uv": [0, 0, 16, 16], "texture": "#1"},
				"west": {"uv": [0, 0, 16, 16], "texture": "#1"},
				"up": {"uv": [0, 0, 16, 16], "rotation": 270, "texture": "#0"},
				"down": {"uv": [0, 0, 16, 16], "rotation": 90, "texture": "#1"}
			}
		},
		{
			"from": [0, 7, 16],
			"to": [16, 7.8, 16.8],
			"faces": {
				"north": {"uv": [0, 0, 16, 16], "texture": "#1"},
				"east": {"uv": [0, 0, 16, 16], "texture": "#1"},
				"south": {"uv": [0, 0, 16, 16], "texture": "#1"},
				"west": {"uv": [0, 0, 16, 16], "texture": "#1"},
				"up": {"uv": [0, 0, 16, 16], "texture": "#0"},
				"down": {"uv": [0, 0, 16, 16], "texture": "#1"}
			}
		},
		{
			"from": [0, 7, -0.8],
			"to": [16, 7.8, 1],
			"faces": {
				"north": {"uv": [0, 0, 16, 16], "texture": "#1"},
				"east": {"uv": [0, 0, 16, 16], "texture": "#1"},
				"south": {"uv": [0, 0, 16, 16], "texture": "#1"},
				"west": {"uv": [0, 0, 16, 16], "texture": "#1"},
				"up": {"uv": [0, 0, 16, 16], "texture": "#0"},
				"down": {"uv": [0, 0, 16, 16], "texture": "#1"}
			}
		},
		{
			"from": [0, 7, 0],
			"to": [16, 8, 16],
			"faces": {
				"north": {"uv": [0, 0, 16, 16], "texture": "#1"},
				"east": {"uv": [0, 0, 16, 16], "texture": "#1"},
				"south": {"uv": [0, 0, 16, 16], "texture": "#1"},
				"west": {"uv": [0, 0, 16, 16], "texture": "#1"},
				"up": {"uv": [0, 0, 16, 16], "texture": "#0"},
				"down": {"uv": [0, 0, 16, 16], "texture": "#1"}
			}
		},
		{
			"from": [0, 0, 0],
			"to": [16, 1, 16],
			"faces": {
				"north": {"uv": [0, 0, 16, 16], "texture": "#1"},
				"east": {"uv": [0, 0, 16, 16], "texture": "#1"},
				"south": {"uv": [0, 0, 16, 16], "texture": "#1"},
				"west": {"uv": [0, 0, 16, 16], "texture": "#1"},
				"up": {"uv": [0, 0, 16, 16], "texture": "#1"},
				"down": {"uv": [0, 0, 16, 16], "texture": "#1"}
			}
		},
		{
			"from": [0.8, 1, 15],
			"to": [15.3, 7, 16],
			"faces": {
				"north": {"uv": [0, 0, 16, 7.625], "texture": "#2"},
				"east": {"uv": [0, 6.875, 16, 7.625], "texture": "#2"},
				"south": {"uv": [0, 0, 16, 7.625], "texture": "#2"},
				"west": {"uv": [0, 7.125, 16, 7.625], "texture": "#2"},
				"up": {"uv": [0, 0, 16, 7.625], "rotation": 90, "texture": "#0"},
				"down": {"uv": [0, 0, 16, 7.625], "rotation": 270, "texture": "#1"}
			}
		},
		{
			"from": [0.8, 1, 0],
			"to": [15.3, 7, 1],
			"faces": {
				"north": {"uv": [0, 0, 16, 7.625], "texture": "#2"},
				"east": {"uv": [0, 6.875, 16, 7.625], "texture": "#2"},
				"south": {"uv": [0, 0, 16, 7.625], "texture": "#2"},
				"west": {"uv": [0, 7.125, 16, 7.625], "texture": "#2"},
				"up": {"uv": [0, 0, 16, 7.625], "rotation": 90, "texture": "#0"},
				"down": {"uv": [0, 0, 16, 7.625], "rotation": 270, "texture": "#1"}
			}
		},
		{
			"from": [0, 1, 1],
			"to": [1, 7, 15],
			"faces": {
				"north": {"uv": [0, 6.875, 16, 7.625], "texture": "#2"},
				"east": {"uv": [0, 0, 16, 7.625], "texture": "#2"},
				"south": {"uv": [0, 7.125, 16, 7.625], "texture": "#2"},
				"west": {"uv": [0, 0, 16, 7.625], "texture": "#2"},
				"up": {"uv": [0, 0, 16, 7.625], "texture": "#0"},
				"down": {"uv": [0, 0, 16, 7.625], "texture": "#1"}
			}
		},
		{
			"from": [14, 1, 1],
			"to": [16, 7, 15],
			"faces": {
				"north": {"uv": [0, 6.875, 16, 7.625], "texture": "#2"},
				"east": {"uv": [0, 0, 16, 7.625], "texture": "#2"},
				"south": {"uv": [0, 7.125, 16, 7.625], "texture": "#2"},
				"west": {"uv": [0, 0, 16, 7.625], "texture": "#2"},
				"up": {"uv": [0, 0, 16, 7.625], "texture": "#0"},
				"down": {"uv": [0, 0, 16, 7.625], "texture": "#1"}
			}
		}
	],
	"display": {
		"thirdperson_righthand": {
			"scale": [0.475, 0.475, 0.475]
		},
		"thirdperson_lefthand": {
			"scale": [0.5, 0.5, 0.5]
		},
		"firstperson_righthand": {
			"scale": [0.5, 0.5, 0.5]
		},
		"firstperson_lefthand": {
			"scale": [0.5, 0.5, 0.5]
		},
		"ground": {
			"scale": [0.5, 0.5, 0.5]
		},
		"fixed": {
			"scale": [0.5, 0.5, 0.5]
		},
		"gui": {
			"scale": [0.5, 0.5, 0.5],
			"rotation": [45, -45, 0],
			"translation": [0, 1, 0]
		}
	}
}