{
    "__comment": "Model generated using MrCrayfish's Model Creator (http://mrcrayfish.com/modelcreator/)",
    "parent": "block/cube_all", 
    "textures": {
        "0": "block/oak_planks",
        "1": "block/red_wool"
    },
    "elements": [
        {
            "name": "leg1",
            "from": [ 0.0, 0.0, 0.0 ], 
            "to": [ 2.0, 4.0, 2.0 ], 
            "faces": {
                "north": { "texture": "#0", "uv": [ 0.0, 0.0, 2.0, 4.0 ] },
                "east": { "texture": "#0", "uv": [ 0.0, 0.0, 2.0, 4.0 ] },
                "south": { "texture": "#0", "uv": [ 0.0, 0.0, 2.0, 4.0 ] },
                "west": { "texture": "#0", "uv": [ 0.0, 0.0, 2.0, 4.0 ] },
                "up": { "texture": "#0", "uv": [ 0.0, 0.0, 2.0, 2.0 ] },
                "down": { "texture": "#0", "uv": [ 0.0, 0.0, 2.0, 2.0 ] }
            }
        },
        {
            "name": "leg2",
            "from": [ 14.0, 0.0, 0.0 ], 
            "to": [ 16.0, 4.0, 2.0 ], 
            "faces": {
                "north": { "texture": "#0", "uv": [ 0.0, 0.0, 2.0, 4.0 ] },
                "east": { "texture": "#0", "uv": [ 0.0, 0.0, 2.0, 4.0 ] },
                "south": { "texture": "#0", "uv": [ 0.0, 0.0, 2.0, 4.0 ] },
                "west": { "texture": "#0", "uv": [ 0.0, 0.0, 2.0, 4.0 ] },
                "up": { "texture": "#0", "uv": [ 0.0, 0.0, 2.0, 2.0 ] },
                "down": { "texture": "#0", "uv": [ 0.0, 0.0, 2.0, 2.0 ] }
            }
        },
        {
            "name": "leg3",
            "from": [ 14.0, 0.0, 14.0 ], 
            "to": [ 16.0, 4.0, 16.0 ], 
            "faces": {
                "north": { "texture": "#0", "uv": [ 0.0, 0.0, 2.0, 4.0 ] },
                "east": { "texture": "#0", "uv": [ 0.0, 0.0, 2.0, 4.0 ] },
                "south": { "texture": "#0", "uv": [ 0.0, 0.0, 2.0, 4.0 ] },
                "west": { "texture": "#0", "uv": [ 0.0, 0.0, 2.0, 4.0 ] },
                "up": { "texture": "#0", "uv": [ 0.0, 0.0, 2.0, 2.0 ] },
                "down": { "texture": "#0", "uv": [ 0.0, 0.0, 2.0, 2.0 ] }
            }
        },
        {
            "name": "leg4",
            "from": [ 0.0, 0.0, 14.0 ], 
            "to": [ 2.0, 4.0, 16.0 ], 
            "faces": {
                "north": { "texture": "#0", "uv": [ 0.0, 0.0, 2.0, 4.0 ] },
                "east": { "texture": "#0", "uv": [ 0.0, 0.0, 2.0, 4.0 ] },
                "south": { "texture": "#0", "uv": [ 0.0, 0.0, 2.0, 4.0 ] },
                "west": { "texture": "#0", "uv": [ 0.0, 0.0, 2.0, 4.0 ] },
                "up": { "texture": "#0", "uv": [ 0.0, 0.0, 2.0, 2.0 ] },
                "down": { "texture": "#0", "uv": [ 0.0, 0.0, 2.0, 2.0 ] }
            }
        },
        {
            "name": "Cube",
            "from": [ 0.0, 4.0, 0.0 ], 
            "to": [ 16.0, 8.0, 16.0 ], 
            "faces": {
                "north": { "texture": "#1", "uv": [ 0.0, 0.0, 16.0, 9.0 ] },
                "east": { "texture": "#1", "uv": [ 0.0, 0.0, 16.0, 9.0 ] },
                "south": { "texture": "#1", "uv": [ 0.0, 0.0, 16.0, 9.0 ] },
                "west": { "texture": "#1", "uv": [ 0.0, 0.0, 16.0, 8.0 ] },
                "up": { "texture": "#1", "uv": [ 0.0, 0.0, 16.0, 16.0 ] },
                "down": { "texture": "#1", "uv": [ 0.0, 0.0, 16.0, 16.0 ] }
            }
        },
        {
            "name": "Cube",
            "from": [ 12.0, 8.0, 0.0 ], 
            "to": [ 16.0, 20.0, 16.0 ], 
            "faces": {
                "north": { "texture": "#1", "uv": [ 0.0, 0.0, 16.0, 16.0 ] },
                "east": { "texture": "#1", "uv": [ 0.0, 0.0, -9.0, 15.0 ] },
                "south": { "texture": "#1", "uv": [ 0.0, 0.0, 16.0, 16.0 ] },
                "west": { "texture": "#1", "uv": [ 0.0, 0.0, 16.0, 16.0 ] },
                "up": { "texture": "#1", "uv": [ 0.0, 0.0, 16.0, 16.0 ] },
                "down": { "texture": "#1", "uv": [ 0.0, 0.0, 16.0, 16.0 ] }
            }
        },
        {
            "name": "Cube",
            "from": [ 12.0, 20.0, 4.0 ], 
            "to": [ 16.0, 22.0, 12.0 ], 
            "faces": {
                "north": { "texture": "#1", "uv": [ 0.0, 0.0, 4.0, 2.0 ] },
                "east": { "texture": "#1", "uv": [ 0.0, 0.0, 8.0, 2.0 ] },
                "south": { "texture": "#1", "uv": [ 0.0, 0.0, 4.0, 2.0 ] },
                "west": { "texture": "#1", "uv": [ 0.0, 0.0, 8.0, 2.0 ] },
                "up": { "texture": "#1", "uv": [ 0.0, 0.0, 4.0, 8.0 ] },
                "down": { "texture": "#1", "uv": [ 0.0, 0.0, 4.0, 8.0 ] }
            }
        }
    ]
}