{
	"credit": "Made with Blockbench",
	"parent": "block/cube_all",
	"textures": {
		"0": "block/oak_planks",
		"1": "block/red_wool",
		"2": "block/blue_wool",
		"3": "block/black_concrete",
		"particle": "block/red_wool"
	},
	"elements": [
		{
			"name": "leg1",
			"from": [1, 1, 1],
			"to": [3, 4, 3],
			"faces": {
				"north": {"uv": [0, 0, 2, 4], "texture": "#0"},
				"east": {"uv": [0, 0, 2, 4], "texture": "#0"},
				"south": {"uv": [0, 0, 2, 4], "texture": "#0"},
				"west": {"uv": [0, 0, 2, 4], "texture": "#0"},
				"up": {"uv": [0, 0, 2, 2], "texture": "#0"},
				"down": {"uv": [0, 0, 2, 2], "texture": "#0"}
			}
		},
		{
			"name": "leg2",
			"from": [13, 1, 1],
			"to": [15, 4, 3],
			"faces": {
				"north": {"uv": [0, 0, 2, 4], "texture": "#0"},
				"east": {"uv": [0, 0, 2, 4], "texture": "#0"},
				"south": {"uv": [0, 0, 2, 4], "texture": "#0"},
				"west": {"uv": [0, 0, 2, 4], "texture": "#0"},
				"up": {"uv": [0, 0, 2, 2], "texture": "#0"},
				"down": {"uv": [0, 0, 2, 2], "texture": "#0"}
			}
		},
		{
			"name": "leg3",
			"from": [13, 1, 13],
			"to": [15, 4, 15],
			"faces": {
				"north": {"uv": [0, 0, 2, 4], "texture": "#0"},
				"east": {"uv": [0, 0, 2, 4], "texture": "#0"},
				"south": {"uv": [0, 0, 2, 4], "texture": "#0"},
				"west": {"uv": [0, 0, 2, 4], "texture": "#0"},
				"up": {"uv": [0, 0, 2, 2], "texture": "#0"},
				"down": {"uv": [0, 0, 2, 2], "texture": "#0"}
			}
		},
		{
			"name": "leg4",
			"from": [1, 1, 13],
			"to": [3, 4, 15],
			"faces": {
				"north": {"uv": [0, 0, 2, 4], "texture": "#0"},
				"east": {"uv": [0, 0, 2, 4], "texture": "#0"},
				"south": {"uv": [0, 0, 2, 4], "texture": "#0"},
				"west": {"uv": [0, 0, 2, 4], "texture": "#0"},
				"up": {"uv": [0, 0, 2, 2], "texture": "#0"},
				"down": {"uv": [0, 0, 2, 2], "texture": "#0"}
			}
		},
		{
			"name": "Cube",
			"from": [0, 4, 0],
			"to": [16, 8, 16],
			"faces": {
				"north": {"uv": [0, 0, 16, 9], "texture": "#1"},
				"east": {"uv": [0, 0, 16, 9], "texture": "#1"},
				"south": {"uv": [0, 0, 16, 9], "texture": "#1"},
				"west": {"uv": [0, 0, 16, 8], "texture": "#1"},
				"up": {"uv": [0, 0, 16, 16], "texture": "#1"},
				"down": {"uv": [0, 0, 16, 16], "texture": "#1"}
			}
		},
		{
			"name": "Cube",
			"from": [12, 8, 0],
			"to": [16, 20, 16],
			"faces": {
				"north": {"uv": [0, 0, 16, 16], "texture": "#1"},
				"east": {"uv": [0, 0, 16, 16], "texture": "#1"},
				"south": {"uv": [0, 0, 16, 16], "texture": "#1"},
				"west": {"uv": [0, 0, 16, 16], "texture": "#1"},
				"up": {"uv": [0, 0, 16, 16], "texture": "#1"},
				"down": {"uv": [0, 0, 16, 16], "texture": "#1"}
			}
		},
		{
			"name": "Cube",
			"from": [2, 8, -1],
			"to": [12, 12, 3],
			"faces": {
				"north": {"uv": [0, 0, 16, 4], "texture": "#1"},
				"east": {"uv": [0, 0, 4, 4], "texture": "#1"},
				"south": {"uv": [0, 0, 16, 4], "texture": "#1"},
				"west": {"uv": [0, 0, 4, 4], "texture": "#1"},
				"up": {"uv": [0, 0, 16, 4], "texture": "#1"},
				"down": {"uv": [0, 0, 16, 4], "texture": "#1"}
			}
		},
		{
			"name": "Cube",
			"from": [2, 8, 13],
			"to": [12, 12, 17],
			"faces": {
				"north": {"uv": [0, 0, 16, 4], "texture": "#1"},
				"east": {"uv": [0, 0, 4, 4], "texture": "#1"},
				"south": {"uv": [0, 0, 16, 4], "texture": "#1"},
				"west": {"uv": [0, 0, 4, 4], "texture": "#1"},
				"up": {"uv": [0, 0, 16, 4], "texture": "#1"},
				"down": {"uv": [0, 0, 16, 4], "texture": "#1"}
			}
		},
		{
			"name": "Cube",
			"from": [11, 17, 4],
			"to": [16, 21, 12],
			"faces": {
				"north": {"uv": [0, 0, 4, 2], "texture": "#1"},
				"east": {"uv": [0, 0, 8, 2], "texture": "#1"},
				"south": {"uv": [0, 0, 4, 2], "texture": "#1"},
				"west": {"uv": [0, 0, 8, 2], "texture": "#1"},
				"up": {"uv": [0, 0, 4, 8], "texture": "#1"},
				"down": {"uv": [0, 0, 4, 8], "texture": "#1"}
			}
		},
		{
			"name": "Cube",
			"from": [11, 8, 6],
			"to": [13, 14, 12],
			"rotation": {"angle": -22.5, "axis": "y", "origin": [8, 8, 8]},
			"faces": {
				"north": {"uv": [0, 0, 16, 16], "texture": "#2"},
				"east": {"uv": [0, 0, 16, 16], "texture": "#2"},
				"south": {"uv": [0, 0, 16, 16], "texture": "#2"},
				"west": {"uv": [0, 0, 16, 16], "texture": "#2"},
				"up": {"uv": [0, 0, 16, 16], "texture": "#2"},
				"down": {"uv": [0, 0, 4, 8], "texture": "#1"}
			}
		},
		{
			"name": "Cube",
			"from": [10, 8, 4],
			"to": [12, 13, 9],
			"rotation": {"angle": 22.5, "axis": "y", "origin": [8, 8, 8]},
			"faces": {
				"north": {"uv": [0, 0, 16, 16], "texture": "#2"},
				"east": {"uv": [0, 0, 16, 16], "texture": "#2"},
				"south": {"uv": [0, 0, 16, 16], "texture": "#2"},
				"west": {"uv": [0, 0, 16, 16], "texture": "#2"},
				"up": {"uv": [0, 0, 16, 16], "texture": "#2"},
				"down": {"uv": [0, 0, 4, 8], "texture": "#1"}
			}
		},
		{
			"name": "Cube",
			"from": [1, 9, 0],
			"to": [3, 11, 2],
			"faces": {
				"north": {"uv": [0, 0, 2, 4], "texture": "#0"},
				"east": {"uv": [0, 0, 2, 4], "texture": "#0"},
				"south": {"uv": [0, 0, 2, 4], "texture": "#0"},
				"west": {"uv": [0, 0, 2, 4], "texture": "#0"},
				"up": {"uv": [0, 0, 2, 2], "texture": "#0"},
				"down": {"uv": [0, 0, 2, 2], "texture": "#0"}
			}
		},
		{
			"name": "Cube",
			"from": [1, 9, 14],
			"to": [3, 11, 16],
			"faces": {
				"north": {"uv": [0, 0, 2, 4], "texture": "#0"},
				"east": {"uv": [0, 0, 2, 4], "texture": "#0"},
				"south": {"uv": [0, 0, 2, 4], "texture": "#0"},
				"west": {"uv": [0, 0, 2, 4], "texture": "#0"},
				"up": {"uv": [0, 0, 2, 2], "texture": "#0"},
				"down": {"uv": [0, 0, 2, 2], "texture": "#0"}
			}
		},
		{
			"name": "Cube",
			"from": [0, 0, 0],
			"to": [2, 1, 2],
			"faces": {
				"north": {"uv": [0, 0, 2, 4], "texture": "#0"},
				"east": {"uv": [0, 0, 2, 4], "texture": "#0"},
				"south": {"uv": [0, 0, 2, 4], "texture": "#0"},
				"west": {"uv": [0, 0, 2, 4], "texture": "#0"},
				"up": {"uv": [0, 0, 2, 2], "texture": "#0"},
				"down": {"uv": [0, 0, 2, 2], "texture": "#0"}
			}
		},
		{
			"name": "Cube",
			"from": [14, 0, 0],
			"to": [16, 1, 2],
			"faces": {
				"north": {"uv": [0, 0, 2, 4], "texture": "#0"},
				"east": {"uv": [0, 0, 2, 4], "texture": "#0"},
				"south": {"uv": [0, 0, 2, 4], "texture": "#0"},
				"west": {"uv": [0, 0, 2, 4], "texture": "#0"},
				"up": {"uv": [0, 0, 2, 2], "texture": "#0"},
				"down": {"uv": [0, 0, 2, 2], "texture": "#0"}
			}
		},
		{
			"name": "Cube",
			"from": [14, 0, 14],
			"to": [16, 1, 16],
			"faces": {
				"north": {"uv": [0, 0, 2, 4], "texture": "#0"},
				"east": {"uv": [0, 0, 2, 4], "texture": "#0"},
				"south": {"uv": [0, 0, 2, 4], "texture": "#0"},
				"west": {"uv": [0, 0, 2, 4], "texture": "#0"},
				"up": {"uv": [0, 0, 2, 2], "texture": "#0"},
				"down": {"uv": [0, 0, 2, 2], "texture": "#0"}
			}
		},
		{
			"name": "Cube",
			"from": [0, 0, 14],
			"to": [2, 1, 16],
			"faces": {
				"north": {"uv": [0, 0, 2, 4], "texture": "#0"},
				"east": {"uv": [0, 0, 2, 4], "texture": "#0"},
				"south": {"uv": [0, 0, 2, 4], "texture": "#0"},
				"west": {"uv": [0, 0, 2, 4], "texture": "#0"},
				"up": {"uv": [0, 0, 2, 2], "texture": "#0"},
				"down": {"uv": [0, 0, 2, 2], "texture": "#0"}
			}
		},
		{
			"from": [0, 0, 0],
			"to": [16, 0, 16],
			"faces": {
				"north": {"uv": [0, 0, 16, 16], "texture": "#3"},
				"east": {"uv": [0, 0, 16, 16], "texture": "#3"},
				"south": {"uv": [0, 0, 16, 16], "texture": "#3"},
				"west": {"uv": [0, 0, 16, 16], "texture": "#3"},
				"up": {"uv": [0, 0, 16, 16], "texture": "#3"},
				"down": {"uv": [0, 0, 16, 16], "texture": "#3"}
			}
		}
	],
	"groups": [
		{
			"name": "red_sandstone_stairs",
			"isOpen": false,
			"export": true,
			"visibility": true,
			"children": [0, 1, 2, 3, 4, 5, 6, 7, 8, 9, 10, 11, 12, 13, 14, 15, 16]
		}, 17]
}