{
    "__comment": "Model generated using MrCrayfish's Model Creator (http://mrcrayfish.com/modelcreator/)",
	"parent": "block/cube_all",
    "textures": {
	    "particle": "block/red_wool",
        "0": "block/oak_planks",
        "1": "block/red_wool",
        "2": "block/blue_wool"
    },
    "elements": [
        {
            "name": "leg1",
            "from": [ 1.0, 1.0, 1.0 ], 
            "to": [ 3.0, 4.0, 3.0 ], 
            "faces": {
                "north": { "texture": "#0", "uv": [ 0.0, 0.0, 2.0, 4.0 ] },
                "east": { "texture": "#0", "uv": [ 0.0, 0.0, 2.0, 4.0 ] },
                "south": { "texture": "#0", "uv": [ 0.0, 0.0, 2.0, 4.0 ] },
                "west": { "texture": "#0", "uv": [ 0.0, 0.0, 2.0, 4.0 ] },
                "up": { "texture": "#0", "uv": [ 0.0, 0.0, 2.0, 2.0 ] },
                "down": { "texture": "#0", "uv": [ 0.0, 0.0, 2.0, 2.0 ] }
            }
        },
        {
            "name": "leg2",
            "from": [ 13.0, 1.0, 1.0 ], 
            "to": [ 15.0, 4.0, 3.0 ], 
            "faces": {
                "north": { "texture": "#0", "uv": [ 0.0, 0.0, 2.0, 4.0 ] },
                "east": { "texture": "#0", "uv": [ 0.0, 0.0, 2.0, 4.0 ] },
                "south": { "texture": "#0", "uv": [ 0.0, 0.0, 2.0, 4.0 ] },
                "west": { "texture": "#0", "uv": [ 0.0, 0.0, 2.0, 4.0 ] },
                "up": { "texture": "#0", "uv": [ 0.0, 0.0, 2.0, 2.0 ] },
                "down": { "texture": "#0", "uv": [ 0.0, 0.0, 2.0, 2.0 ] }
            }
        },
        {
            "name": "leg3",
            "from": [ 13.0, 1.0, 13.0 ], 
            "to": [ 15.0, 4.0, 15.0 ], 
            "faces": {
                "north": { "texture": "#0", "uv": [ 0.0, 0.0, 2.0, 4.0 ] },
                "east": { "texture": "#0", "uv": [ 0.0, 0.0, 2.0, 4.0 ] },
                "south": { "texture": "#0", "uv": [ 0.0, 0.0, 2.0, 4.0 ] },
                "west": { "texture": "#0", "uv": [ 0.0, 0.0, 2.0, 4.0 ] },
                "up": { "texture": "#0", "uv": [ 0.0, 0.0, 2.0, 2.0 ] },
                "down": { "texture": "#0", "uv": [ 0.0, 0.0, 2.0, 2.0 ] }
            }
        },
        {
            "name": "leg4",
            "from": [ 1.0, 1.0, 13.0 ], 
            "to": [ 3.0, 4.0, 15.0 ], 
            "faces": {
                "north": { "texture": "#0", "uv": [ 0.0, 0.0, 2.0, 4.0 ] },
                "east": { "texture": "#0", "uv": [ 0.0, 0.0, 2.0, 4.0 ] },
                "south": { "texture": "#0", "uv": [ 0.0, 0.0, 2.0, 4.0 ] },
                "west": { "texture": "#0", "uv": [ 0.0, 0.0, 2.0, 4.0 ] },
                "up": { "texture": "#0", "uv": [ 0.0, 0.0, 2.0, 2.0 ] },
                "down": { "texture": "#0", "uv": [ 0.0, 0.0, 2.0, 2.0 ] }
            }
        },
        {
            "name": "Cube",
            "from": [ 0.0, 4.0, 0.0 ], 
            "to": [ 16.0, 8.0, 16.0 ], 
            "faces": {
                "north": { "texture": "#1", "uv": [ 0.0, 0.0, 16.0, 8.0 ] },
                "east": { "texture": "#1", "uv": [ 0.0, 0.0, 16.0, 8.0 ] },
                "south": { "texture": "#1", "uv": [ 0.0, 0.0, 16.0, 8.0 ] },
                "west": { "texture": "#1", "uv": [ 0.0, 0.0, 16.0, 8.0 ] },
                "up": { "texture": "#1", "uv": [ 0.0, 0.0, 16.0, 16.0 ] },
                "down": { "texture": "#1", "uv": [ 0.0, 0.0, 16.0, 16.0 ] }
            }
        },
        {
            "name": "Cube",
            "from": [ 12.0, 8.0, 0.0 ], 
            "to": [ 16.0, 15.0, 16.0 ], 
            "faces": {
                "north": { "texture": "#1", "uv": [ 0.0, 0.0, 16.0, 16.0 ] },
                "east": { "texture": "#1", "uv": [ 0.0, 0.0, 16.0, 16.0 ] },
                "south": { "texture": "#1", "uv": [ 0.0, 0.0, 16.0, 16.0 ] },
                "west": { "texture": "#1", "uv": [ 0.0, 0.0, 16.0, 16.0 ] },
                "up": { "texture": "#1", "uv": [ 0.0, 0.0, 16.0, 16.0 ] },
                "down": { "texture": "#1", "uv": [ 0.0, 0.0, 16.0, 16.0 ] }
            }
        },
        {
            "name": "Cube",
            "from": [ 0.0, 8.0, 12.0 ], 
            "to": [ 12.0, 15.0, 16.0 ], 
            "faces": {
                "north": { "texture": "#1", "uv": [ 0.0, 0.0, 16.0, 16.0 ] },
                "east": { "texture": "#1", "uv": [ 0.0, 0.0, 16.0, 16.0 ] },
                "south": { "texture": "#1", "uv": [ 0.0, 0.0, 16.0, 16.0 ] },
                "west": { "texture": "#1", "uv": [ 0.0, 0.0, 16.0, 16.0 ] },
                "up": { "texture": "#1", "uv": [ 0.0, 0.0, 16.0, 16.0 ] },
                "down": { "texture": "#1", "uv": [ 0.0, 0.0, 16.0, 16.0 ] }
            }
        },
        {
            "name": "Cube",
            "from": [ 0.0, 0.0, 0.0 ], 
            "to": [ 2.0, 1.0, 2.0 ], 
            "faces": {
                "north": { "texture": "#0", "uv": [ 0.0, 0.0, 2.0, 4.0 ] },
                "east": { "texture": "#0", "uv": [ 0.0, 0.0, 2.0, 4.0 ] },
                "south": { "texture": "#0", "uv": [ 0.0, 0.0, 2.0, 4.0 ] },
                "west": { "texture": "#0", "uv": [ 0.0, 0.0, 2.0, 4.0 ] },
                "up": { "texture": "#0", "uv": [ 0.0, 0.0, 2.0, 2.0 ] },
                "down": { "texture": "#0", "uv": [ 0.0, 0.0, 2.0, 2.0 ] }
            }
        },
        {
            "name": "Cube",
            "from": [ 14.0, 0.0, 0.0 ], 
            "to": [ 16.0, 1.0, 2.0 ], 
            "faces": {
                "north": { "texture": "#0", "uv": [ 0.0, 0.0, 2.0, 4.0 ] },
                "east": { "texture": "#0", "uv": [ 0.0, 0.0, 2.0, 4.0 ] },
                "south": { "texture": "#0", "uv": [ 0.0, 0.0, 2.0, 4.0 ] },
                "west": { "texture": "#0", "uv": [ 0.0, 0.0, 2.0, 4.0 ] },
                "up": { "texture": "#0", "uv": [ 0.0, 0.0, 2.0, 2.0 ] },
                "down": { "texture": "#0", "uv": [ 0.0, 0.0, 2.0, 2.0 ] }
            }
        },
        {
            "name": "Cube",
            "from": [ 14.0, 0.0, 14.0 ], 
            "to": [ 16.0, 1.0, 16.0 ], 
            "faces": {
                "north": { "texture": "#0", "uv": [ 0.0, 0.0, 2.0, 4.0 ] },
                "east": { "texture": "#0", "uv": [ 0.0, 0.0, 2.0, 4.0 ] },
                "south": { "texture": "#0", "uv": [ 0.0, 0.0, 2.0, 4.0 ] },
                "west": { "texture": "#0", "uv": [ 0.0, 0.0, 2.0, 4.0 ] },
                "up": { "texture": "#0", "uv": [ 0.0, 0.0, 2.0, 2.0 ] },
                "down": { "texture": "#0", "uv": [ 0.0, 0.0, 2.0, 2.0 ] }
            }
        },
        {
            "name": "Cube",
            "from": [ 0.0, 0.0, 14.0 ], 
            "to": [ 2.0, 1.0, 16.0 ], 
            "faces": {
                "north": { "texture": "#0", "uv": [ 0.0, 0.0, 2.0, 4.0 ] },
                "east": { "texture": "#0", "uv": [ 0.0, 0.0, 2.0, 4.0 ] },
                "south": { "texture": "#0", "uv": [ 0.0, 0.0, 2.0, 4.0 ] },
                "west": { "texture": "#0", "uv": [ 0.0, 0.0, 2.0, 4.0 ] },
                "up": { "texture": "#0", "uv": [ 0.0, 0.0, 2.0, 2.0 ] },
                "down": { "texture": "#0", "uv": [ 0.0, 0.0, 2.0, 2.0 ] }
            }
        },
        {
            "name": "Cube",
            "from": [ 13.0, 12.0, -1.0 ], 
            "to": [ 15.0, 14.0, 1.0 ], 
            "faces": {
                "north": { "texture": "#0", "uv": [ 0.0, 0.0, 2.0, 4.0 ] },
                "east": { "texture": "#0", "uv": [ 0.0, 0.0, 2.0, 4.0 ] },
                "south": { "texture": "#0", "uv": [ 0.0, 0.0, 2.0, 4.0 ] },
                "west": { "texture": "#0", "uv": [ 0.0, 0.0, 2.0, 4.0 ] },
                "up": { "texture": "#0", "uv": [ 0.0, 0.0, 2.0, 2.0 ] },
                "down": { "texture": "#0", "uv": [ 0.0, 0.0, 2.0, 2.0 ] }
            }
        },
        {
            "name": "Cube",
            "from": [ -1.0, 12.0, 13.0 ], 
            "to": [ 1.0, 14.0, 15.0 ], 
            "faces": {
                "north": { "texture": "#0", "uv": [ 0.0, 0.0, 2.0, 4.0 ] },
                "east": { "texture": "#0", "uv": [ 0.0, 0.0, 2.0, 4.0 ] },
                "south": { "texture": "#0", "uv": [ 0.0, 0.0, 2.0, 4.0 ] },
                "west": { "texture": "#0", "uv": [ 0.0, 0.0, 2.0, 4.0 ] },
                "up": { "texture": "#0", "uv": [ 0.0, 0.0, 2.0, 2.0 ] },
                "down": { "texture": "#0", "uv": [ 0.0, 0.0, 2.0, 2.0 ] }
            }
        },
        {
            "name": "Cube",
            "from": [ 3.0, 8.0, 10.0 ], 
            "to": [ 9.0, 14.0, 12.0 ], 
            "rotation": { "origin": [ 8.0, 8.0, 8.0 ], "axis": "y", "angle": 22.5 },
            "faces": {
                "north": { "texture": "#2", "uv": [ 0.0, 0.0, 6.0, 6.0 ] },
                "east": { "texture": "#2", "uv": [ 0.0, 0.0, 2.0, 6.0 ] },
                "south": { "texture": "#2", "uv": [ 0.0, 0.0, 6.0, 6.0 ] },
                "west": { "texture": "#2", "uv": [ 0.0, 0.0, 2.0, 6.0 ] },
                "up": { "texture": "#2", "uv": [ 0.0, 0.0, 6.0, 2.0 ] },
                "down": { "texture": "#2", "uv": [ 0.0, 0.0, 6.0, 2.0 ] }
            }
        },
        {
            "name": "Cube",
            "from": [ 10.0, 8.0, 4.0 ], 
            "to": [ 11.0, 13.0, 9.0 ], 
            "rotation": { "origin": [ 8.0, 8.0, 8.0 ], "axis": "y", "angle": -22.5 },
            "faces": {
                "north": { "texture": "#2", "uv": [ 0.0, 0.0, 1.0, 5.0 ] },
                "east": { "texture": "#2", "uv": [ 0.0, 0.0, 5.0, 5.0 ] },
                "south": { "texture": "#2", "uv": [ 0.0, 0.0, 1.0, 5.0 ] },
                "west": { "texture": "#2", "uv": [ 0.0, 0.0, 5.0, 5.0 ] },
                "up": { "texture": "#2", "uv": [ 0.0, 0.0, 1.0, 5.0 ] },
                "down": { "texture": "#2", "uv": [ 0.0, 0.0, 1.0, 5.0 ] }
            }
        }
    ]
}