{
    "__comment": "Model generated using MrCrayfish's Model Creator (http://mrcrayfish.com/modelcreator/)",
    "textures": {
        "particle": "block/gray_wool",
        "0": "block/gray_wool",
        "1": "block/repeater",
        "2": "block/comparator",
        "3": "block/light_gray_wool"
    },
    "elements": [
        {
            "name": "Cube",
            "from": [ 0.0, 0.0, 0.0 ], 
            "to": [ 16.0, 1.0, 16.0 ], 
            "faces": {
                "north": { "texture": "#0", "uv": [ 0.0, 0.0, 16.0, 16.0 ] },
                "east": { "texture": "#0", "uv": [ 0.0, 0.0, 16.0, 16.0 ] },
                "south": { "texture": "#0", "uv": [ 0.0, 0.0, 16.0, 16.0 ] },
                "west": { "texture": "#0", "uv": [ 0.0, 0.0, 16.0, 16.0 ] },
                "up": { "texture": "#0", "uv": [ 0.0, 0.0, 16.0, 16.0 ] },
                "down": { "texture": "#0", "uv": [ 0.0, 0.0, 16.0, 16.0 ] }
            }
        },
        {
            "name": "Cube",
            "from": [ 0.0, 2.5, -1.0 ], 
            "to": [ 16.0, 4.0, 14.0 ], 
            "rotation": { "origin": [ 8.0, 1.0, 8.0 ], "axis": "x", "angle": 22.5 },
            "faces": {
                "north": { "texture": "#0", "uv": [ 0.0, 0.0, 16.0, 16.0 ] },
                "east": { "texture": "#0", "uv": [ 0.0, 0.0, 16.0, 16.0 ] },
                "south": { "texture": "#0", "uv": [ 0.0, 0.0, 16.0, 16.0 ] },
                "west": { "texture": "#0", "uv": [ 0.0, 0.0, 16.0, 16.0 ] },
                "up": { "texture": "#1", "uv": [ 0.0, 1.4, 16.0, 16.0 ] },
                "down": { "texture": "#0", "uv": [ 0.0, 0.0, 16.0, 16.0 ] }
            }
        },
        {
            "name": "Cube",
            "from": [ 0.0, 1.0, 0.0 ], 
            "to": [ 16.0, 2.0, 13.0 ], 
            "faces": {
                "north": { "texture": "#0", "uv": [ 0.0, 0.0, 16.0, 16.0 ] },
                "east": { "texture": "#0", "uv": [ 0.0, 0.0, 16.0, 16.0 ] },
                "south": { "texture": "#0", "uv": [ 0.0, 0.0, 16.0, 16.0 ] },
                "west": { "texture": "#0", "uv": [ 0.0, 0.0, 16.0, 16.0 ] },
                "up": { "texture": "#0", "uv": [ 0.0, 0.0, 16.0, 16.0 ] },
                "down": { "texture": "#0", "uv": [ 0.0, 0.0, 16.0, 16.0 ] }
            }
        },
        {
            "name": "Cube",
            "from": [ 0.0, 2.0, 0.0 ], 
            "to": [ 16.0, 3.0, 11.0 ], 
            "faces": {
                "north": { "texture": "#0", "uv": [ 0.0, 0.0, 16.0, 16.0 ] },
                "east": { "texture": "#0", "uv": [ 0.0, 0.0, 16.0, 16.0 ] },
                "south": { "texture": "#0", "uv": [ 0.0, 0.0, 16.0, 16.0 ] },
                "west": { "texture": "#0", "uv": [ 0.0, 0.0, 16.0, 16.0 ] },
                "up": { "texture": "#0", "uv": [ 0.0, 0.0, 16.0, 16.0 ] },
                "down": { "texture": "#0", "uv": [ 0.0, 0.0, 16.0, 11.0 ] }
            }
        },
        {
            "name": "Cube",
            "from": [ 0.0, 3.0, 0.0 ], 
            "to": [ 16.0, 4.0, 8.0 ], 
            "faces": {
                "north": { "texture": "#0", "uv": [ 0.0, 0.0, 16.0, 16.0 ] },
                "east": { "texture": "#0", "uv": [ 0.0, 0.0, 16.0, 16.0 ] },
                "south": { "texture": "#0", "uv": [ 0.0, 0.0, 16.0, 16.0 ] },
                "west": { "texture": "#0", "uv": [ 0.0, 0.0, 16.0, 16.0 ] },
                "up": { "texture": "#0", "uv": [ 0.0, 0.0, 16.0, 16.0 ] },
                "down": { "texture": "#0", "uv": [ 0.0, 0.0, 16.0, 8.0 ] }
            }
        },
        {
            "name": "Cube",
            "from": [ 0.0, 4.0, 0.0 ], 
            "to": [ 16.0, 5.0, 5.0 ], 
            "faces": {
                "north": { "texture": "#0", "uv": [ 0.0, 0.0, 16.0, 16.0 ] },
                "east": { "texture": "#0", "uv": [ 0.0, 0.0, 16.0, 16.0 ] },
                "south": { "texture": "#0", "uv": [ 0.0, 0.0, 16.0, 16.0 ] },
                "west": { "texture": "#0", "uv": [ 0.0, 0.0, 16.0, 16.0 ] },
                "up": { "texture": "#0", "uv": [ 0.0, 0.0, 16.0, 16.0 ] },
                "down": { "texture": "#0", "uv": [ 0.0, 0.0, 16.0, 5.0 ] }
            }
        },
        {
            "name": "Cube",
            "from": [ 0.0, 5.0, 0.0 ], 
            "to": [ 16.0, 6.0, 3.0 ], 
            "faces": {
                "north": { "texture": "#0", "uv": [ 0.0, 0.0, 16.0, 16.0 ] },
                "east": { "texture": "#0", "uv": [ 0.0, 0.0, 16.0, 16.0 ] },
                "south": { "texture": "#0", "uv": [ 0.0, 0.0, 16.0, 16.0 ] },
                "west": { "texture": "#0", "uv": [ 0.0, 0.0, 16.0, 16.0 ] },
                "up": { "texture": "#0", "uv": [ 0.0, 0.0, 16.0, 16.0 ] },
                "down": { "texture": "#0", "uv": [ 0.0, 0.0, 16.0, 3.0 ] }
            }
        },
        {
            "name": "Cube",
            "from": [ 0.0, 6.0, 0.0 ], 
            "to": [ 16.0, 7.2, 1.0 ], 
            "faces": {
                "north": { "texture": "#0", "uv": [ 0.0, 0.0, 16.0, 16.0 ] },
                "east": { "texture": "#0", "uv": [ 0.0, 0.0, 16.0, 16.0 ] },
                "south": { "texture": "#0", "uv": [ 0.0, 0.0, 16.0, 16.0 ] },
                "west": { "texture": "#0", "uv": [ 0.0, 0.0, 16.0, 16.0 ] },
                "up": { "texture": "#2", "uv": [ 0.0, 0.0, 16.0, 2.0 ] },
                "down": { "texture": "#0", "uv": [ 0.0, 0.0, 16.0, 2.0 ] }
            }
        },
        {
            "name": "Cube",
            "from": [ 3.1, 4.5, 12.9 ], 
            "to": [ 3.7, 4.7, 14.0 ], 
            "rotation": { "origin": [ 8.0, 8.0, 8.0 ], "axis": "x", "angle": 22.5 },
            "faces": {
                "north": { "texture": "#3", "uv": [ 1.0, 5.0, 1.6, 5.2 ] },
                "east": { "texture": "#3", "uv": [ 0.0, 0.0, 1.1, 0.2 ] },
                "south": { "texture": "#3", "uv": [ 0.0, 0.0, 0.6, 0.2 ] },
                "west": { "texture": "#3", "uv": [ 1.0, 5.0, 2.1, 5.2 ] },
                "up": { "texture": "#3", "uv": [ 0.0, 0.0, 0.6, 1.1 ] },
                "down": { "texture": "#3", "uv": [ 0.0, 0.0, 0.6, 1.1 ] }
            }
        },
        {
            "name": "Cube",
            "from": [ 3.8, 4.5, 12.9 ], 
            "to": [ 4.3999999999999995, 4.7, 14.0 ], 
            "rotation": { "origin": [ 8.0, 8.0, 8.0 ], "axis": "x", "angle": 22.5 },
            "faces": {
                "north": { "texture": "#3", "uv": [ 1.0, 5.0, 1.6, 5.2 ] },
                "east": { "texture": "#3", "uv": [ 0.0, 0.0, 1.1, 0.2 ] },
                "south": { "texture": "#3", "uv": [ 0.0, 0.0, 0.6, 0.2 ] },
                "west": { "texture": "#3", "uv": [ 1.0, 5.0, 2.1, 5.2 ] },
                "up": { "texture": "#3", "uv": [ 0.0, 0.0, 0.6, 1.1 ] },
                "down": { "texture": "#3", "uv": [ 0.0, 0.0, 0.6, 1.1 ] }
            }
        },
        {
            "name": "Cube",
            "from": [ 4.5, 4.5, 12.9 ], 
            "to": [ 5.1, 4.7, 14.0 ], 
            "rotation": { "origin": [ 8.0, 8.0, 8.0 ], "axis": "x", "angle": 22.5 },
            "faces": {
                "north": { "texture": "#3", "uv": [ 1.0, 5.0, 1.6, 5.2 ] },
                "east": { "texture": "#3", "uv": [ 0.0, 0.0, 1.1, 0.2 ] },
                "south": { "texture": "#3", "uv": [ 0.0, 0.0, 0.6, 0.2 ] },
                "west": { "texture": "#3", "uv": [ 1.0, 5.0, 2.1, 5.2 ] },
                "up": { "texture": "#3", "uv": [ 0.0, 0.0, 0.6, 1.1 ] },
                "down": { "texture": "#3", "uv": [ 0.0, 0.0, 0.6, 1.1 ] }
            }
        },
        {
            "name": "Cube",
            "from": [ 5.2, 4.5, 12.9 ], 
            "to": [ 5.8, 4.7, 14.0 ], 
            "rotation": { "origin": [ 8.0, 8.0, 8.0 ], "axis": "x", "angle": 22.5 },
            "faces": {
                "north": { "texture": "#3", "uv": [ 1.0, 5.0, 1.6, 5.2 ] },
                "east": { "texture": "#3", "uv": [ 0.0, 0.0, 1.1, 0.2 ] },
                "south": { "texture": "#3", "uv": [ 0.0, 0.0, 0.6, 0.2 ] },
                "west": { "texture": "#3", "uv": [ 1.0, 5.0, 2.1, 5.2 ] },
                "up": { "texture": "#3", "uv": [ 0.0, 0.0, 0.6, 1.1 ] },
                "down": { "texture": "#3", "uv": [ 0.0, 0.0, 0.6, 1.1 ] }
            }
        },
        {
            "name": "Cube",
            "from": [ 5.9, 4.5, 12.9 ], 
            "to": [ 6.5, 4.7, 14.0 ], 
            "rotation": { "origin": [ 8.0, 8.0, 8.0 ], "axis": "x", "angle": 22.5 },
            "faces": {
                "north": { "texture": "#3", "uv": [ 1.0, 5.0, 1.6, 5.2 ] },
                "east": { "texture": "#3", "uv": [ 0.0, 0.0, 1.1, 0.2 ] },
                "south": { "texture": "#3", "uv": [ 0.0, 0.0, 0.6, 0.2 ] },
                "west": { "texture": "#3", "uv": [ 1.0, 5.0, 2.1, 5.2 ] },
                "up": { "texture": "#3", "uv": [ 0.0, 0.0, 0.6, 1.1 ] },
                "down": { "texture": "#3", "uv": [ 0.0, 0.0, 0.6, 1.1 ] }
            }
        },
        {
            "name": "button",
            "from": [ 5.3, 4.6, 13.0 ], 
            "to": [ 5.699999999999999, 4.8, 13.9 ], 
            "rotation": { "origin": [ 8.0, 8.0, 8.0 ], "axis": "x", "angle": 22.5 },
            "faces": {
                "north": { "texture": "#2", "uv": [ 8.0, 3.0, 8.4, 3.1999999999999993 ] },
                "east": { "texture": "#2", "uv": [ 7.0, 3.0, 7.9, 3.1999999999999993 ] },
                "south": { "texture": "#2", "uv": [ 8.0, 12.0, 8.4, 12.2 ] },
                "west": { "texture": "#2", "uv": [ 7.0, 12.0, 7.9, 12.2 ] },
                "up": { "texture": "#2", "uv": [ 8.0, 12.0, 8.4, 11.9 ] },
                "down": { "texture": "#2", "uv": [ 8.0, 12.0, 8.4, 11.9 ] }
            }
        },
        {
            "name": "Cube",
            "from": [ 6.7, 4.5, 11.2 ], 
            "to": [ 9.4, 4.7, 14.299999999999999 ], 
            "rotation": { "origin": [ 8.0, 8.0, 8.0 ], "axis": "x", "angle": 22.5 },
            "faces": {
                "north": { "texture": "#1", "uv": [ 5.0, 13.0, 4.699999999999999, 13.1 ] },
                "east": { "texture": "#1", "uv": [ 4.0, 13.0, 4.1, 13.1 ] },
                "south": { "texture": "#1", "uv": [ 5.0, 13.0, 4.699999999999999, 13.1 ] },
                "west": { "texture": "#1", "uv": [ 4.0, 13.0, 4.1, 13.1 ] },
                "up": { "texture": "#1", "uv": [ 6.5, 10.7, 9.4, 13.7 ] },
                "down": { "texture": "#1", "uv": [ 11.0, 2.0, 10.0, 1.0 ] }
            }
        }
    ]
}