{
	"credit": "Made with Blockbench",
	"parent": "block/cube_all",
	"textures": {
		"0": "block/iron_trapdoor",
		"1": "block/cut_sandstone",
		"2": "block/sandstone",
		"3": "block/tenthconsole",
		"4": "block/white_stained_glass",
		"5": "block/black_wool",
		"6": "block/keyboard",
		"7": "block/iron_ore",
		"8": "block/gold_block",
		"9": "block/blue_wool"
	},
	"elements": [
		{
			"name": "Cube",
			"from": [0, 0, 0],
			"to": [16, 0.1, 16],
			"faces": {
				"north": {"uv": [0, 0, 16, 1.1], "texture": "#0"},
				"east": {"uv": [0, 0, 16, 1.1], "texture": "#0"},
				"south": {"uv": [0, 0, 16, 0.1], "texture": "#0"},
				"west": {"uv": [0, 0, 16, 0.1], "texture": "#0"},
				"up": {"uv": [0, 0, 16, 16], "texture": "#0"},
				"down": {"uv": [0, 0, 16, 16], "texture": "#0"}
			}
		},
		{
			"name": "Cube",
			"from": [3, 0, 7.5],
			"to": [13, 2, 13.5],
			"rotation": {"angle": 45, "axis": "y", "origin": [8, 8, 8]},
			"faces": {
				"north": {"uv": [0, 0, 16, 3], "texture": "#1"},
				"east": {"uv": [0, 0, 16, 3], "texture": "#1"},
				"south": {"uv": [0, 0, 16, 3], "texture": "#1"},
				"west": {"uv": [0, 0, 16, 3], "texture": "#1"},
				"up": {"uv": [0, 0, 16, 3], "texture": "#1"},
				"down": {"uv": [0, 0, 16, 3], "texture": "#1"}
			}
		},
		{
			"name": "Cube",
			"from": [-9, 0, 9.5],
			"to": [8, 2, 15.5],
			"faces": {
				"north": {"uv": [0, 0, 16, 3], "texture": "#1"},
				"east": {"uv": [0, 0, 16, 3], "texture": "#1"},
				"south": {"uv": [0, 0, 16, 3], "texture": "#1"},
				"west": {"uv": [0, 0, 16, 3], "texture": "#1"},
				"up": {"uv": [0, 0, 16, 3], "texture": "#1"},
				"down": {"uv": [0, 0, 16, 3], "texture": "#1"}
			}
		},
		{
			"name": "Cube",
			"from": [9.5, 0, -9],
			"to": [15.5, 2, 8],
			"faces": {
				"north": {"uv": [0, 0, 16, 3], "texture": "#1"},
				"east": {"uv": [0, 0, 16, 3], "texture": "#1"},
				"south": {"uv": [0, 0, 16, 3], "texture": "#1"},
				"west": {"uv": [0, 0, 16, 3], "texture": "#1"},
				"up": {"uv": [0, 0, 16, 3], "texture": "#1"},
				"down": {"uv": [0, 0, 16, 3], "texture": "#1"}
			}
		},
		{
			"name": "Cube",
			"from": [3, 11, 7.5],
			"to": [13, 16, 16.5],
			"rotation": {"angle": 45, "axis": "y", "origin": [8, 8, 8]},
			"faces": {
				"north": {"uv": [0, 0, 16, 16], "texture": "#2"},
				"east": {"uv": [0, 0, 16, 16], "texture": "#2"},
				"south": {"uv": [0, 0, 16, 16], "texture": "#2"},
				"west": {"uv": [0, 0, 16, 16], "texture": "#2"},
				"up": {"uv": [0, 0, 16, 2], "texture": "#2"},
				"down": {"uv": [0, 0, 16, 16], "texture": "#2"}
			}
		},
		{
			"name": "Cube",
			"from": [0, 11, 8.5],
			"to": [10.5, 16, 17.5],
			"faces": {
				"north": {"uv": [0, 0, 15.5, 16], "texture": "#2"},
				"east": {"uv": [0, 0, 16, 16], "texture": "#2"},
				"south": {"uv": [0, 0, 15.5, 16], "texture": "#2"},
				"west": {"uv": [0, 0, 16, 16], "texture": "#2"},
				"up": {"uv": [0, 0, 15.5, 2], "texture": "#2"},
				"down": {"uv": [0, 0, 15.5, 16], "texture": "#2"}
			}
		},
		{
			"name": "Cube",
			"from": [8.5, 11, 0],
			"to": [17.5, 16, 10.5],
			"faces": {
				"north": {"uv": [0, 0, 16, 16], "texture": "#2"},
				"east": {"uv": [0, 0, 15.5, 16], "texture": "#2"},
				"south": {"uv": [0, 0, 16, 16], "texture": "#2"},
				"west": {"uv": [0, 0, 15.5, 16], "texture": "#2"},
				"up": {"uv": [0, 0, 16, 1.5], "texture": "#2"},
				"down": {"uv": [0, 0, 16, 15.5], "texture": "#2"}
			}
		},
		{
			"name": "Cube",
			"from": [-2, 16, 1.5],
			"to": [2.5, 21, 12.5],
			"rotation": {"angle": 22.5, "axis": "x", "origin": [8, 8, 8]},
			"faces": {
				"north": {"uv": [0, 0, 15.5, 16], "texture": "#1"},
				"east": {"uv": [0, 0, 16, 16], "texture": "#1"},
				"south": {"uv": [0, 0, 15.5, 16], "texture": "#1"},
				"west": {"uv": [0, 0, 16, 16], "texture": "#1"},
				"up": {"uv": [0, 0, 15.5, 16], "rotation": 180, "texture": "#1"},
				"down": {"uv": [0, 0, 15.5, 16], "texture": "#1"}
			}
		},
		{
			"name": "Cube",
			"from": [1.5, 16, -2],
			"to": [11.5, 21, 2.5],
			"rotation": {"angle": -22.5, "axis": "z", "origin": [8, 8, 8]},
			"faces": {
				"north": {"uv": [0, 0, 16, 16], "texture": "#1"},
				"east": {"uv": [0, 0, 15.5, 16], "texture": "#1"},
				"south": {"uv": [0, 0, 16, 15], "texture": "#1"},
				"west": {"uv": [0, 0, 15.5, 16], "texture": "#1"},
				"up": {"uv": [0, 0, 15, 15.5], "rotation": 90, "texture": "#1"},
				"down": {"uv": [0, 0, 16, 15.5], "texture": "#1"}
			}
		},
		{
			"name": "Cube",
			"from": [0, 17.5, 3],
			"to": [3.5, 22.5, 13],
			"rotation": {"angle": -45, "axis": "y", "origin": [8, 8, 8]},
			"faces": {
				"north": {"uv": [0, 0, 15.5, 16], "texture": "#1"},
				"east": {"uv": [0, 0, 16, 16], "texture": "#1"},
				"south": {"uv": [0, 0, 15.5, 16], "texture": "#1"},
				"west": {"uv": [0, 0, 16, 16], "texture": "#1"},
				"up": {"uv": [0, 2, 15.5, 16], "texture": "#1"},
				"down": {"uv": [0, 0, 15.5, 16], "texture": "#1"}
			}
		},
		{
			"name": "Cube",
			"from": [-2, 16, 4],
			"to": [18, 17, 11],
			"rotation": {"angle": 45, "axis": "y", "origin": [8, 8, 8]},
			"faces": {
				"north": {"uv": [0, 0, 16, 16], "texture": "#3"},
				"east": {"uv": [0, 0, 16, 16], "texture": "#3"},
				"south": {"uv": [0, 15, 16, 16], "texture": "#3"},
				"west": {"uv": [0, 5, 16, 10], "texture": "#3"},
				"up": {"uv": [0, 10, 16, 15], "texture": "#3"},
				"down": {"uv": [0, 0, 16, 16], "texture": "#3"}
			}
		},
		{
			"name": "Cube",
			"from": [0, 17, 2],
			"to": [16, 18, 9],
			"rotation": {"angle": 45, "axis": "y", "origin": [8, 8, 8]},
			"faces": {
				"north": {"uv": [0, 0, 16, 16], "texture": "#4"},
				"east": {"uv": [0, 0, 16, 16], "texture": "#4"},
				"south": {"uv": [0, 10, 16, 9], "texture": "#3"},
				"west": {"uv": [0, 3, 16, 10], "texture": "#3"},
				"up": {"uv": [0, 11, 16, 8], "texture": "#3"},
				"down": {"uv": [0, 0, 16, 16], "texture": "#4"}
			}
		},
		{
			"name": "Cube",
			"from": [2, 18, 0],
			"to": [14, 19, 7],
			"rotation": {"angle": 45, "axis": "y", "origin": [8, 8, 8]},
			"faces": {
				"north": {"uv": [0, 0, 16, 16], "texture": "#4"},
				"east": {"uv": [0, 0, 16, 16], "texture": "#4"},
				"south": {"uv": [1, 8, 15, 7], "texture": "#3"},
				"west": {"uv": [0, 3, 16, 13], "texture": "#4"},
				"up": {"uv": [1, 12, 15, 8], "texture": "#3"},
				"down": {"uv": [0, 0, 16, 16], "texture": "#4"}
			}
		},
		{
			"name": "Cube",
			"from": [3, 15.5, 11],
			"to": [13, 16.5, 15],
			"rotation": {"angle": 45, "axis": "y", "origin": [8, 8, 8]},
			"faces": {
				"north": {"uv": [0, 0, 6, 1], "texture": "#5"},
				"east": {"uv": [0, 0, 6, 1], "texture": "#5"},
				"south": {"uv": [0, 0, 6, 1], "texture": "#5"},
				"west": {"uv": [0, 0, 6, 1], "texture": "#5"},
				"up": {"uv": [0, 0, 16, 6.5], "texture": "#6"},
				"down": {"uv": [0, 0, 6, 6], "texture": "#5"}
			}
		},
		{
			"name": "Cube",
			"from": [3, 2, 8],
			"to": [13, 7.2, 11],
			"rotation": {"angle": 45, "axis": "y", "origin": [8, 8, 8]},
			"faces": {
				"north": {"uv": [0, 0, 16, 16], "texture": "#4"},
				"east": {"uv": [0, 0, 16, 16], "texture": "#4"},
				"south": {"uv": [0, 0, 16, 15], "texture": "#4"},
				"west": {"uv": [0, 0, 16, 16], "texture": "#4"},
				"up": {"uv": [0, 0, 16, 16], "texture": "#4"},
				"down": {"uv": [0, 0, 16, 16], "texture": "#4"}
			}
		},
		{
			"name": "Cube",
			"from": [1, 2, 11],
			"to": [6.5, 7.1, 13.7],
			"faces": {
				"north": {"uv": [0, 0, 15.5, 16], "texture": "#4"},
				"east": {"uv": [0, 0, 16, 16], "texture": "#4"},
				"south": {"uv": [0, 0, 15.5, 16], "texture": "#4"},
				"west": {"uv": [0, 0, 16, 16], "texture": "#4"},
				"up": {"uv": [0, 0, 15.5, 16], "texture": "#4"},
				"down": {"uv": [0, 0, 15.5, 16], "texture": "#4"}
			}
		},
		{
			"name": "Cube",
			"from": [11, 2, 1],
			"to": [14, 7.1, 6.5],
			"faces": {
				"north": {"uv": [0, 0, 16, 16], "texture": "#4"},
				"east": {"uv": [0, 0, 15.5, 16], "texture": "#4"},
				"south": {"uv": [0, 0, 16, 16], "texture": "#4"},
				"west": {"uv": [0, 0, 15.5, 16], "texture": "#4"},
				"up": {"uv": [0, 0, 16, 15.5], "texture": "#4"},
				"down": {"uv": [0, 0, 16, 15.5], "texture": "#4"}
			}
		},
		{
			"name": "Cube",
			"from": [-4, 20, 2],
			"to": [2, 21, 14],
			"rotation": {"angle": -45, "axis": "y", "origin": [8, 8, 8]},
			"faces": {
				"north": {"uv": [0, 0, 16, 16], "texture": "#4"},
				"east": {"uv": [0, 0, 16, 16], "texture": "#4"},
				"south": {"uv": [0, 0, 16, 16], "texture": "#4"},
				"west": {"uv": [0, 0, 16, 16], "texture": "#4"},
				"up": {"uv": [0, 0, 16, 16], "texture": "#4"},
				"down": {"uv": [0, 0, 16, 16], "texture": "#4"}
			}
		},
		{
			"name": "Cube",
			"from": [2, 17, -8],
			"to": [13, 20, 0],
			"rotation": {"angle": -22.5, "axis": "z", "origin": [8, 8, 8]},
			"faces": {
				"north": {"uv": [0, 0, 16, 16], "texture": "#7"},
				"east": {"uv": [0, 13, 9, 16], "texture": "#3"},
				"south": {"uv": [0, 0, 11, 3], "texture": "#4"},
				"west": {"uv": [0, 0, 8, 3], "texture": "#4"},
				"up": {"uv": [1, 1, 8, 8], "rotation": 270, "texture": "#3"},
				"down": {"uv": [0, 0, 15, 16], "texture": "#4"}
			}
		},
		{
			"name": "Cube",
			"from": [-8, 17, 2],
			"to": [0, 20, 13],
			"rotation": {"angle": 22.5, "axis": "x", "origin": [8, 8, 8]},
			"faces": {
				"north": {"uv": [0, 0, 16, 16], "rotation": 180, "texture": "#4"},
				"east": {"uv": [0, 0, 16, 16], "texture": "#3"},
				"south": {"uv": [9, 13, 16, 16], "texture": "#3"},
				"west": {"uv": [0, 0, 16, 16], "texture": "#7"},
				"up": {"uv": [8, 1, 15, 8], "texture": "#3"},
				"down": {"uv": [0, 0, 16, 16], "texture": "#4"}
			}
		},
		{
			"name": "Cube",
			"from": [3, 7.1, 11],
			"to": [13, 11.2, 14],
			"rotation": {"angle": 45, "axis": "y", "origin": [8, 8, 8]},
			"faces": {
				"north": {"uv": [0, 0, 16, 16], "texture": "#4"},
				"east": {"uv": [0, 0, 16, 16], "texture": "#4"},
				"south": {"uv": [0, 0, 16, 16], "texture": "#4"},
				"west": {"uv": [0, 0, 16, 16], "texture": "#4"},
				"up": {"uv": [0, 0, 16, 16], "texture": "#4"},
				"down": {"uv": [0, 0, 16, 16], "texture": "#4"}
			}
		},
		{
			"name": "Cube",
			"from": [1, 7.1, 12.7],
			"to": [8.6, 12, 15.7],
			"faces": {
				"north": {"uv": [0, 0, 16, 16], "texture": "#4"},
				"east": {"uv": [0, 0, 16, 16], "texture": "#4"},
				"south": {"uv": [0, 0, 16, 16], "texture": "#4"},
				"west": {"uv": [0, 0, 16, 16], "texture": "#4"},
				"up": {"uv": [0, 0, 16, 16], "texture": "#4"},
				"down": {"uv": [0, 0, 16, 16], "texture": "#4"}
			}
		},
		{
			"name": "Cube",
			"from": [12.7, 7, 1],
			"to": [15.7, 13, 8.6],
			"faces": {
				"north": {"uv": [0, 0, 16, 15], "texture": "#4"},
				"east": {"uv": [0, 0, 16, 16], "texture": "#4"},
				"south": {"uv": [0, 0, 16, 16], "texture": "#4"},
				"west": {"uv": [0, 0, 16, 16], "texture": "#4"},
				"up": {"uv": [0, 0, 16, 16], "texture": "#4"},
				"down": {"uv": [0, 0, 16, 16], "texture": "#4"}
			}
		},
		{
			"name": "Cube",
			"from": [4.5, 17.5, -8],
			"to": [8, 22.5, 1],
			"faces": {
				"north": {"uv": [0, 0, 15.5, 16], "texture": "#1"},
				"east": {"uv": [0, 0, 16, 16], "texture": "#1"},
				"south": {"uv": [0, 0, 15.5, 16], "texture": "#1"},
				"west": {"uv": [0, 0, 16, 16], "texture": "#1"},
				"up": {"uv": [1, 3, 14.5, 14], "rotation": 90, "texture": "#1"},
				"down": {"uv": [0, 0, 15.5, 16], "texture": "#1"}
			}
		},
		{
			"name": "Cube",
			"from": [-8, 17.5, 4.5],
			"to": [1, 22.5, 8],
			"faces": {
				"north": {"uv": [0, 0, 15.5, 16], "texture": "#1"},
				"east": {"uv": [0, 0, 16, 16], "texture": "#1"},
				"south": {"uv": [0, 0, 15.5, 16], "texture": "#1"},
				"west": {"uv": [0, 0, 16, 16], "texture": "#1"},
				"up": {"uv": [1, 3, 14.5, 14], "texture": "#1"},
				"down": {"uv": [0, 0, 15.5, 16], "texture": "#1"}
			}
		},
		{
			"name": "Cube",
			"from": [-2, 12, 12.5],
			"to": [2.5, 21, 16],
			"rotation": {"angle": 22.5, "axis": "x", "origin": [8, 8, 8]},
			"faces": {
				"north": {"uv": [0, 0, 15.5, 16], "texture": "#1"},
				"east": {"uv": [0, 0, 16, 16], "texture": "#1"},
				"south": {"uv": [0, 0, 15.5, 16], "texture": "#1"},
				"west": {"uv": [0, 0, 16, 16], "texture": "#1"},
				"up": {"uv": [0, 0, 15.5, 16], "texture": "#1"},
				"down": {"uv": [0, 0, 15.5, 16], "texture": "#1"}
			}
		},
		{
			"name": "Cube",
			"from": [-2, 1, 12.5],
			"to": [2.5, 10, 17],
			"faces": {
				"north": {"uv": [0, 0, 15.5, 16], "texture": "#1"},
				"east": {"uv": [0, 0, 16, 16], "texture": "#1"},
				"south": {"uv": [0, 0, 15.5, 16], "texture": "#1"},
				"west": {"uv": [0, 0, 16, 16], "texture": "#1"},
				"up": {"uv": [0, 0, 15.5, 16], "texture": "#1"},
				"down": {"uv": [0, 0, 15.5, 16], "texture": "#1"}
			}
		},
		{
			"name": "Cube",
			"from": [12.5, 0, -2],
			"to": [17, 9, 2.5],
			"faces": {
				"north": {"uv": [0, 0, 15.5, 16], "texture": "#1"},
				"east": {"uv": [0, 0, 16, 16], "texture": "#1"},
				"south": {"uv": [0, 0, 15.5, 16], "texture": "#1"},
				"west": {"uv": [0, 0, 16, 16], "texture": "#1"},
				"up": {"uv": [0, 0, 15.5, 16], "texture": "#1"},
				"down": {"uv": [0, 0, 15.5, 16], "texture": "#1"}
			}
		},
		{
			"name": "Cube",
			"from": [11.5, 12, -2],
			"to": [16, 21, 2.5],
			"rotation": {"angle": -22.5, "axis": "z", "origin": [8, 8, 8]},
			"faces": {
				"north": {"uv": [0, 0, 15.5, 16], "texture": "#1"},
				"east": {"uv": [0, 0, 16, 16], "texture": "#1"},
				"south": {"uv": [0, 0, 15.5, 16], "texture": "#1"},
				"west": {"uv": [0, 0, 16, 16], "texture": "#1"},
				"up": {"uv": [0, 0, 15.5, 16], "texture": "#1"},
				"down": {"uv": [0, 0, 15.5, 16], "texture": "#1"}
			}
		},
		{
			"name": "Cube",
			"from": [2, 19, 0],
			"to": [14, 20, 5],
			"rotation": {"angle": 45, "axis": "y", "origin": [8, 8, 8]},
			"faces": {
				"north": {"uv": [0, 0, 12, 1], "texture": "#3"},
				"east": {"uv": [0, 0, 7, 1], "texture": "#3"},
				"south": {"uv": [2, 2, 16, 3], "texture": "#3"},
				"west": {"uv": [0, 0, 16, 1], "texture": "#3"},
				"up": {"uv": [0, 0, 16, 2], "texture": "#3"},
				"down": {"uv": [0, 0, 12, 7], "texture": "#4"}
			}
		},
		{
			"name": "Cube",
			"from": [-8, 11, 8.5],
			"to": [2, 16, 17.5],
			"faces": {
				"north": {"uv": [0, 0, 16, 16], "texture": "#2"},
				"east": {"uv": [0, 0, 16, 16], "texture": "#2"},
				"south": {"uv": [0, 0, 16, 16], "texture": "#2"},
				"west": {"uv": [0, 0, 16, 16], "texture": "#2"},
				"up": {"uv": [0, 0, 16, 2], "texture": "#2"},
				"down": {"uv": [0, 0, 16, 16], "texture": "#2"}
			}
		},
		{
			"name": "Cube",
			"from": [8.5, 11, -8],
			"to": [17.5, 16, 1],
			"faces": {
				"north": {"uv": [0, 0, 16, 16], "texture": "#2"},
				"east": {"uv": [0, 0, 16, 16], "texture": "#2"},
				"south": {"uv": [0, 0, 16, 16], "texture": "#2"},
				"west": {"uv": [0, 0, 16, 16], "texture": "#2"},
				"up": {"uv": [0, 0, 16, 2], "texture": "#2"},
				"down": {"uv": [0, 0, 16, 16], "texture": "#2"}
			}
		},
		{
			"name": "Cube",
			"from": [-8, 3, 14.3],
			"to": [0, 15, 15.3],
			"rotation": {"angle": 22.5, "axis": "x", "origin": [8, 8, 8]},
			"faces": {
				"north": {"uv": [0, 0, 16, 16], "texture": "#4"},
				"east": {"uv": [0, 0, 16, 16], "texture": "#4"},
				"south": {"uv": [1, 0, 16, 16], "texture": "#4"},
				"west": {"uv": [0, 0, 16, 16], "texture": "#4"},
				"up": {"uv": [0, 0, 16, 16], "texture": "#4"},
				"down": {"uv": [0, 0, 16, 16], "texture": "#4"}
			}
		},
		{
			"name": "Cube",
			"from": [14.3, 3, -8],
			"to": [15.3, 15, 0],
			"rotation": {"angle": -22.5, "axis": "z", "origin": [8, 8, 8]},
			"faces": {
				"north": {"uv": [0, 0, 16, 16], "texture": "#4"},
				"east": {"uv": [0, 0, 15, 16], "texture": "#4"},
				"south": {"uv": [0, 0, 16, 16], "texture": "#4"},
				"west": {"uv": [0, 0, 16, 16], "texture": "#4"},
				"up": {"uv": [0, 0, 16, 16], "texture": "#4"},
				"down": {"uv": [0, 0, 16, 16], "texture": "#4"}
			}
		},
		{
			"name": "ring",
			"from": [4, 22, -1],
			"to": [12, 23, 0],
			"rotation": {"angle": 45, "axis": "y", "origin": [8, 8, 8]},
			"faces": {
				"north": {"uv": [0, 0, 8, 1], "texture": "#5"},
				"east": {"uv": [0, 0, 1, 1], "texture": "#5"},
				"south": {"uv": [0, 0, 8, 1], "texture": "#5"},
				"west": {"uv": [0, 0, 1, 1], "texture": "#5"},
				"up": {"uv": [0, 0, 8, 1], "texture": "#5"},
				"down": {"uv": [0, 0, 8, 1], "texture": "#5"}
			}
		},
		{
			"name": "ring",
			"from": [-8, 22, 4],
			"to": [-0.5, 23, 5],
			"faces": {
				"north": {"uv": [0, 0, 7.5, 1], "texture": "#5"},
				"east": {"uv": [0, 0, 1, 1], "texture": "#5"},
				"south": {"uv": [0, 0, 7.5, 1], "texture": "#5"},
				"west": {"uv": [0, 0, 1, 1], "texture": "#5"},
				"up": {"uv": [0, 0, 7.5, 1], "texture": "#5"},
				"down": {"uv": [0, 0, 7.5, 1], "texture": "#5"}
			}
		},
		{
			"name": "ring",
			"from": [4, 22, -8],
			"to": [5, 23, -0.5],
			"faces": {
				"north": {"uv": [0, 0, 1, 1], "texture": "#5"},
				"east": {"uv": [0, 0, 7.5, 1], "texture": "#5"},
				"south": {"uv": [0, 0, 1, 1], "texture": "#5"},
				"west": {"uv": [0, 0, 7.5, 1], "texture": "#5"},
				"up": {"uv": [0, 0, 1, 7.5], "texture": "#5"},
				"down": {"uv": [0, 0, 1, 7.5], "texture": "#5"}
			}
		},
		{
			"name": "ring3",
			"from": [4.5, 24, -2],
			"to": [11.5, 25, -1],
			"rotation": {"angle": 45, "axis": "y", "origin": [8, 8, 8]},
			"faces": {
				"north": {"uv": [0, 0, 7, 1], "texture": "#5"},
				"east": {"uv": [0, 0, 1, 1], "texture": "#5"},
				"south": {"uv": [0, 0, 7, 1], "texture": "#5"},
				"west": {"uv": [0, 0, 1, 1], "texture": "#5"},
				"up": {"uv": [0, 0, 7, 1], "texture": "#5"},
				"down": {"uv": [0, 0, 7, 1], "texture": "#5"}
			}
		},
		{
			"name": "ring3",
			"from": [-8, 24, 3],
			"to": [-1, 25, 4],
			"faces": {
				"north": {"uv": [0, 0, 7, 1], "texture": "#5"},
				"east": {"uv": [0, 0, 1, 1], "texture": "#5"},
				"south": {"uv": [0, 0, 7, 1], "texture": "#5"},
				"west": {"uv": [0, 0, 1, 1], "texture": "#5"},
				"up": {"uv": [0, 0, 7, 1], "texture": "#5"},
				"down": {"uv": [0, 0, 7, 1], "texture": "#5"}
			}
		},
		{
			"name": "ring3",
			"from": [3, 24, -8],
			"to": [4, 25, -1],
			"faces": {
				"north": {"uv": [0, 0, 1, 1], "texture": "#5"},
				"east": {"uv": [0, 0, 7, 1], "texture": "#5"},
				"south": {"uv": [0, 0, 1, 1], "texture": "#5"},
				"west": {"uv": [0, 0, 7, 1], "texture": "#5"},
				"up": {"uv": [0, 0, 1, 7], "texture": "#5"},
				"down": {"uv": [0, 0, 1, 7], "texture": "#5"}
			}
		},
		{
			"name": "ring2",
			"from": [4.5, 23, -1.5],
			"to": [11.5, 24, -0.5],
			"rotation": {"angle": 45, "axis": "y", "origin": [8, 8, 8]},
			"faces": {
				"north": {"uv": [0, 0, 16, 3], "texture": "#1"},
				"east": {"uv": [0, 0, 16, 3], "texture": "#1"},
				"south": {"uv": [0, 0, 16, 3], "texture": "#1"},
				"west": {"uv": [0, 0, 16, 3], "texture": "#1"},
				"up": {"uv": [0, 0, 16, 3], "texture": "#1"},
				"down": {"uv": [0, 0, 7, 1], "texture": "#1"}
			}
		},
		{
			"name": "ring2",
			"from": [-8, 23, 3.5],
			"to": [-1, 24, 4.5],
			"faces": {
				"north": {"uv": [0, 0, 16, 3], "texture": "#1"},
				"east": {"uv": [0, 0, 16, 3], "texture": "#1"},
				"south": {"uv": [0, 0, 16, 3], "texture": "#1"},
				"west": {"uv": [0, 0, 16, 3], "texture": "#1"},
				"up": {"uv": [0, 0, 16, 3], "texture": "#1"},
				"down": {"uv": [0, 0, 7, 1], "texture": "#1"}
			}
		},
		{
			"name": "ring2",
			"from": [3.5, 23, -8],
			"to": [4.5, 24, -1],
			"faces": {
				"north": {"uv": [0, 0, 16, 3], "texture": "#1"},
				"east": {"uv": [0, 0, 16, 3], "texture": "#1"},
				"south": {"uv": [0, 0, 16, 3], "texture": "#1"},
				"west": {"uv": [0, 0, 16, 3], "texture": "#1"},
				"up": {"uv": [0, 0, 16, 3], "texture": "#1"},
				"down": {"uv": [0, 0, 1, 7], "texture": "#1"}
			}
		},
		{
			"name": "ring4",
			"from": [5, 25, -2.5],
			"to": [11, 26, -1.5],
			"rotation": {"angle": 45, "axis": "y", "origin": [8, 8, 8]},
			"faces": {
				"north": {"uv": [0, 0, 16, 3], "texture": "#1"},
				"east": {"uv": [0, 0, 16, 3], "texture": "#1"},
				"south": {"uv": [0, 0, 16, 3], "texture": "#1"},
				"west": {"uv": [0, 0, 16, 3], "texture": "#1"},
				"up": {"uv": [0, 0, 16, 3], "texture": "#1"},
				"down": {"uv": [0, 0, 6, 1], "texture": "#1"}
			}
		},
		{
			"name": "ring4",
			"from": [-8, 25, 2.5],
			"to": [-1, 26, 3.5],
			"faces": {
				"north": {"uv": [0, 0, 16, 3], "texture": "#1"},
				"east": {"uv": [0, 0, 16, 3], "texture": "#1"},
				"south": {"uv": [0, 0, 16, 3], "texture": "#1"},
				"west": {"uv": [0, 0, 16, 3], "texture": "#1"},
				"up": {"uv": [0, 0, 16, 3], "texture": "#1"},
				"down": {"uv": [0, 0, 7, 1], "texture": "#1"}
			}
		},
		{
			"name": "Cube",
			"from": [2.5, 25, -8],
			"to": [3.5, 26, -1],
			"faces": {
				"north": {"uv": [0, 0, 16, 3], "texture": "#1"},
				"east": {"uv": [0, 0, 16, 3], "texture": "#1"},
				"south": {"uv": [0, 0, 16, 3], "texture": "#1"},
				"west": {"uv": [0, 0, 16, 3], "texture": "#1"},
				"up": {"uv": [0, 0, 16, 3], "texture": "#1"},
				"down": {"uv": [0, 0, 1, 7], "texture": "#1"}
			}
		},
		{
			"name": "Cube",
			"from": [-8, 27, -8],
			"to": [8, 28, 8],
			"faces": {
				"north": {"uv": [0, 0, 16, 1], "texture": "#1"},
				"east": {"uv": [0, 0, 16, 1], "texture": "#1"},
				"south": {"uv": [0, 0, 16, 1], "texture": "#1"},
				"west": {"uv": [0, 0, 16, 1], "texture": "#1"},
				"up": {"uv": [0, 0, 16, 16], "texture": "#2"},
				"down": {"uv": [0, 0, 16, 16], "texture": "#1"}
			}
		},
		{
			"name": "Cube",
			"from": [-8, 26, -8],
			"to": [6, 27, 6],
			"faces": {
				"north": {"uv": [0, 0, 14, 1], "texture": "#1"},
				"east": {"uv": [0, 0, 14, 1], "texture": "#1"},
				"south": {"uv": [0, 0, 14, 1], "texture": "#1"},
				"west": {"uv": [0, 0, 14, 1], "texture": "#1"},
				"up": {"uv": [0, 0, 14, 14], "texture": "#1"},
				"down": {"uv": [0, 0, 14, 14], "texture": "#1"}
			}
		},
		{
			"name": "Cube",
			"from": [-8, 28, -8],
			"to": [2, 30, 2],
			"faces": {
				"north": {"uv": [0, 0, 10, 2], "texture": "#1"},
				"east": {"uv": [0, 0, 10, 2], "texture": "#1"},
				"south": {"uv": [0, 0, 10, 2], "texture": "#1"},
				"west": {"uv": [0, 0, 10, 2], "texture": "#1"},
				"up": {"uv": [0, 0, 10, 10], "texture": "#1"},
				"down": {"uv": [0, 0, 10, 10], "texture": "#1"}
			}
		},
		{
			"name": "Cube",
			"from": [-8, 30, -8],
			"to": [4, 31, 4],
			"faces": {
				"north": {"uv": [0, 0, 12, 1], "texture": "#2"},
				"east": {"uv": [0, 0, 12, 1], "texture": "#2"},
				"south": {"uv": [0, 0, 12, 1], "texture": "#2"},
				"west": {"uv": [0, 0, 12, 1], "texture": "#2"},
				"up": {"uv": [0, 0, 16, 16], "texture": "#2"},
				"down": {"uv": [0, 0, 12, 12], "texture": "#2"}
			}
		},
		{
			"name": "Cube",
			"from": [-1.2, 21, 12],
			"to": [1.8, 21.5, 15],
			"rotation": {"angle": 22.5, "axis": "x", "origin": [8, 8, 8]},
			"faces": {
				"north": {"uv": [0, 0, 16, 15.5], "texture": "#7"},
				"east": {"uv": [0, 0, 4, 2.5], "texture": "#7"},
				"south": {"uv": [0, 0, 3, 0.5], "texture": "#7"},
				"west": {"uv": [0, 0, 3, 0.5], "texture": "#7"},
				"up": {"uv": [0, 0, 3, 3], "texture": "#7"},
				"down": {"uv": [0, 0, 7, 8], "texture": "#7"}
			}
		},
		{
			"name": "Cube",
			"from": [-1.2, 21, 5],
			"to": [1.8, 21.5, 8],
			"rotation": {"angle": 22.5, "axis": "x", "origin": [8, 8, 8]},
			"faces": {
				"north": {"uv": [0, 0, 16, 15.5], "texture": "#7"},
				"east": {"uv": [0, 0, 4, 2.5], "texture": "#7"},
				"south": {"uv": [0, 0, 3, 0.5], "texture": "#7"},
				"west": {"uv": [0, 0, 3, 0.5], "texture": "#7"},
				"up": {"uv": [0, 0, 3, 3], "texture": "#7"},
				"down": {"uv": [0, 0, 7, 8], "texture": "#7"}
			}
		},
		{
			"name": "Cube",
			"from": [4.5, 21, -1.2],
			"to": [7.5, 21.5, 1.8],
			"rotation": {"angle": -22.5, "axis": "z", "origin": [8, 8, 8]},
			"faces": {
				"north": {"uv": [0, 0, 16, 15.5], "texture": "#7"},
				"east": {"uv": [0, 0, 4, 2.5], "texture": "#7"},
				"south": {"uv": [0, 0, 3, 0.5], "texture": "#7"},
				"west": {"uv": [0, 0, 3, 0.5], "texture": "#7"},
				"up": {"uv": [0, 0, 3, 3], "texture": "#7"},
				"down": {"uv": [0, 0, 7, 8], "texture": "#7"}
			}
		},
		{
			"name": "Cube",
			"from": [11.5, 21, -1.2],
			"to": [14.5, 21.5, 1.8],
			"rotation": {"angle": -22.5, "axis": "z", "origin": [8, 8, 8]},
			"faces": {
				"north": {"uv": [0, 0, 16, 15.5], "texture": "#7"},
				"east": {"uv": [0, 0, 4, 2.5], "texture": "#7"},
				"south": {"uv": [0, 0, 3, 0.5], "texture": "#7"},
				"west": {"uv": [0, 0, 3, 0.5], "texture": "#7"},
				"up": {"uv": [0, 0, 3, 3], "texture": "#7"},
				"down": {"uv": [0, 0, 7, 8], "texture": "#7"}
			}
		},
		{
			"name": "Cube",
			"from": [4, 19, 5],
			"to": [8, 20, 7],
			"rotation": {"angle": 45, "axis": "y", "origin": [8, 8, 8]},
			"faces": {
				"north": {"uv": [0, 0, 16, 15.5], "texture": "#7"},
				"east": {"uv": [0, 0, 4, 2.5], "texture": "#7"},
				"south": {"uv": [0, 0, 4, 1], "texture": "#7"},
				"west": {"uv": [0, 0, 2, 1], "texture": "#7"},
				"up": {"uv": [0, 0, 4, 2], "texture": "#7"},
				"down": {"uv": [0, 0, 7, 8], "texture": "#7"}
			}
		},
		{
			"name": "Cube",
			"from": [4, 17, 9],
			"to": [8, 18, 11],
			"rotation": {"angle": 45, "axis": "y", "origin": [8, 8, 8]},
			"faces": {
				"north": {"uv": [0, 0, 16, 15.5], "texture": "#7"},
				"east": {"uv": [0, 0, 4, 2.5], "texture": "#7"},
				"south": {"uv": [0, 0, 4, 1], "texture": "#7"},
				"west": {"uv": [0, 0, 2, 1], "texture": "#7"},
				"up": {"uv": [0, 0, 4, 2], "texture": "#7"},
				"down": {"uv": [0, 0, 7, 8], "texture": "#7"}
			}
		},
		{
			"name": "Cube",
			"from": [4, 18, 7],
			"to": [8, 19, 9],
			"rotation": {"angle": 45, "axis": "y", "origin": [8, 8, 8]},
			"faces": {
				"north": {"uv": [0, 0, 16, 15.5], "texture": "#5"},
				"east": {"uv": [0, 0, 4, 2.5], "texture": "#5"},
				"south": {"uv": [0, 0, 4, 1], "texture": "#5"},
				"west": {"uv": [0, 0, 2, 1], "texture": "#5"},
				"up": {"uv": [0, 0, 4, 2], "texture": "#5"},
				"down": {"uv": [0, 0, 7, 8], "texture": "#5"}
			}
		},
		{
			"name": "Cube",
			"from": [11, 18, 7],
			"to": [13, 19, 9],
			"rotation": {"angle": 45, "axis": "y", "origin": [8, 8, 8]},
			"faces": {
				"north": {"uv": [0, 0, 16, 15.5], "texture": "#7"},
				"east": {"uv": [0, 0, 4, 2.5], "texture": "#7"},
				"south": {"uv": [0, 0, 2, 1], "texture": "#7"},
				"west": {"uv": [0, 0, 2, 1], "texture": "#7"},
				"up": {"uv": [0, 0, 2, 2], "texture": "#7"},
				"down": {"uv": [0, 0, 7, 8], "texture": "#7"}
			}
		},
		{
			"name": "Cube",
			"from": [11, 19, 5],
			"to": [13, 20, 7],
			"rotation": {"angle": 45, "axis": "y", "origin": [8, 8, 8]},
			"faces": {
				"north": {"uv": [0, 0, 16, 15.5], "texture": "#8"},
				"east": {"uv": [0, 0, 15, 15.5], "texture": "#8"},
				"south": {"uv": [0, 0, 16, 16], "texture": "#8"},
				"west": {"uv": [0, 0, 16, 16], "texture": "#8"},
				"up": {"uv": [0, 0, 16, 16], "texture": "#8"},
				"down": {"uv": [0, 0, 16, 16], "texture": "#8"}
			}
		},
		{
			"name": "Cube",
			"from": [11, 17, 9],
			"to": [13, 18, 11],
			"rotation": {"angle": 45, "axis": "y", "origin": [8, 8, 8]},
			"faces": {
				"north": {"uv": [0, 0, 16, 15.5], "texture": "#8"},
				"east": {"uv": [0, 0, 15, 15.5], "texture": "#8"},
				"south": {"uv": [0, 0, 16, 16], "texture": "#8"},
				"west": {"uv": [0, 0, 16, 16], "texture": "#8"},
				"up": {"uv": [0, 0, 16, 16], "texture": "#8"},
				"down": {"uv": [0, 0, 16, 16], "texture": "#8"}
			}
		},
		{
			"name": "Cube",
			"from": [10, 20, -6],
			"to": [11, 21, -5],
			"rotation": {"angle": -22.5, "axis": "z", "origin": [8, 8, 8]},
			"faces": {
				"north": {"uv": [0, 0, 16, 15.5], "texture": "#8"},
				"east": {"uv": [0, 0, 15, 15.5], "texture": "#8"},
				"south": {"uv": [0, 0, 16, 16], "texture": "#8"},
				"west": {"uv": [0, 0, 16, 16], "texture": "#8"},
				"up": {"uv": [0, 0, 16, 16], "texture": "#8"},
				"down": {"uv": [0, 0, 16, 16], "texture": "#8"}
			}
		},
		{
			"name": "Cube",
			"from": [6, 20, -6.5],
			"to": [10, 21, -4.5],
			"rotation": {"angle": -22.5, "axis": "z", "origin": [8, 8, 8]},
			"faces": {
				"north": {"uv": [0, 0, 16, 15.5], "texture": "#9"},
				"east": {"uv": [0, 0, 15, 15.5], "texture": "#9"},
				"south": {"uv": [0, 0, 16, 16], "texture": "#9"},
				"west": {"uv": [0, 0, 16, 16], "texture": "#9"},
				"up": {"uv": [0, 0, 16, 16], "texture": "#9"},
				"down": {"uv": [0, 0, 16, 16], "texture": "#8"}
			}
		},
		{
			"name": "Cube",
			"from": [5, 20, -6],
			"to": [6, 21, -5],
			"rotation": {"angle": -22.5, "axis": "z", "origin": [8, 8, 8]},
			"faces": {
				"north": {"uv": [0, 0, 16, 15.5], "texture": "#8"},
				"east": {"uv": [0, 0, 15, 15.5], "texture": "#8"},
				"south": {"uv": [0, 0, 16, 16], "texture": "#8"},
				"west": {"uv": [0, 0, 16, 16], "texture": "#8"},
				"up": {"uv": [0, 0, 16, 16], "texture": "#8"},
				"down": {"uv": [0, 0, 16, 16], "texture": "#8"}
			}
		},
		{
			"name": "Cube",
			"from": [-4, 17, 15],
			"to": [-3, 19, 16],
			"faces": {
				"north": {"uv": [0, 0, 16, 15.5], "texture": "#8"},
				"east": {"uv": [0, 0, 15, 15.5], "texture": "#8"},
				"south": {"uv": [0, 0, 16, 16], "texture": "#8"},
				"west": {"uv": [0, 0, 16, 16], "texture": "#8"},
				"up": {"uv": [0, 0, 16, 16], "texture": "#8"},
				"down": {"uv": [0, 0, 16, 16], "texture": "#8"}
			}
		},
		{
			"name": "Cube",
			"from": [-7, 20, 5],
			"to": [-6, 21, 6],
			"rotation": {"angle": 22.5, "axis": "x", "origin": [8, 8, 8]},
			"faces": {
				"north": {"uv": [0, 0, 16, 15.5], "texture": "#8"},
				"east": {"uv": [0, 0, 15, 15.5], "texture": "#8"},
				"south": {"uv": [0, 0, 16, 16], "texture": "#8"},
				"west": {"uv": [0, 0, 16, 16], "texture": "#8"},
				"up": {"uv": [0, 0, 16, 16], "texture": "#8"},
				"down": {"uv": [0, 0, 16, 16], "texture": "#8"}
			}
		},
		{
			"name": "Cube",
			"from": [-7, 20, 7],
			"to": [-6, 21, 8],
			"rotation": {"angle": 22.5, "axis": "x", "origin": [8, 8, 8]},
			"faces": {
				"north": {"uv": [0, 0, 16, 15.5], "texture": "#8"},
				"east": {"uv": [0, 0, 15, 15.5], "texture": "#8"},
				"south": {"uv": [0, 0, 16, 16], "texture": "#8"},
				"west": {"uv": [0, 0, 16, 16], "texture": "#8"},
				"up": {"uv": [0, 0, 16, 16], "texture": "#8"},
				"down": {"uv": [0, 0, 16, 16], "texture": "#8"}
			}
		},
		{
			"name": "Cube",
			"from": [-7, 20, 11],
			"to": [-6, 21, 12],
			"rotation": {"angle": 22.5, "axis": "x", "origin": [8, 8, 8]},
			"faces": {
				"north": {"uv": [0, 0, 16, 15.5], "texture": "#8"},
				"east": {"uv": [0, 0, 15, 15.5], "texture": "#8"},
				"south": {"uv": [0, 0, 16, 16], "texture": "#8"},
				"west": {"uv": [0, 0, 16, 16], "texture": "#8"},
				"up": {"uv": [0, 0, 16, 16], "texture": "#8"},
				"down": {"uv": [0, 0, 16, 16], "texture": "#8"}
			}
		},
		{
			"name": "Cube",
			"from": [-7.5, 20, 8],
			"to": [-5.5, 21, 11],
			"rotation": {"angle": 22.5, "axis": "x", "origin": [8, 8, 8]},
			"faces": {
				"north": {"uv": [0, 0, 16, 15.5], "texture": "#4"},
				"east": {"uv": [0, 0, 16, 15.5], "texture": "#4"},
				"south": {"uv": [0, 0, 16, 16], "texture": "#4"},
				"west": {"uv": [0, 0, 16, 16], "texture": "#4"},
				"up": {"uv": [0, 0, 16, 16], "texture": "#4"},
				"down": {"uv": [0, 0, 16, 16], "texture": "#4"}
			}
		},
		{
			"name": "Cube",
			"from": [-5, 20, 4],
			"to": [-3, 20.5, 6],
			"rotation": {"angle": 22.5, "axis": "x", "origin": [8, 8, 8]},
			"faces": {
				"north": {"uv": [0, 0, 16, 15.5], "texture": "#7"},
				"east": {"uv": [0, 0, 16, 15.5], "texture": "#7"},
				"south": {"uv": [0, 0, 16, 16], "texture": "#7"},
				"west": {"uv": [0, 0, 16, 16], "texture": "#7"},
				"up": {"uv": [0, 0, 16, 16], "texture": "#7"},
				"down": {"uv": [0, 0, 16, 16], "texture": "#7"}
			}
		},
		{
			"name": "Cube",
			"from": [-5, 20, 7],
			"to": [-4, 20.5, 8],
			"rotation": {"angle": 22.5, "axis": "x", "origin": [8, 8, 8]},
			"faces": {
				"north": {"uv": [0, 0, 16, 15.5], "texture": "#7"},
				"east": {"uv": [0, 0, 16, 15.5], "texture": "#7"},
				"south": {"uv": [0, 0, 16, 16], "texture": "#7"},
				"west": {"uv": [0, 0, 16, 16], "texture": "#7"},
				"up": {"uv": [0, 0, 16, 16], "texture": "#7"},
				"down": {"uv": [0, 0, 16, 16], "texture": "#7"}
			}
		},
		{
			"name": "Cube",
			"from": [-3.5, 20, 7],
			"to": [-2.5, 20.5, 8],
			"rotation": {"angle": 22.5, "axis": "x", "origin": [8, 8, 8]},
			"faces": {
				"north": {"uv": [0, 0, 16, 15.5], "texture": "#7"},
				"east": {"uv": [0, 0, 16, 15.5], "texture": "#7"},
				"south": {"uv": [0, 0, 16, 16], "texture": "#7"},
				"west": {"uv": [0, 0, 16, 16], "texture": "#7"},
				"up": {"uv": [0, 0, 16, 16], "texture": "#7"},
				"down": {"uv": [0, 0, 16, 16], "texture": "#7"}
			}
		},
		{
			"name": "Cube",
			"from": [-3.5, 20, 9],
			"to": [-2.5, 20.5, 10],
			"rotation": {"angle": 22.5, "axis": "x", "origin": [8, 8, 8]},
			"faces": {
				"north": {"uv": [0, 0, 16, 15.5], "texture": "#7"},
				"east": {"uv": [0, 0, 16, 15.5], "texture": "#7"},
				"south": {"uv": [0, 0, 16, 16], "texture": "#7"},
				"west": {"uv": [0, 0, 16, 16], "texture": "#7"},
				"up": {"uv": [0, 0, 16, 16], "texture": "#7"},
				"down": {"uv": [0, 0, 16, 16], "texture": "#7"}
			}
		},
		{
			"name": "Cube",
			"from": [10.5, 20, -4],
			"to": [11.5, 20.5, -3],
			"rotation": {"angle": -22.5, "axis": "z", "origin": [8, 8, 8]},
			"faces": {
				"north": {"uv": [0, 0, 16, 15.5], "texture": "#7"},
				"east": {"uv": [0, 0, 16, 15.5], "texture": "#7"},
				"south": {"uv": [0, 0, 16, 16], "texture": "#7"},
				"west": {"uv": [0, 0, 16, 16], "texture": "#7"},
				"up": {"uv": [0, 0, 16, 16], "texture": "#7"},
				"down": {"uv": [0, 0, 16, 16], "texture": "#7"}
			}
		},
		{
			"name": "Cube",
			"from": [8.5, 20, -4],
			"to": [9.5, 20.5, -3],
			"rotation": {"angle": -22.5, "axis": "z", "origin": [8, 8, 8]},
			"faces": {
				"north": {"uv": [0, 0, 16, 15.5], "texture": "#7"},
				"east": {"uv": [0, 0, 16, 15.5], "texture": "#7"},
				"south": {"uv": [0, 0, 16, 16], "texture": "#7"},
				"west": {"uv": [0, 0, 16, 16], "texture": "#7"},
				"up": {"uv": [0, 0, 16, 16], "texture": "#7"},
				"down": {"uv": [0, 0, 16, 16], "texture": "#7"}
			}
		},
		{
			"name": "Cube",
			"from": [4.5, 20, -4],
			"to": [5.5, 20.5, -3],
			"rotation": {"angle": -22.5, "axis": "z", "origin": [8, 8, 8]},
			"faces": {
				"north": {"uv": [0, 0, 16, 15.5], "texture": "#7"},
				"east": {"uv": [0, 0, 16, 15.5], "texture": "#7"},
				"south": {"uv": [0, 0, 16, 16], "texture": "#7"},
				"west": {"uv": [0, 0, 16, 16], "texture": "#7"},
				"up": {"uv": [0, 0, 16, 16], "texture": "#7"},
				"down": {"uv": [0, 0, 16, 16], "texture": "#7"}
			}
		},
		{
			"name": "Cube",
			"from": [6.5, 20, -4],
			"to": [7.5, 20.5, -3],
			"rotation": {"angle": -22.5, "axis": "z", "origin": [8, 8, 8]},
			"faces": {
				"north": {"uv": [0, 0, 16, 15.5], "texture": "#7"},
				"east": {"uv": [0, 0, 16, 15.5], "texture": "#7"},
				"south": {"uv": [0, 0, 16, 16], "texture": "#7"},
				"west": {"uv": [0, 0, 16, 16], "texture": "#7"},
				"up": {"uv": [0, 0, 16, 16], "texture": "#7"},
				"down": {"uv": [0, 0, 16, 16], "texture": "#7"}
			}
		},
		{
			"name": "Cube",
			"from": [4.5, 20, -8],
			"to": [5.5, 20.5, -7],
			"rotation": {"angle": -22.5, "axis": "z", "origin": [8, 8, 8]},
			"faces": {
				"north": {"uv": [0, 0, 16, 15.5], "texture": "#7"},
				"east": {"uv": [0, 0, 16, 15.5], "texture": "#7"},
				"south": {"uv": [0, 0, 16, 16], "texture": "#7"},
				"west": {"uv": [0, 0, 16, 16], "texture": "#7"},
				"up": {"uv": [0, 0, 16, 16], "texture": "#7"},
				"down": {"uv": [0, 0, 16, 16], "texture": "#7"}
			}
		},
		{
			"name": "Cube",
			"from": [9.5, 20, -8],
			"to": [10.5, 20.5, -7],
			"rotation": {"angle": -22.5, "axis": "z", "origin": [8, 8, 8]},
			"faces": {
				"north": {"uv": [0, 0, 16, 15.5], "texture": "#7"},
				"east": {"uv": [0, 0, 16, 15.5], "texture": "#7"},
				"south": {"uv": [0, 0, 16, 16], "texture": "#7"},
				"west": {"uv": [0, 0, 16, 16], "texture": "#7"},
				"up": {"uv": [0, 0, 16, 16], "texture": "#7"},
				"down": {"uv": [0, 0, 16, 16], "texture": "#7"}
			}
		},
		{
			"name": "Cube",
			"from": [5.5, 20, -8],
			"to": [9.5, 20.5, -7],
			"rotation": {"angle": -22.5, "axis": "z", "origin": [8, 8, 8]},
			"faces": {
				"north": {"uv": [0, 0, 16, 15.5], "texture": "#5"},
				"east": {"uv": [0, 0, 16, 15.5], "texture": "#5"},
				"south": {"uv": [0, 0, 16, 16], "texture": "#5"},
				"west": {"uv": [0, 0, 16, 16], "texture": "#5"},
				"up": {"uv": [0, 0, 16, 16], "texture": "#5"},
				"down": {"uv": [0, 0, 16, 16], "texture": "#5"}
			}
		}
	],
	"display": {
		"gui": {
			"rotation": [45, 45, 0],
			"translation": [0, 0, 0],
			"scale": [0.5, 0.5, 0.5]
		}
	}
}