{
	"credit": "Made with Blockbench",
	"parent": "block/cube_all",
	"textures": {
		"0": "block/iron_trapdoor",
		"2": "block/jungle_trapdoor",
		"4": "block/iron_ore",
		"8": "block/black_concrete",
		"9": "block/black_wool",
		"10": "block/big_oak_planks",
		"11": "block/gray_wool",
		"12": "block/light_blue_concrete",
		"13": "block/13th_consoletop",
		"particle": "block/black_concrete"
	},
	"elements": [
		{
			"name": "Cube",
			"from": [0, 0, 0],
			"to": [16, 0.1, 16],
			"faces": {
				"north": {"uv": [0, 0, 16, 1.1], "texture": "#0"},
				"east": {"uv": [0, 0, 16, 1.1], "texture": "#0"},
				"south": {"uv": [0, 0, 16, 0.1], "texture": "#0"},
				"west": {"uv": [0, 0, 16, 0.1], "texture": "#0"},
				"up": {"uv": [0, 0, 16, 16], "texture": "#2"},
				"down": {"uv": [0, 0, 16, 16], "texture": "#2"}
			}
		},
		{
			"name": "Cube",
			"from": [2.7, 0, 7.5],
			"to": [13.2, 2, 13.5],
			"rotation": {"angle": 45, "axis": "y", "origin": [8, 8, 8]},
			"faces": {
				"north": {"uv": [0, 0, 16, 3], "texture": "#4"},
				"east": {"uv": [0, 0, 16, 3], "texture": "#4"},
				"south": {"uv": [0, 0, 16, 3], "texture": "#4"},
				"west": {"uv": [0, 0, 16, 3], "texture": "#4"},
				"up": {"uv": [0, 0, 16, 3], "texture": "#4"},
				"down": {"uv": [0, 0, 16, 3], "texture": "#4"}
			}
		},
		{
			"name": "Cube",
			"from": [-8, 0, 9.5],
			"to": [8, 2, 15.5],
			"faces": {
				"north": {"uv": [0, 0, 16, 3], "texture": "#4"},
				"east": {"uv": [0, 0, 16, 3], "texture": "#4"},
				"south": {"uv": [0, 0, 16, 3], "texture": "#4"},
				"west": {"uv": [0, 0, 16, 3], "texture": "#4"},
				"up": {"uv": [0, 0, 16, 3], "texture": "#4"},
				"down": {"uv": [0, 0, 16, 3], "texture": "#4"}
			}
		},
		{
			"name": "Cube",
			"from": [9.5, 0, -8],
			"to": [15.5, 2, 8],
			"faces": {
				"north": {"uv": [0, 0, 16, 3], "texture": "#4"},
				"east": {"uv": [0, 0, 16, 3], "texture": "#4"},
				"south": {"uv": [0, 0, 16, 3], "texture": "#4"},
				"west": {"uv": [0, 0, 16, 3], "texture": "#4"},
				"up": {"uv": [0, 0, 16, 3], "texture": "#4"},
				"down": {"uv": [0, 0, 16, 3], "texture": "#4"}
			}
		},
		{
			"name": "Cube",
			"from": [3, 11, 7.5],
			"to": [13, 16, 16.5],
			"rotation": {"angle": 45, "axis": "y", "origin": [8, 8, 8]},
			"faces": {
				"north": {"uv": [0, 0, 16, 16], "texture": "#4"},
				"east": {"uv": [0, 0, 16, 16], "texture": "#4"},
				"south": {"uv": [0, 0, 16, 16], "texture": "#4"},
				"west": {"uv": [0, 0, 16, 16], "texture": "#4"},
				"up": {"uv": [0, 0, 16, 16], "texture": "#4"},
				"down": {"uv": [0, 0, 16, 16], "texture": "#4"}
			}
		},
		{
			"name": "Cube",
			"from": [0, 11, 8.5],
			"to": [10.5, 16, 17.5],
			"faces": {
				"north": {"uv": [0, 0, 16, 16], "texture": "#4"},
				"east": {"uv": [0, 0, 16, 16], "texture": "#4"},
				"south": {"uv": [0, 0, 16, 16], "texture": "#4"},
				"west": {"uv": [0, 0, 16, 16], "texture": "#4"},
				"up": {"uv": [0, 0, 16, 16], "texture": "#4"},
				"down": {"uv": [0, 0, 16, 16], "texture": "#4"}
			}
		},
		{
			"name": "Cube",
			"from": [8.5, 11, 0],
			"to": [17.5, 16, 10.5],
			"faces": {
				"north": {"uv": [0, 0, 15.5, 16], "texture": "#4"},
				"east": {"uv": [0, 0, 15.5, 16], "texture": "#4"},
				"south": {"uv": [0, 0, 15.5, 16], "texture": "#4"},
				"west": {"uv": [0, 0, 15.5, 16], "texture": "#4"},
				"up": {"uv": [0, 0, 15.5, 16], "texture": "#4"},
				"down": {"uv": [0, 0, 15.5, 16], "texture": "#4"}
			}
		},
		{
			"name": "Cube",
			"from": [-2, 16, 1.5],
			"to": [2.5, 21, 12.5],
			"rotation": {"angle": 22.5, "axis": "x", "origin": [8, 8, 8]},
			"faces": {
				"north": {"uv": [0, 0, 16, 16], "texture": "#4"},
				"east": {"uv": [0, 0, 16, 16], "texture": "#4"},
				"south": {"uv": [0, 0, 16, 16], "texture": "#4"},
				"west": {"uv": [0, 0, 16, 16], "texture": "#4"},
				"up": {"uv": [0, 0, 16, 16], "rotation": 180, "texture": "#4"},
				"down": {"uv": [0, 0, 16, 16], "texture": "#4"}
			}
		},
		{
			"name": "Cube",
			"from": [1.5, 16, -2],
			"to": [11.5, 21, 2.5],
			"rotation": {"angle": -22.5, "axis": "z", "origin": [8, 8, 8]},
			"faces": {
				"north": {"uv": [0, 0, 15.5, 16], "texture": "#4"},
				"east": {"uv": [0, 0, 15.5, 16], "texture": "#4"},
				"south": {"uv": [0, 0, 15.5, 16], "texture": "#4"},
				"west": {"uv": [0, 0, 15.5, 16], "texture": "#4"},
				"up": {"uv": [0, 0, 15.5, 16], "rotation": 90, "texture": "#4"},
				"down": {"uv": [0, 0, 15.5, 16], "texture": "#4"}
			}
		},
		{
			"name": "Cube",
			"from": [-1, 17.5, 4],
			"to": [4.7, 22.5, 12],
			"rotation": {"angle": -45, "axis": "y", "origin": [8, 8, 8]},
			"faces": {
				"north": {"uv": [0, 0, 16, 16], "texture": "#4"},
				"east": {"uv": [0, 0, 16, 16], "texture": "#4"},
				"south": {"uv": [0, 0, 16, 16], "texture": "#4"},
				"west": {"uv": [0, 0, 16, 16], "texture": "#4"},
				"up": {"uv": [0, 0, 16, 16], "texture": "#4"},
				"down": {"uv": [0, 0, 16, 16], "texture": "#4"}
			}
		},
		{
			"name": "Cube",
			"from": [3, 2, 8],
			"to": [13, 7.2, 11],
			"rotation": {"angle": 45, "axis": "y", "origin": [8, 8, 8]},
			"faces": {
				"north": {"uv": [0, 0, 16, 16], "texture": "#4"},
				"east": {"uv": [0, 0, 16, 16], "texture": "#4"},
				"south": {"uv": [0, 0, 16, 16], "texture": "#4"},
				"west": {"uv": [0, 0, 16, 16], "texture": "#4"},
				"up": {"uv": [0, 0, 16, 16], "texture": "#4"},
				"down": {"uv": [0, 0, 16, 16], "texture": "#4"}
			}
		},
		{
			"name": "Cube",
			"from": [1, 2, 11],
			"to": [6.5, 7.1, 13.7],
			"faces": {
				"north": {"uv": [0, 0, 16, 16], "texture": "#4"},
				"east": {"uv": [0, 0, 16, 16], "texture": "#4"},
				"south": {"uv": [0, 0, 16, 16], "texture": "#4"},
				"west": {"uv": [0, 0, 16, 16], "texture": "#4"},
				"up": {"uv": [0, 0, 16, 16], "texture": "#4"},
				"down": {"uv": [0, 0, 16, 16], "texture": "#4"}
			}
		},
		{
			"name": "Cube",
			"from": [11, 2, 1],
			"to": [14, 7.1, 6.5],
			"faces": {
				"north": {"uv": [0, 0, 15.5, 16], "texture": "#4"},
				"east": {"uv": [0, 0, 15.5, 16], "texture": "#4"},
				"south": {"uv": [0, 0, 15.5, 16], "texture": "#4"},
				"west": {"uv": [0, 0, 15.5, 16], "texture": "#4"},
				"up": {"uv": [0, 0, 15.5, 16], "texture": "#4"},
				"down": {"uv": [0, 0, 15.5, 16], "texture": "#4"}
			}
		},
		{
			"name": "Cube",
			"from": [-4, 18, 2],
			"to": [2, 22.5, 14],
			"rotation": {"angle": -45, "axis": "y", "origin": [8, 8, 8]},
			"faces": {
				"north": {"uv": [0, 0, 16, 16], "texture": "#4"},
				"east": {"uv": [0, 0, 16, 16], "texture": "#4"},
				"south": {"uv": [0, 0, 16, 16], "texture": "#4"},
				"west": {"uv": [0, 0, 16, 16], "texture": "#4"},
				"up": {"uv": [0, 0, 16, 16], "texture": "#4"},
				"down": {"uv": [0, 0, 16, 16], "texture": "#4"}
			}
		},
		{
			"name": "Cube",
			"from": [3, 15.6, -8],
			"to": [13.3, 20, -2],
			"rotation": {"angle": -22.5, "axis": "z", "origin": [8, 8, 8]},
			"faces": {
				"north": {"uv": [7.0625, 12, 8.71875, 13.125], "rotation": 270, "texture": "#13"},
				"east": {"uv": [7.0625, 12, 8.71875, 13.125], "rotation": 270, "texture": "#13"},
				"south": {"uv": [7.0625, 12, 8.71875, 13.125], "rotation": 270, "texture": "#13"},
				"west": {"uv": [7.0625, 12, 8.71875, 13.125], "rotation": 270, "texture": "#13"},
				"up": {"uv": [2.625, 8.375, 8.0625, 15.25], "rotation": 270, "texture": "#13"},
				"down": {"uv": [7.0625, 12, 8.71875, 13.125], "rotation": 270, "texture": "#13"}
			}
		},
		{
			"name": "Cube",
			"from": [-8, 16.6, 3],
			"to": [-2, 20, 13.3],
			"rotation": {"angle": 22.5, "axis": "x", "origin": [8, 8, 8]},
			"faces": {
				"north": {"uv": [9.90625, 11.53125, 10.59375, 12.21875], "rotation": 180, "texture": "#13"},
				"east": {"uv": [9.90625, 11.53125, 10.59375, 12.21875], "texture": "#13"},
				"south": {"uv": [7.0625, 12.0625, 8.8125, 12.75], "texture": "#13"},
				"west": {"uv": [9.90625, 11.53125, 10.59375, 12.21875], "texture": "#13"},
				"up": {"uv": [8.0625, 8.375, 12.21691, 15.125], "texture": "#13"},
				"down": {"uv": [9.90625, 11.53125, 10.59375, 12.21875], "texture": "#13"}
			}
		},
		{
			"name": "Cube",
			"from": [3.1, 7.1, 8],
			"to": [13, 11.2, 13.7],
			"rotation": {"angle": 45, "axis": "y", "origin": [8, 8, 8]},
			"faces": {
				"north": {"uv": [0, 0, 16, 16], "texture": "#4"},
				"east": {"uv": [0, 0, 16, 16], "texture": "#4"},
				"south": {"uv": [0, 0, 16, 16], "texture": "#4"},
				"west": {"uv": [0, 0, 16, 16], "texture": "#4"},
				"up": {"uv": [0, 0, 16, 16], "texture": "#4"},
				"down": {"uv": [0, 0, 16, 16], "texture": "#4"}
			}
		},
		{
			"name": "Cube",
			"from": [1, 7.1, 12.7],
			"to": [8.6, 12, 15.5],
			"faces": {
				"north": {"uv": [0, 0, 16, 16], "texture": "#4"},
				"east": {"uv": [0, 0, 16, 16], "texture": "#4"},
				"south": {"uv": [0, 0, 16, 16], "texture": "#4"},
				"west": {"uv": [0, 0, 16, 16], "texture": "#4"},
				"up": {"uv": [0, 0, 16, 16], "texture": "#4"},
				"down": {"uv": [0, 0, 16, 16], "texture": "#4"}
			}
		},
		{
			"name": "Cube",
			"from": [12.7, 7.1, 1],
			"to": [15.5, 13, 8.6],
			"faces": {
				"north": {"uv": [0, 0, 16, 16], "texture": "#4"},
				"east": {"uv": [0, 0, 16, 16], "texture": "#4"},
				"south": {"uv": [0, 0, 16, 16], "texture": "#4"},
				"west": {"uv": [0, 0, 16, 16], "texture": "#4"},
				"up": {"uv": [0, 0, 16, 16], "texture": "#4"},
				"down": {"uv": [0, 0, 16, 16], "texture": "#4"}
			}
		},
		{
			"name": "Cube",
			"from": [1.5, 17.5, -8],
			"to": [8, 22.5, 2],
			"faces": {
				"north": {"uv": [0, 0, 16, 16], "texture": "#4"},
				"east": {"uv": [0, 0, 16, 16], "texture": "#4"},
				"south": {"uv": [0, 0, 16, 16], "texture": "#4"},
				"west": {"uv": [0, 0, 16, 16], "texture": "#4"},
				"up": {"uv": [0, 0, 16, 16], "rotation": 90, "texture": "#4"},
				"down": {"uv": [0, 0, 16, 16], "texture": "#4"}
			}
		},
		{
			"name": "Cube",
			"from": [-8, 17.5, 1.5],
			"to": [2, 22.5, 8],
			"faces": {
				"north": {"uv": [0, 0, 16, 16], "texture": "#4"},
				"east": {"uv": [0, 0, 16, 16], "texture": "#4"},
				"south": {"uv": [0, 0, 16, 16], "texture": "#4"},
				"west": {"uv": [0, 0, 16, 16], "texture": "#4"},
				"up": {"uv": [0, 0, 16, 16], "texture": "#4"},
				"down": {"uv": [0, 0, 16, 16], "texture": "#4"}
			}
		},
		{
			"name": "Cube",
			"from": [-2, 8, 12.5],
			"to": [2.5, 21, 16],
			"rotation": {"angle": 22.5, "axis": "x", "origin": [8, 8, 8]},
			"faces": {
				"north": {"uv": [0, 0, 16, 16], "texture": "#4"},
				"east": {"uv": [0, 0, 16, 16], "texture": "#4"},
				"south": {"uv": [0, 0, 16, 16], "texture": "#4"},
				"west": {"uv": [0, 0, 16, 16], "texture": "#4"},
				"up": {"uv": [0, 0, 16, 16], "texture": "#4"},
				"down": {"uv": [0, 0, 16, 16], "texture": "#4"}
			}
		},
		{
			"name": "Cube",
			"from": [-2, 0, 12.5],
			"to": [2.5, 9, 15.5],
			"faces": {
				"north": {"uv": [0, 0, 16, 16], "texture": "#4"},
				"east": {"uv": [0, 0, 16, 16], "texture": "#4"},
				"south": {"uv": [0, 0, 16, 16], "texture": "#4"},
				"west": {"uv": [0, 0, 16, 16], "texture": "#4"},
				"up": {"uv": [0, 0, 16, 16], "texture": "#4"},
				"down": {"uv": [0, 0, 16, 16], "texture": "#4"}
			}
		},
		{
			"name": "Cube",
			"from": [12.5, 0, -1.9],
			"to": [15.5, 9, 2.6],
			"faces": {
				"north": {"uv": [0, 0, 16, 16], "texture": "#4"},
				"east": {"uv": [0, 0, 16, 16], "texture": "#4"},
				"south": {"uv": [0, 0, 16, 16], "texture": "#4"},
				"west": {"uv": [0, 0, 16, 16], "texture": "#4"},
				"up": {"uv": [0, 0, 16, 16], "texture": "#4"},
				"down": {"uv": [0, 0, 16, 16], "texture": "#4"}
			}
		},
		{
			"name": "Cube",
			"from": [11.5, 8.3, -2],
			"to": [16, 21, 2.5],
			"rotation": {"angle": -22.5, "axis": "z", "origin": [8, 8, 8]},
			"faces": {
				"north": {"uv": [0, 0, 16, 16], "texture": "#4"},
				"east": {"uv": [0, 0, 16, 16], "texture": "#4"},
				"south": {"uv": [0, 0, 16, 16], "texture": "#4"},
				"west": {"uv": [0, 0, 16, 16], "texture": "#4"},
				"up": {"uv": [0, 0, 16, 16], "texture": "#4"},
				"down": {"uv": [0, 0, 16, 16], "texture": "#4"}
			}
		},
		{
			"name": "Cube",
			"from": [-8, 11, 8.5],
			"to": [2, 16, 17.5],
			"faces": {
				"north": {"uv": [0, 0, 16, 16], "texture": "#4"},
				"east": {"uv": [0, 0, 16, 16], "texture": "#4"},
				"south": {"uv": [0, 0, 16, 16], "texture": "#4"},
				"west": {"uv": [0, 0, 16, 16], "texture": "#4"},
				"up": {"uv": [0, 0, 16, 16], "texture": "#4"},
				"down": {"uv": [0, 0, 16, 16], "texture": "#4"}
			}
		},
		{
			"name": "Cube",
			"from": [8.5, 11, -8],
			"to": [17.5, 16, 1],
			"faces": {
				"north": {"uv": [0, 0, 16, 16], "texture": "#4"},
				"east": {"uv": [0, 0, 16, 16], "texture": "#4"},
				"south": {"uv": [0, 0, 16, 16], "texture": "#4"},
				"west": {"uv": [0, 0, 16, 16], "texture": "#4"},
				"up": {"uv": [0, 0, 16, 16], "texture": "#4"},
				"down": {"uv": [0, 0, 16, 16], "texture": "#4"}
			}
		},
		{
			"name": "Cube",
			"from": [-8, 3, 11.3],
			"to": [6.5, 15, 15.3],
			"rotation": {"angle": 22.5, "axis": "x", "origin": [8, 8, 8]},
			"faces": {
				"north": {"uv": [0, 0, 16, 16], "texture": "#4"},
				"east": {"uv": [0, 0, 16, 16], "texture": "#4"},
				"south": {"uv": [0, 0, 16, 16], "texture": "#4"},
				"west": {"uv": [0, 0, 16, 16], "texture": "#4"},
				"up": {"uv": [0, 0, 16, 16], "texture": "#4"},
				"down": {"uv": [0, 0, 16, 16], "texture": "#4"}
			}
		},
		{
			"name": "Cube",
			"from": [11.3, 3, -8],
			"to": [15.3, 15, 6.5],
			"rotation": {"angle": -22.5, "axis": "z", "origin": [8, 8, 8]},
			"faces": {
				"north": {"uv": [0, 0, 15, 16], "texture": "#4"},
				"east": {"uv": [0, 0, 15, 16], "texture": "#4"},
				"south": {"uv": [0, 0, 15, 16], "texture": "#4"},
				"west": {"uv": [0, 0, 15, 16], "texture": "#4"},
				"up": {"uv": [0, 0, 15, 16], "texture": "#4"},
				"down": {"uv": [0, 0, 15, 16], "texture": "#4"}
			}
		},
		{
			"name": "Cube",
			"from": [-8, 24.1, 1.5],
			"to": [2, 26.4, 8],
			"faces": {
				"north": {"uv": [0, 0, 16, 16], "texture": "#4"},
				"east": {"uv": [0, 0, 16, 16], "texture": "#4"},
				"south": {"uv": [0, 0, 16, 16], "texture": "#4"},
				"west": {"uv": [0, 0, 16, 16], "texture": "#4"},
				"up": {"uv": [0, 0, 16, 16], "texture": "#4"},
				"down": {"uv": [0, 0, 16, 16], "texture": "#4"}
			}
		},
		{
			"name": "Cube",
			"from": [-1, 24.7, 4],
			"to": [3.5, 26.4, 12],
			"rotation": {"angle": -45, "axis": "y", "origin": [8, 15.9, 8]},
			"faces": {
				"north": {"uv": [0, 0, 16, 16], "texture": "#4"},
				"east": {"uv": [0, 0, 16, 16], "texture": "#4"},
				"south": {"uv": [0, 0, 16, 16], "texture": "#4"},
				"west": {"uv": [0, 0, 16, 16], "texture": "#4"},
				"up": {"uv": [0, 0, 16, 16], "texture": "#4"},
				"down": {"uv": [0, 0, 16, 16], "texture": "#4"}
			}
		},
		{
			"name": "Cube",
			"from": [-2, 24.1, 7.1],
			"to": [2.5, 26.4, 16.1],
			"faces": {
				"north": {"uv": [0, 0, 16, 16], "texture": "#4"},
				"east": {"uv": [0, 0, 16, 16], "texture": "#4"},
				"south": {"uv": [0, 0, 16, 16], "texture": "#4"},
				"west": {"uv": [0, 0, 16, 16], "texture": "#4"},
				"up": {"uv": [0, 0, 16, 16], "rotation": 180, "texture": "#4"},
				"down": {"uv": [0, 0, 16, 16], "texture": "#4"}
			}
		},
		{
			"name": "Cube",
			"from": [7.1, 24.1, -2],
			"to": [16.1, 26.4, 2.5],
			"faces": {
				"north": {"uv": [0, 0, 15.5, 16], "texture": "#4"},
				"east": {"uv": [0, 0, 15.5, 16], "texture": "#4"},
				"south": {"uv": [0, 0, 15.5, 16], "texture": "#4"},
				"west": {"uv": [0, 0, 15.5, 16], "texture": "#4"},
				"up": {"uv": [0, 0, 15.5, 16], "rotation": 90, "texture": "#4"},
				"down": {"uv": [0, 0, 15.5, 16], "rotation": 90, "texture": "#4"}
			}
		},
		{
			"name": "Cube",
			"from": [-4, 24.7, 2],
			"to": [2, 26.4, 14],
			"rotation": {"angle": -45, "axis": "y", "origin": [8, 8, 8]},
			"faces": {
				"north": {"uv": [0, 0, 16, 16], "texture": "#4"},
				"east": {"uv": [0, 0, 16, 16], "texture": "#4"},
				"south": {"uv": [0, 0, 16, 16], "texture": "#4"},
				"west": {"uv": [0, 0, 16, 16], "texture": "#4"},
				"up": {"uv": [0, 0, 16, 16], "texture": "#4"},
				"down": {"uv": [0, 0, 16, 16], "texture": "#4"}
			}
		},
		{
			"name": "Cube",
			"from": [14.1, 20, -1.9],
			"to": [24.3, 21.5, 2.4],
			"rotation": {"angle": 22.5, "axis": "z", "origin": [8, 2.9, 8]},
			"faces": {
				"north": {"uv": [0, 0, 15.5, 16], "texture": "#4"},
				"east": {"uv": [0, 0, 15.5, 16], "texture": "#4"},
				"south": {"uv": [0, 0, 15.5, 16], "texture": "#4"},
				"west": {"uv": [0, 0, 15.5, 16], "texture": "#4"},
				"up": {"uv": [0, 0, 15.5, 16], "rotation": 90, "texture": "#4"},
				"down": {"uv": [0, 0, 15.5, 16], "rotation": 90, "texture": "#4"}
			}
		},
		{
			"name": "Cube",
			"from": [-1.9, 20, 14.1],
			"to": [2.4, 21.5, 24.3],
			"rotation": {"angle": -22.5, "axis": "x", "origin": [8, 2.9, 8]},
			"faces": {
				"north": {"uv": [0, 0, 16, 16], "texture": "#4"},
				"east": {"uv": [0, 0, 16, 16], "texture": "#4"},
				"south": {"uv": [0, 0, 16, 16], "texture": "#4"},
				"west": {"uv": [0, 0, 16, 16], "texture": "#4"},
				"up": {"uv": [0, 0, 16, 16], "rotation": 180, "texture": "#4"},
				"down": {"uv": [0, 0, 16, 16], "texture": "#4"}
			}
		},
		{
			"name": "Cube",
			"from": [2.1, 21, -1.2],
			"to": [15.4, 21.6, 1.8],
			"rotation": {"angle": -22.5, "axis": "z", "origin": [8, 8, 8]},
			"faces": {
				"north": {"uv": [0, 0, 15.5, 16], "texture": "#4"},
				"east": {"uv": [0, 0, 15.5, 16], "texture": "#4"},
				"south": {"uv": [0, 0, 15.5, 16], "texture": "#4"},
				"west": {"uv": [0, 0, 15.5, 16], "texture": "#4"},
				"up": {"uv": [0, 0, 15.5, 16], "rotation": 90, "texture": "#4"},
				"down": {"uv": [0, 0, 15.5, 16], "texture": "#4"}
			}
		},
		{
			"name": "Cube",
			"from": [-1.3, 21, 2],
			"to": [1.7, 21.6, 15.4],
			"rotation": {"angle": 22.5, "axis": "x", "origin": [8, 8, 8]},
			"faces": {
				"north": {"uv": [0, 0, 16, 16], "texture": "#4"},
				"east": {"uv": [0, 0, 16, 16], "texture": "#4"},
				"south": {"uv": [0, 0, 16, 16], "texture": "#4"},
				"west": {"uv": [0, 0, 16, 16], "texture": "#4"},
				"up": {"uv": [0, 0, 16, 16], "rotation": 180, "texture": "#4"},
				"down": {"uv": [0, 0, 16, 16], "rotation": 270, "texture": "#4"}
			}
		},
		{
			"name": "Cube",
			"from": [15.5, 3.3, -1.9],
			"to": [21.5, 5.3, 2.6],
			"rotation": {"angle": -22.5, "axis": "z", "origin": [8, 8, 8]},
			"faces": {
				"north": {"uv": [0, 0, 15.5, 16], "texture": "#4"},
				"east": {"uv": [0, 0, 15.5, 16], "texture": "#4"},
				"south": {"uv": [0, 0, 15.5, 16], "texture": "#4"},
				"west": {"uv": [0, 0, 15.5, 16], "texture": "#4"},
				"up": {"uv": [0, 0, 15.5, 16], "rotation": 90, "texture": "#4"},
				"down": {"uv": [0, 0, 15.5, 16], "texture": "#4"}
			}
		},
		{
			"name": "Cube",
			"from": [-2, 3.4, 17.2],
			"to": [2.5, 5.4, 21.2],
			"rotation": {"angle": 22.5, "axis": "x", "origin": [8, 8, 8]},
			"faces": {
				"north": {"uv": [0, 0, 16, 16], "texture": "#4"},
				"east": {"uv": [0, 0, 16, 16], "texture": "#4"},
				"south": {"uv": [0, 0, 16, 16], "texture": "#4"},
				"west": {"uv": [0, 0, 16, 16], "texture": "#4"},
				"up": {"uv": [0, 0, 16, 16], "rotation": 180, "texture": "#4"},
				"down": {"uv": [0, 0, 16, 16], "rotation": 270, "texture": "#4"}
			}
		},
		{
			"name": "Cube",
			"from": [7.8, 19.8, -1.2],
			"to": [21.7, 20.4, 1.8],
			"rotation": {"angle": 22.5, "axis": "z", "origin": [8, 8, 8]},
			"faces": {
				"north": {"uv": [0, 0, 15.5, 16], "texture": "#4"},
				"east": {"uv": [0, 0, 15.5, 16], "texture": "#4"},
				"south": {"uv": [0, 0, 15.5, 16], "texture": "#4"},
				"west": {"uv": [0, 0, 15.5, 16], "texture": "#4"},
				"up": {"uv": [0, 0, 15.5, 16], "rotation": 90, "texture": "#4"},
				"down": {"uv": [0, 0, 15.5, 16], "texture": "#4"}
			}
		},
		{
			"name": "Cube",
			"from": [-1.3, 20, 7.8],
			"to": [1.7, 20.6, 21.7],
			"rotation": {"angle": -22.5, "axis": "x", "origin": [8, 8, 8]},
			"faces": {
				"north": {"uv": [0, 0, 16, 16], "texture": "#4"},
				"east": {"uv": [0, 0, 16, 16], "texture": "#4"},
				"south": {"uv": [0, 0, 16, 16], "texture": "#4"},
				"west": {"uv": [0, 0, 16, 16], "texture": "#4"},
				"up": {"uv": [0, 0, 16, 16], "rotation": 180, "texture": "#4"},
				"down": {"uv": [0, 0, 16, 16], "rotation": 270, "texture": "#4"}
			}
		},
		{
			"name": "Cube",
			"from": [2.1, 21, -1.2],
			"to": [15.4, 21.6, 1.8],
			"rotation": {"angle": -22.5, "axis": "z", "origin": [8, 8, 8]},
			"faces": {
				"north": {"uv": [0, 0, 15.5, 16], "texture": "#4"},
				"east": {"uv": [0, 0, 15.5, 16], "texture": "#4"},
				"south": {"uv": [0, 0, 15.5, 16], "texture": "#4"},
				"west": {"uv": [0, 0, 15.5, 16], "texture": "#4"},
				"up": {"uv": [0, 0, 15.5, 16], "rotation": 90, "texture": "#4"},
				"down": {"uv": [0, 0, 15.5, 16], "texture": "#4"}
			}
		},
		{
			"name": "Cube",
			"from": [13.1, 18.2, -0.7],
			"to": [16.4, 22.1, -0.2],
			"rotation": {"angle": -22.5, "axis": "z", "origin": [8, 8, 8]},
			"faces": {
				"north": {"uv": [0, 0, 16, 16], "rotation": 90, "texture": "#8"},
				"east": {"uv": [0, 0, 2, 16], "texture": "#8"},
				"south": {"uv": [0, 0, 2, 16], "rotation": 90, "texture": "#8"},
				"west": {"uv": [0, 0, 2, 16], "rotation": 90, "texture": "#8"},
				"up": {"uv": [0, 0, 2, 16], "rotation": 90, "texture": "#8"},
				"down": {"uv": [0, 0, 2, 16], "rotation": 90, "texture": "#8"}
			}
		},
		{
			"name": "Cube",
			"from": [13.1, 18.2, 0.8],
			"to": [16.4, 22.1, 1.3],
			"rotation": {"angle": -22.5, "axis": "z", "origin": [8, 8, 8]},
			"faces": {
				"north": {"uv": [0, 0, 16, 16], "rotation": 90, "texture": "#8"},
				"east": {"uv": [0, 0, 2, 16], "texture": "#8"},
				"south": {"uv": [0, 0, 2, 16], "rotation": 90, "texture": "#8"},
				"west": {"uv": [0, 0, 2, 16], "rotation": 90, "texture": "#8"},
				"up": {"uv": [0, 0, 2, 16], "rotation": 90, "texture": "#8"},
				"down": {"uv": [0, 0, 2, 16], "rotation": 90, "texture": "#8"}
			}
		},
		{
			"name": "Cube",
			"from": [5.1, 21.6, -0.7],
			"to": [7.4, 22.1, -0.2],
			"rotation": {"angle": -22.5, "axis": "z", "origin": [8, 8, 8]},
			"faces": {
				"north": {"uv": [0, 0, 2, 16], "rotation": 90, "texture": "#8"},
				"east": {"uv": [0, 0, 2, 16], "rotation": 90, "texture": "#8"},
				"south": {"uv": [0, 0, 2, 16], "rotation": 90, "texture": "#8"},
				"west": {"uv": [0, 0, 2, 16], "rotation": 90, "texture": "#8"},
				"up": {"uv": [0, 0, 2, 16], "rotation": 90, "texture": "#8"},
				"down": {"uv": [0, 0, 2, 16], "rotation": 90, "texture": "#8"}
			}
		},
		{
			"name": "Cube",
			"from": [5.1, 21.6, 0.8],
			"to": [7.4, 22.1, 1.3],
			"rotation": {"angle": -22.5, "axis": "z", "origin": [8, 8, 8]},
			"faces": {
				"north": {"uv": [0, 0, 2, 16], "rotation": 90, "texture": "#8"},
				"east": {"uv": [0, 0, 2, 16], "rotation": 90, "texture": "#8"},
				"south": {"uv": [0, 0, 2, 16], "rotation": 90, "texture": "#8"},
				"west": {"uv": [0, 0, 2, 16], "rotation": 90, "texture": "#8"},
				"up": {"uv": [0, 0, 2, 16], "rotation": 90, "texture": "#8"},
				"down": {"uv": [0, 0, 2, 16], "rotation": 90, "texture": "#8"}
			}
		},
		{
			"name": "Cube",
			"from": [7.4, 21.6, -0.7],
			"to": [13.1, 22.1, -0.2],
			"rotation": {"angle": -22.5, "axis": "z", "origin": [8, 8, 8]},
			"faces": {
				"north": {"uv": [0, 0, 15, 15.5], "rotation": 90, "texture": "#12"},
				"east": {"uv": [0, 0, 15, 15.5], "rotation": 90, "texture": "#12"},
				"south": {"uv": [0, 0, 15, 15.5], "rotation": 90, "texture": "#12"},
				"west": {"uv": [0, 0, 15, 15.5], "rotation": 90, "texture": "#12"},
				"up": {"uv": [0, 0, 15, 15.5], "rotation": 90, "texture": "#12"},
				"down": {"uv": [0, 0, 15, 15.5], "rotation": 90, "texture": "#12"}
			}
		},
		{
			"name": "Cube",
			"from": [7.4, 21.6, 0.8],
			"to": [13.1, 22.1, 1.3],
			"rotation": {"angle": -22.5, "axis": "z", "origin": [8, 8, 8]},
			"faces": {
				"north": {"uv": [0, 0, 15, 15.5], "rotation": 90, "texture": "#12"},
				"east": {"uv": [0, 0, 15, 15.5], "rotation": 90, "texture": "#12"},
				"south": {"uv": [0, 0, 15, 15.5], "rotation": 90, "texture": "#12"},
				"west": {"uv": [0, 0, 15, 15.5], "rotation": 90, "texture": "#12"},
				"up": {"uv": [0, 0, 15, 15.5], "rotation": 90, "texture": "#12"},
				"down": {"uv": [0, 0, 15, 15.5], "rotation": 90, "texture": "#12"}
			}
		},
		{
			"name": "Cube",
			"from": [16, 12.5, -0.7],
			"to": [19.9, 14.9, -0.2],
			"faces": {
				"north": {"uv": [0, 0, 16, 16], "rotation": 180, "texture": "#8"},
				"east": {"uv": [0, 0, 2, 5], "rotation": 180, "texture": "#8"},
				"south": {"uv": [0, 0, 16, 16], "rotation": 180, "texture": "#8"},
				"west": {"uv": [0, 0, 16, 16], "rotation": 180, "texture": "#8"},
				"up": {"uv": [0, 0, 16, 16], "rotation": 180, "texture": "#8"},
				"down": {"uv": [0, 0, 16, 16], "rotation": 180, "texture": "#8"}
			}
		},
		{
			"name": "Cube",
			"from": [16, 12.5, 0.8],
			"to": [19.9, 14.9, 1.3],
			"faces": {
				"north": {"uv": [0, 0, 16, 16], "rotation": 180, "texture": "#8"},
				"east": {"uv": [0, 0, 2, 5], "rotation": 180, "texture": "#8"},
				"south": {"uv": [0, 0, 16, 16], "rotation": 180, "texture": "#8"},
				"west": {"uv": [0, 0, 16, 16], "rotation": 180, "texture": "#8"},
				"up": {"uv": [0, 0, 16, 16], "rotation": 180, "texture": "#8"},
				"down": {"uv": [0, 0, 16, 16], "rotation": 180, "texture": "#8"}
			}
		},
		{
			"name": "Cube",
			"from": [16.8, 4.8, 0.8],
			"to": [17.3, 16.7, 1.3],
			"rotation": {"angle": -22.5, "axis": "z", "origin": [8, 8, 8]},
			"faces": {
				"north": {"uv": [0, 0, 2, 16], "rotation": 90, "texture": "#8"},
				"east": {"uv": [0, 0, 2, 16], "texture": "#8"},
				"south": {"uv": [0, 0, 2, 16], "rotation": 90, "texture": "#8"},
				"west": {"uv": [0, 0, 2, 16], "rotation": 90, "texture": "#8"},
				"up": {"uv": [0, 0, 2, 16], "rotation": 90, "texture": "#8"},
				"down": {"uv": [0, 0, 2, 16], "rotation": 90, "texture": "#8"}
			}
		},
		{
			"name": "Cube",
			"from": [16.8, 4.8, -0.7],
			"to": [17.3, 16.7, -0.2],
			"rotation": {"angle": -22.5, "axis": "z", "origin": [8, 8, 8]},
			"faces": {
				"north": {"uv": [0, 0, 2, 16], "rotation": 90, "texture": "#8"},
				"east": {"uv": [0, 0, 2, 16], "texture": "#8"},
				"south": {"uv": [0, 0, 2, 16], "rotation": 90, "texture": "#8"},
				"west": {"uv": [0, 0, 2, 16], "rotation": 90, "texture": "#8"},
				"up": {"uv": [0, 0, 2, 16], "rotation": 90, "texture": "#8"},
				"down": {"uv": [0, 0, 2, 16], "rotation": 90, "texture": "#8"}
			}
		},
		{
			"name": "Cube",
			"from": [0.6, 18.2, 13.1],
			"to": [1.1, 22.1, 16.4],
			"rotation": {"angle": 22.5, "axis": "x", "origin": [-70, 8, 8]},
			"faces": {
				"north": {"uv": [0, 0, 2, 16], "rotation": 180, "texture": "#8"},
				"east": {"uv": [0, 0, 2, 16], "rotation": 180, "texture": "#8"},
				"south": {"uv": [0, 0, 2, 16], "rotation": 180, "texture": "#8"},
				"west": {"uv": [0, 0, 16, 16], "rotation": 180, "texture": "#8"},
				"up": {"uv": [0, 0, 2, 16], "rotation": 180, "texture": "#8"},
				"down": {"uv": [0, 0, 2, 16], "rotation": 180, "texture": "#8"}
			}
		},
		{
			"name": "Cube",
			"from": [-0.9, 18.2, 13.1],
			"to": [-0.4, 22.1, 16.4],
			"rotation": {"angle": 22.5, "axis": "x", "origin": [-70, 8, 8]},
			"faces": {
				"north": {"uv": [0, 0, 2, 16], "rotation": 180, "texture": "#8"},
				"east": {"uv": [0, 0, 2, 16], "rotation": 180, "texture": "#8"},
				"south": {"uv": [0, 0, 2, 16], "rotation": 180, "texture": "#8"},
				"west": {"uv": [0, 0, 16, 16], "rotation": 180, "texture": "#8"},
				"up": {"uv": [0, 0, 2, 16], "rotation": 180, "texture": "#8"},
				"down": {"uv": [0, 0, 2, 16], "rotation": 180, "texture": "#8"}
			}
		},
		{
			"name": "Cube",
			"from": [0.6, 21.6, 7.4],
			"to": [1.1, 22.1, 13.1],
			"rotation": {"angle": 22.5, "axis": "x", "origin": [-70, 8, 8]},
			"faces": {
				"north": {"uv": [0, 0, 15, 15.5], "rotation": 90, "texture": "#12"},
				"east": {"uv": [0, 0, 15, 15.5], "rotation": 90, "texture": "#12"},
				"south": {"uv": [0, 0, 15, 15.5], "rotation": 90, "texture": "#12"},
				"west": {"uv": [0, 0, 15, 15.5], "rotation": 90, "texture": "#12"},
				"up": {"uv": [0, 0, 15, 15.5], "rotation": 180, "texture": "#12"},
				"down": {"uv": [0, 0, 15, 15.5], "texture": "#12"}
			}
		},
		{
			"name": "Cube",
			"from": [-0.9, 21.6, 5.1],
			"to": [-0.4, 22.1, 7.4],
			"rotation": {"angle": 22.5, "axis": "x", "origin": [-70, 8, 8]},
			"faces": {
				"north": {"uv": [0, 0, 2, 16], "rotation": 180, "texture": "#8"},
				"east": {"uv": [0, 0, 2, 16], "rotation": 180, "texture": "#8"},
				"south": {"uv": [0, 0, 2, 16], "rotation": 180, "texture": "#8"},
				"west": {"uv": [0, 0, 2, 16], "rotation": 180, "texture": "#8"},
				"up": {"uv": [0, 0, 2, 16], "rotation": 180, "texture": "#8"},
				"down": {"uv": [0, 0, 2, 16], "rotation": 180, "texture": "#8"}
			}
		},
		{
			"name": "Cube",
			"from": [0.6, 21.6, 5.1],
			"to": [1.1, 22.1, 7.4],
			"rotation": {"angle": 22.5, "axis": "x", "origin": [-70, 8, 8]},
			"faces": {
				"north": {"uv": [0, 0, 2, 16], "rotation": 180, "texture": "#8"},
				"east": {"uv": [0, 0, 2, 16], "rotation": 180, "texture": "#8"},
				"south": {"uv": [0, 0, 2, 16], "rotation": 180, "texture": "#8"},
				"west": {"uv": [0, 0, 2, 16], "rotation": 180, "texture": "#8"},
				"up": {"uv": [0, 0, 2, 16], "rotation": 180, "texture": "#8"},
				"down": {"uv": [0, 0, 2, 16], "rotation": 180, "texture": "#8"}
			}
		},
		{
			"name": "Cube",
			"from": [-0.9, 21.6, 7.4],
			"to": [-0.4, 22.1, 13.1],
			"rotation": {"angle": 22.5, "axis": "x", "origin": [-70, 8, 8]},
			"faces": {
				"north": {"uv": [0, 0, 15, 15.5], "rotation": 90, "texture": "#12"},
				"east": {"uv": [0, 0, 15, 15.5], "rotation": 90, "texture": "#12"},
				"south": {"uv": [0, 0, 15, 15.5], "rotation": 90, "texture": "#12"},
				"west": {"uv": [0, 0, 15, 15.5], "rotation": 90, "texture": "#12"},
				"up": {"uv": [0, 0, 15, 15.5], "rotation": 180, "texture": "#12"},
				"down": {"uv": [0, 0, 15, 15.5], "texture": "#12"}
			}
		},
		{
			"name": "Cube",
			"from": [0.6, 12.5, 16.4],
			"to": [1.1, 14.8, 19.8],
			"faces": {
				"north": {"uv": [0, 0, 16, 16], "rotation": 180, "texture": "#8"},
				"east": {"uv": [0, 0, 16, 16], "rotation": 180, "texture": "#8"},
				"south": {"uv": [0, 0, 2, 7], "rotation": 180, "texture": "#8"},
				"west": {"uv": [0, 0, 16, 16], "rotation": 180, "texture": "#8"},
				"up": {"uv": [0, 0, 16, 16], "rotation": 180, "texture": "#8"},
				"down": {"uv": [0, 0, 16, 16], "rotation": 180, "texture": "#8"}
			}
		},
		{
			"name": "Cube",
			"from": [-0.9, 12.5, 16.4],
			"to": [-0.4, 14.8, 19.8],
			"faces": {
				"north": {"uv": [0, 0, 16, 16], "rotation": 180, "texture": "#8"},
				"east": {"uv": [0, 0, 16, 16], "rotation": 180, "texture": "#8"},
				"south": {"uv": [0, 0, 2, 7], "rotation": 180, "texture": "#8"},
				"west": {"uv": [0, 0, 16, 16], "rotation": 180, "texture": "#8"},
				"up": {"uv": [0, 0, 16, 16], "rotation": 180, "texture": "#8"},
				"down": {"uv": [0, 0, 16, 16], "rotation": 180, "texture": "#8"}
			}
		},
		{
			"name": "Cube",
			"from": [0.6, 5.3, 16.7],
			"to": [1.1, 16.7, 17.2],
			"rotation": {"angle": 22.5, "axis": "x", "origin": [-70, 8, 8]},
			"faces": {
				"north": {"uv": [0, 0, 2, 16], "rotation": 180, "texture": "#8"},
				"east": {"uv": [0, 0, 2, 16], "rotation": 180, "texture": "#8"},
				"south": {"uv": [0, 0, 2, 16], "rotation": 180, "texture": "#8"},
				"west": {"uv": [0, 0, 2, 16], "rotation": 180, "texture": "#8"},
				"up": {"uv": [0, 0, 2, 16], "rotation": 180, "texture": "#8"},
				"down": {"uv": [0, 0, 2, 16], "rotation": 180, "texture": "#8"}
			}
		},
		{
			"name": "Cube",
			"from": [-0.9, 5.3, 16.7],
			"to": [-0.4, 16.7, 17.2],
			"rotation": {"angle": 22.5, "axis": "x", "origin": [-70, 8, 8]},
			"faces": {
				"north": {"uv": [0, 0, 2, 16], "rotation": 180, "texture": "#8"},
				"east": {"uv": [0, 0, 2, 16], "rotation": 180, "texture": "#8"},
				"south": {"uv": [0, 0, 2, 16], "rotation": 180, "texture": "#8"},
				"west": {"uv": [0, 0, 2, 16], "rotation": 180, "texture": "#8"},
				"up": {"uv": [0, 0, 2, 16], "rotation": 180, "texture": "#8"},
				"down": {"uv": [0, 0, 2, 16], "rotation": 180, "texture": "#8"}
			}
		},
		{
			"name": "Cube",
			"from": [-2.7, 24.4, 15.29997],
			"to": [3.3, 24.9, 15.79997],
			"faces": {
				"north": {"uv": [0, 0, 15, 15.5], "rotation": 90, "texture": "#11"},
				"east": {"uv": [0, 0, 15, 15.5], "rotation": 90, "texture": "#11"},
				"south": {"uv": [0, 0, 15, 15.5], "rotation": 90, "texture": "#11"},
				"west": {"uv": [0, 0, 15, 15.5], "rotation": 90, "texture": "#11"},
				"up": {"uv": [0, 0, 15, 15.5], "rotation": 270, "texture": "#11"},
				"down": {"uv": [0, 0, 15, 15.5], "rotation": 270, "texture": "#11"}
			}
		},
		{
			"name": "Cube",
			"from": [15.3, 24.4, -2.8],
			"to": [15.8, 24.9, 3.2],
			"faces": {
				"north": {"uv": [0, 0, 15, 15.5], "rotation": 90, "texture": "#11"},
				"east": {"uv": [0, 0, 15, 15.5], "rotation": 90, "texture": "#11"},
				"south": {"uv": [0, 0, 15, 15.5], "rotation": 90, "texture": "#11"},
				"west": {"uv": [0, 0, 15, 15.5], "rotation": 90, "texture": "#11"},
				"up": {"uv": [0, 0, 15, 15.5], "texture": "#11"},
				"down": {"uv": [0, 0, 15, 15.5], "rotation": 180, "texture": "#11"}
			}
		},
		{
			"name": "Cube",
			"from": [3.3, 24.4, 14.29997],
			"to": [3.8, 24.9, 15.79997],
			"faces": {
				"north": {"uv": [0, 0, 15, 15.5], "rotation": 90, "texture": "#4"},
				"east": {"uv": [0, 0, 15, 15.5], "rotation": 90, "texture": "#4"},
				"south": {"uv": [0, 0, 15, 15.5], "rotation": 90, "texture": "#4"},
				"west": {"uv": [0, 0, 15, 15.5], "rotation": 90, "texture": "#4"},
				"up": {"uv": [0, 0, 15, 15.5], "rotation": 90, "texture": "#4"},
				"down": {"uv": [0, 0, 15, 15.5], "rotation": 90, "texture": "#4"}
			}
		},
		{
			"name": "Cube",
			"from": [14.3, 24.4, 3.2],
			"to": [15.8, 24.9, 3.7],
			"faces": {
				"north": {"uv": [0, 0, 15, 15.5], "rotation": 90, "texture": "#11"},
				"east": {"uv": [0, 0, 15, 15.5], "rotation": 90, "texture": "#11"},
				"south": {"uv": [0, 0, 15, 15.5], "rotation": 90, "texture": "#11"},
				"west": {"uv": [0, 0, 15, 15.5], "rotation": 90, "texture": "#11"},
				"up": {"uv": [0, 0, 15, 15.5], "rotation": 180, "texture": "#11"},
				"down": {"uv": [0, 0, 15, 15.5], "texture": "#11"}
			}
		},
		{
			"name": "Cube",
			"from": [-0.3, 24.4, 19],
			"to": [0.2, 25.9, 19.5],
			"rotation": {"angle": -45, "axis": "y", "origin": [7.85, 21.85, 21.25]},
			"faces": {
				"north": {"uv": [0, 0, 15, 15.5], "rotation": 90, "texture": "#12"},
				"east": {"uv": [0, 0, 15, 15.5], "rotation": 90, "texture": "#12"},
				"south": {"uv": [0, 0, 15, 15.5], "rotation": 90, "texture": "#12"},
				"west": {"uv": [0, 0, 15, 15.5], "rotation": 90, "texture": "#12"},
				"up": {"uv": [0, 0, 15, 15.5], "rotation": 180, "texture": "#12"},
				"down": {"uv": [0, 0, 15, 15.5], "texture": "#12"}
			}
		},
		{
			"name": "Cube",
			"from": [-0.3, 24.4, 4],
			"to": [0.2, 25.9, 4.5],
			"rotation": {"angle": -45, "axis": "y", "origin": [7.85, 21.85, 21.25]},
			"faces": {
				"north": {"uv": [0, 0, 15, 15.5], "rotation": 90, "texture": "#12"},
				"east": {"uv": [0, 0, 15, 15.5], "rotation": 90, "texture": "#12"},
				"south": {"uv": [0, 0, 15, 15.5], "rotation": 90, "texture": "#12"},
				"west": {"uv": [0, 0, 15, 15.5], "rotation": 90, "texture": "#12"},
				"up": {"uv": [0, 0, 15, 15.5], "rotation": 180, "texture": "#12"},
				"down": {"uv": [0, 0, 15, 15.5], "texture": "#12"}
			}
		},
		{
			"name": "Cube",
			"from": [-0.3, 25.4, 4.5],
			"to": [0.2, 25.9, 19],
			"rotation": {"angle": -45, "axis": "y", "origin": [7.85, 21.85, 21.25]},
			"faces": {
				"north": {"uv": [0, 0, 15, 15.5], "rotation": 90, "texture": "#12"},
				"east": {"uv": [0, 0, 15, 15.5], "rotation": 90, "texture": "#12"},
				"south": {"uv": [0, 0, 15, 15.5], "rotation": 90, "texture": "#12"},
				"west": {"uv": [0, 0, 15, 15.5], "rotation": 90, "texture": "#12"},
				"up": {"uv": [0, 0, 15, 15.5], "rotation": 180, "texture": "#12"},
				"down": {"uv": [0, 0, 15, 15.5], "texture": "#12"}
			}
		},
		{
			"name": "Cube",
			"from": [6.3, 15.97535, 16.25128],
			"to": [15.2, 17.77535, 18.85128],
			"rotation": {"angle": 45, "axis": "y", "origin": [5.8, 18.42535, 12.75128]},
			"faces": {
				"north": {"uv": [7.25, 12.3125, 8.375, 13.25], "rotation": 180, "texture": "#13"},
				"east": {"uv": [7.25, 12.3125, 8.375, 13.25], "texture": "#13"},
				"south": {"uv": [7.25, 12.3125, 8.375, 13.25], "rotation": 180, "texture": "#13"},
				"west": {"uv": [7.25, 12.3125, 8.375, 13.25], "texture": "#13"},
				"up": {"uv": [5.1875, 6.15625, 10.58854, 7.21875], "texture": "#13"},
				"down": {"uv": [7.25, 12.3125, 8.375, 13.25], "texture": "#13"}
			}
		},
		{
			"name": "Cube",
			"from": [0.3, 15.97535, 7.95128],
			"to": [21.2, 17.77535, 16.25128],
			"rotation": {"angle": 45, "axis": "y", "origin": [5.8, 18.42535, 12.75128]},
			"faces": {
				"north": {"uv": [7.25, 12.3125, 8.375, 13.25], "rotation": 180, "texture": "#13"},
				"east": {"uv": [7.25, 12.3125, 8.375, 13.25], "texture": "#13"},
				"south": {"uv": [7.25, 12.3125, 8.375, 13.25], "rotation": 180, "texture": "#13"},
				"west": {"uv": [7.25, 12.3125, 8.375, 13.25], "texture": "#13"},
				"up": {"uv": [1.34375, 1.40625, 14.43492, 6.09375], "texture": "#13"},
				"down": {"uv": [7.25, 12.3125, 8.375, 13.25], "texture": "#13"}
			}
		},
		{
			"name": "Cube",
			"from": [4.2, 15.97535, 14.95128],
			"to": [10.9, 17.17535, 17.55128],
			"faces": {
				"north": {"uv": [7.25, 12.3125, 8.375, 13.25], "rotation": 180, "texture": "#13"},
				"east": {"uv": [7.25, 12.3125, 8.375, 13.25], "texture": "#13"},
				"south": {"uv": [7.25, 12.3125, 8.375, 13.25], "rotation": 180, "texture": "#13"},
				"west": {"uv": [7.25, 12.3125, 8.375, 13.25], "texture": "#13"},
				"up": {"uv": [4.1875, 5.375, 6.46459, 7.34375], "texture": "#13"},
				"down": {"uv": [7.25, 12.3125, 8.375, 13.25], "texture": "#13"}
			}
		},
		{
			"name": "Cube",
			"from": [15, 15.97535, 3.65128],
			"to": [17.6, 17.17535, 10.35128],
			"faces": {
				"north": {"uv": [7.25, 12.3125, 8.375, 13.25], "texture": "#13"},
				"east": {"uv": [7.25, 12.3125, 8.375, 13.25], "rotation": 180, "texture": "#13"},
				"south": {"uv": [7.25, 12.3125, 8.375, 13.25], "texture": "#13"},
				"west": {"uv": [7.25, 12.3125, 8.375, 13.25], "rotation": 180, "texture": "#13"},
				"up": {"uv": [4.1875, 5.375, 6.46459, 7.34375], "rotation": 270, "texture": "#13"},
				"down": {"uv": [7.25, 12.3125, 8.375, 13.25], "rotation": 90, "texture": "#13"}
			}
		},
		{
			"name": "Cube",
			"from": [6.3, 15.97535, 16.25128],
			"to": [15.2, 17.77535, 18.85128],
			"rotation": {"angle": 45, "axis": "y", "origin": [5.8, 18.42535, 12.75128]},
			"faces": {
				"north": {"uv": [7.25, 12.3125, 8.375, 13.25], "rotation": 180, "texture": "#13"},
				"east": {"uv": [7.25, 12.3125, 8.375, 13.25], "texture": "#13"},
				"south": {"uv": [7.25, 12.3125, 8.375, 13.25], "rotation": 180, "texture": "#13"},
				"west": {"uv": [7.25, 12.3125, 8.375, 13.25], "texture": "#13"},
				"up": {"uv": [5.1875, 6.15625, 10.58854, 7.21875], "texture": "#13"},
				"down": {"uv": [7.25, 12.3125, 8.375, 13.25], "texture": "#13"}
			}
		},
		{
			"name": "Cube",
			"from": [1.5, 24.1, -8],
			"to": [8, 26.4, 2],
			"faces": {
				"north": {"uv": [0, 0, 16, 16], "texture": "#4"},
				"east": {"uv": [0, 0, 16, 16], "texture": "#4"},
				"south": {"uv": [0, 0, 16, 16], "texture": "#4"},
				"west": {"uv": [0, 0, 16, 16], "texture": "#4"},
				"up": {"uv": [0, 0, 16, 16], "rotation": 90, "texture": "#4"},
				"down": {"uv": [0, 0, 16, 16], "texture": "#4"}
			}
		},
		{
			"from": [17.5, 15.2, -8],
			"to": [19.5, 17.2, 10.4],
			"faces": {
				"north": {"uv": [0, 0, 16, 2], "texture": "#10"},
				"east": {"uv": [0, 0, 16, 2], "texture": "#10"},
				"south": {"uv": [0, 0, 16, 2], "texture": "#10"},
				"west": {"uv": [0, 0, 16, 2], "texture": "#10"},
				"up": {"uv": [0, 0, 16, 2], "texture": "#10"},
				"down": {"uv": [0, 0, 16, 2], "texture": "#10"}
			}
		},
		{
			"from": [-8, 15.2, 17.5],
			"to": [10.4, 17.2, 19.5],
			"faces": {
				"north": {"uv": [0, 0, 2, 16], "rotation": 270, "texture": "#10"},
				"east": {"uv": [0, 0, 2, 16], "rotation": 270, "texture": "#10"},
				"south": {"uv": [0, 0, 2, 16], "rotation": 270, "texture": "#10"},
				"west": {"uv": [0, 0, 2, 16], "rotation": 270, "texture": "#10"},
				"up": {"uv": [0, 0, 2, 16], "rotation": 270, "texture": "#10"},
				"down": {"uv": [0, 0, 2, 16], "rotation": 270, "texture": "#10"}
			}
		},
		{
			"from": [1.6, 15.2, 15.9],
			"to": [14.4, 17.2, 17.9],
			"rotation": {"angle": 45, "axis": "y", "origin": [8, 10.7, 8]},
			"faces": {
				"north": {"uv": [0, 0, 2, 16], "rotation": 270, "texture": "#10"},
				"east": {"uv": [0, 0, 2, 16], "rotation": 270, "texture": "#10"},
				"south": {"uv": [0, 0, 2, 16], "rotation": 270, "texture": "#10"},
				"west": {"uv": [0, 0, 2, 16], "rotation": 270, "texture": "#10"},
				"up": {"uv": [0, 0, 2, 16], "rotation": 270, "texture": "#10"},
				"down": {"uv": [0, 0, 2, 16], "rotation": 270, "texture": "#10"}
			}
		},
		{
			"from": [3.3, 16.6, 6],
			"to": [4, 18.2, 16.6],
			"rotation": {"angle": 22.5, "axis": "y", "origin": [8, 8, 8]},
			"faces": {
				"north": {"uv": [0, 0, 16, 16], "texture": "#9"},
				"east": {"uv": [0, 0, 16, 16], "texture": "#9"},
				"south": {"uv": [0, 0, 16, 16], "texture": "#9"},
				"west": {"uv": [0, 0, 16, 16], "texture": "#9"},
				"up": {"uv": [0, 0, 16, 16], "texture": "#9"},
				"down": {"uv": [0, 0, 16, 16], "texture": "#9"}
			}
		},
		{
			"from": [5.2, 16.5, 11.3],
			"to": [10.8, 18, 12],
			"rotation": {"angle": -22.5, "axis": "y", "origin": [8, 8, 8]},
			"faces": {
				"north": {"uv": [0, 0, 16, 16], "rotation": 90, "texture": "#10"},
				"east": {"uv": [0, 0, 16, 16], "rotation": 90, "texture": "#10"},
				"south": {"uv": [0, 0, 16, 16], "rotation": 90, "texture": "#10"},
				"west": {"uv": [0, 0, 16, 16], "rotation": 90, "texture": "#10"},
				"up": {"uv": [0, 0, 16, 16], "rotation": 90, "texture": "#10"},
				"down": {"uv": [0, 0, 16, 16], "rotation": 90, "texture": "#10"}
			}
		},
		{
			"from": [6.2, 16.5, 3.3],
			"to": [16.8, 18.1, 4],
			"rotation": {"angle": -22.5, "axis": "y", "origin": [8, 8, 8]},
			"faces": {
				"north": {"uv": [0, 0, 16, 16], "texture": "#9"},
				"east": {"uv": [0, 0, 16, 16], "texture": "#9"},
				"south": {"uv": [0, 0, 16, 16], "texture": "#9"},
				"west": {"uv": [0, 0, 16, 16], "texture": "#9"},
				"up": {"uv": [0, 0, 16, 16], "rotation": 90, "texture": "#9"},
				"down": {"uv": [0, 0, 16, 16], "rotation": 270, "texture": "#9"}
			}
		},
		{
			"from": [11, 16.5, 5.2],
			"to": [11.7, 18, 10.8],
			"rotation": {"angle": 22.5, "axis": "y", "origin": [8, 8, 8]},
			"faces": {
				"north": {"uv": [0, 0, 16, 16], "rotation": 90, "texture": "#10"},
				"east": {"uv": [0, 0, 16, 16], "rotation": 90, "texture": "#10"},
				"south": {"uv": [0, 0, 16, 16], "rotation": 90, "texture": "#10"},
				"west": {"uv": [0, 0, 16, 16], "rotation": 90, "texture": "#10"},
				"up": {"uv": [0, 0, 16, 16], "rotation": 180, "texture": "#10"},
				"down": {"uv": [0, 0, 16, 16], "texture": "#10"}
			}
		},
		{
			"from": [5.3, 16.5, 11.6],
			"to": [6, 18, 16.1],
			"rotation": {"angle": 45, "axis": "y", "origin": [8, 8, 8]},
			"faces": {
				"north": {"uv": [0, 0, 16, 16], "rotation": 90, "texture": "#10"},
				"east": {"uv": [0, 0, 16, 16], "rotation": 90, "texture": "#10"},
				"south": {"uv": [0, 0, 16, 16], "rotation": 90, "texture": "#10"},
				"west": {"uv": [0, 0, 16, 16], "rotation": 90, "texture": "#10"},
				"up": {"uv": [0, 0, 16, 16], "rotation": 180, "texture": "#10"},
				"down": {"uv": [0, 0, 16, 16], "texture": "#10"}
			}
		},
		{
			"from": [9.7, 16.5, 11.6],
			"to": [10.4, 18, 16.1],
			"rotation": {"angle": 45, "axis": "y", "origin": [8, 8, 8]},
			"faces": {
				"north": {"uv": [0, 0, 16, 16], "rotation": 90, "texture": "#10"},
				"east": {"uv": [0, 0, 16, 16], "rotation": 90, "texture": "#10"},
				"south": {"uv": [0, 0, 16, 16], "rotation": 90, "texture": "#10"},
				"west": {"uv": [0, 0, 16, 16], "rotation": 90, "texture": "#10"},
				"up": {"uv": [0, 0, 16, 16], "rotation": 180, "texture": "#10"},
				"down": {"uv": [0, 0, 16, 16], "texture": "#10"}
			}
		},
		{
			"from": [10.8, 16.5, 7.7],
			"to": [12, 18.4, 8.9],
			"rotation": {"angle": -45, "axis": "y", "origin": [8, 8, 8]},
			"faces": {
				"north": {"uv": [0, 0, 16, 16], "texture": "#9"},
				"east": {"uv": [0, 0, 16, 16], "texture": "#9"},
				"south": {"uv": [0, 0, 16, 16], "texture": "#9"},
				"west": {"uv": [0, 0, 16, 16], "texture": "#9"},
				"up": {"uv": [0, 0, 16, 16], "rotation": 90, "texture": "#9"},
				"down": {"uv": [0, 0, 16, 16], "rotation": 270, "texture": "#9"}
			}
		},
		{
			"from": [12, 16.5, 7.9],
			"to": [14.9, 17.9, 8.2],
			"rotation": {"angle": -45, "axis": "y", "origin": [8, 8, 8]},
			"faces": {
				"north": {"uv": [0, 0, 16, 16], "texture": "#9"},
				"east": {"uv": [0, 0, 16, 16], "texture": "#9"},
				"south": {"uv": [0, 0, 16, 16], "texture": "#9"},
				"west": {"uv": [0, 0, 16, 16], "texture": "#9"},
				"up": {"uv": [0, 0, 16, 16], "rotation": 90, "texture": "#9"},
				"down": {"uv": [0, 0, 16, 16], "rotation": 270, "texture": "#9"}
			}
		},
		{
			"from": [13.1, 16.5, 7.7],
			"to": [16, 18, 8.4],
			"rotation": {"angle": -45, "axis": "y", "origin": [8, 8, 8]},
			"faces": {
				"north": {"uv": [0, 0, 16, 16], "texture": "#9"},
				"east": {"uv": [0, 0, 16, 16], "texture": "#9"},
				"south": {"uv": [0, 0, 16, 16], "texture": "#9"},
				"west": {"uv": [0, 0, 16, 16], "texture": "#9"},
				"up": {"uv": [0, 0, 16, 16], "rotation": 90, "texture": "#9"},
				"down": {"uv": [0, 0, 16, 16], "rotation": 270, "texture": "#9"}
			}
		},
		{
			"from": [12, 16.5, 6.6],
			"to": [14.9, 17.9, 6.9],
			"rotation": {"angle": -45, "axis": "y", "origin": [8, 8, 8]},
			"faces": {
				"north": {"uv": [0, 0, 16, 16], "texture": "#9"},
				"east": {"uv": [0, 0, 16, 16], "texture": "#9"},
				"south": {"uv": [0, 0, 16, 16], "texture": "#9"},
				"west": {"uv": [0, 0, 16, 16], "texture": "#9"},
				"up": {"uv": [0, 0, 16, 16], "rotation": 90, "texture": "#9"},
				"down": {"uv": [0, 0, 16, 16], "rotation": 270, "texture": "#9"}
			}
		},
		{
			"from": [13.1, 16.5, 6.4],
			"to": [16, 18, 7.1],
			"rotation": {"angle": -45, "axis": "y", "origin": [8, 8, 8]},
			"faces": {
				"north": {"uv": [0, 0, 16, 16], "texture": "#9"},
				"east": {"uv": [0, 0, 16, 16], "texture": "#9"},
				"south": {"uv": [0, 0, 16, 16], "texture": "#9"},
				"west": {"uv": [0, 0, 16, 16], "texture": "#9"},
				"up": {"uv": [0, 0, 16, 16], "rotation": 90, "texture": "#9"},
				"down": {"uv": [0, 0, 16, 16], "rotation": 270, "texture": "#9"}
			}
		},
		{
			"from": [8, 16.5, 11.7],
			"to": [9.4, 17.9, 12],
			"rotation": {"angle": 45, "axis": "y", "origin": [8, 8, 8]},
			"faces": {
				"north": {"uv": [0, 0, 16, 16], "texture": "#9"},
				"east": {"uv": [0, 0, 16, 16], "texture": "#9"},
				"south": {"uv": [0, 0, 16, 16], "texture": "#9"},
				"west": {"uv": [0, 0, 16, 16], "texture": "#9"},
				"up": {"uv": [0, 0, 16, 16], "rotation": 90, "texture": "#9"},
				"down": {"uv": [0, 0, 16, 16], "rotation": 270, "texture": "#9"}
			}
		},
		{
			"from": [8.6, 16.5, 8.2],
			"to": [8.9, 17.9, 11.1],
			"rotation": {"angle": 22.5, "axis": "y", "origin": [8, 8, 8]},
			"faces": {
				"north": {"uv": [0, 0, 16, 16], "texture": "#9"},
				"east": {"uv": [0, 0, 16, 16], "texture": "#9"},
				"south": {"uv": [0, 0, 16, 16], "texture": "#9"},
				"west": {"uv": [0, 0, 16, 16], "texture": "#9"},
				"up": {"uv": [0, 0, 16, 16], "rotation": 180, "texture": "#9"},
				"down": {"uv": [0, 0, 16, 16], "rotation": 180, "texture": "#9"}
			}
		},
		{
			"from": [5.3, 16.5, 7.2],
			"to": [10.7, 18.3, 8.6],
			"rotation": {"angle": 45, "axis": "y", "origin": [8, 8, 8]},
			"faces": {
				"north": {"uv": [0, 0, 16, 16], "texture": "#9"},
				"east": {"uv": [0, 0, 16, 16], "texture": "#9"},
				"south": {"uv": [0, 0, 16, 16], "texture": "#9"},
				"west": {"uv": [0, 0, 16, 16], "texture": "#9"},
				"up": {"uv": [0, 0, 16, 16], "rotation": 90, "texture": "#9"},
				"down": {"uv": [0, 0, 16, 16], "rotation": 270, "texture": "#9"}
			}
		}
	],
	"display": {
		"gui": {
			"rotation": [45, 45, 0],
			"translation": [0, 0, 0],
			"scale": [0.5, 0.5, 0.5]
		}
	},
	"groups": [
		{
			"name": "green_glazed_terracotta",
			"children": [0, 1, 2, 3, 4, 5, 6, 7, 8, 9, 10, 11, 12, 13, 14, 15, 16, 17, 18, 19, 20, 21, 22, 23, 24, 25, 26, 27, 28, 29, 30, 31, 32, 33, 34, 35, 36, 37, 38, 39, 40, 41, 42, 43, 44, 45, 46, 47, 48, 49, 50, 51, 52, 53, 54, 55, 56, 57, 58, 59, 60, 61, 62, 63, 64, 65, 66, 67, 68, 69, 70, 71, 72, 73, 74]
		}, 75, 76, 77, 78, 79, 80, 81, 82, 83, 84, 85, 86, 87, 88, 89, 90, 91, 92]
}